,썉쫜蛋쟘킽牟,썒糠溝,썯畺쟠,썯畺構,,죃촋,줮쵓쐏쮕,쮅퀛퀉,,薨쨤ぞ,첊,첲搔鳧,첲썯襁쟤超,첲썯介薨,쵔좾,쵔찕컠왠,
0,,1998,,,2012,쮢쏮 晝,"2,060",썭,1,10,1,37.755,,,510,42800,12
1,,1998,,,2012,쮢쏮 晝,"2,060",썭,1,0,1,37.755,,,510,42800,5
2,,1998,,,2012,쮢쏮 晝,"3,000",썭,1,15,3,59.4,,,510,42800,11
3,,1989,,,2012,쮢쏮 쟕,"1,000",弑,1,11,30,29.79,,,1,42800,4
4,,1989,,,2012,쮢쏮 쟕,300,弑,1,21,31,29.79,,,1,42800,5
5,,2010,,,2012,쮢쏮 촋쒖,"6,500",쮢쏮쨡좗젏얭퀛콜,1,19,16,84.9,,,436,42800,3
6,,2010,,,2012,쮢쏮 촋쒖,"6,500",쮢쏮쨡좗젏얭퀛콜,1,19,16,84.9,,,436,42800,8
7,,2010,,,2012,쮢쏮 촋쒖,"8,400",쮢쏮쨡좗젏얭퀛콜,1,0,19,84.9,,,436,42800,7
0,,1998,,,2012,쮢쏮 晝,"2,000",썭,2,0,20,37.755,,,510,42800,13
1,,1998,,,2012,쮢쏮 晝,"2,000",썭,2,0,27,37.755,,,510,42800,2
2,,1989,,,2012,쮢쏮 쟕,500,弑,2,19,1,29.79,,,1,42800,3
3,,1989,,,2012,쮢쏮 쟕,"1,000",弑,2,11,6,29.79,,,1,42800,4
4,,1989,,,2012,쮢쏮 쟕,"2,400",弑,2,6,9,48.51,,,1,42800,2
5,,1995,,,2012,쮢쏮 쟕,"5,000",첊쟙쐉쟗,2,0,9,84.78,,,1-5,42800,9
6,,1989,,,2012,쮢쏮 쟕,"1,200",弑,2,9,23,29.79,,,1,42800,5
7,,2010,,,2012,쮢쏮 촋쒖,"7,600",쮢쏮쨡좗젏얭퀛콜,2,0,9,77.12,,,436,42800,9
0,,1998,,,2012,쮢쏮 晝,"2,000",썭,3,10,14,37.755,,,510,42800,4
1,,1989,,,2012,쮢쏮 쟕,"2,200",弑,3,0,15,29.79,,,1,42800,1
0,,1998,,,2012,쮢쏮 晝,"2,000",썭,4,25,17,59.4,,,510,42800,8
1,,1989,,,2012,쮢쏮 쟕,300,弑,4,21,5,29.79,,,1,42800,2
2,,1989,,,2012,쮢쏮 쟕,"2,200",弑,4,10,17,48.51,,,1,42800,1
3,,1989,,,2012,쮢쏮 쟕,"1,600",弑,4,13,23,48.51,,,1,42800,2
4,,2010,,,2012,쮢쏮 촋쒖,"7,600",쮢쏮쨡좗젏얭퀛콜,4,0,6,77.12,,,436,42800,5
5,,2010,,,2012,쮢쏮 촋쒖,"7,300",쮢쏮쨡좗젏얭퀛콜,4,0,16,77.12,,,436,42800,2
6,,2010,,,2012,쮢쏮 촋쒖,"7,600",쮢쏮쨡좗젏얭퀛콜,4,0,21,77.12,,,436,42800,3
0,,1989,,,2012,쮢쏮 쟕,300,弑,5,21,21,29.79,,,1,42800,3
1,,1989,,,2012,쮢쏮 쟕,"2,200",弑,5,0,30,29.79,,,1,42800,3
2,,2010,,,2012,쮢쏮 촋쒖,"8,400",쮢쏮쨡좗젏얭퀛콜,5,0,23,84.9,,,436,42800,6
0,,1998,,,2012,쮢쏮 晝,"2,000",썭,6,10,12,37.755,,,510,42800,12
1,,1998,,,2012,쮢쏮 晝,"3,000",썭,6,15,28,59.4,,,510,42800,6
2,,1989,,,2012,쮢쏮 쟕,500,弑,6,27,1,48.51,,,1,42800,5
3,,2010,,,2012,쮢쏮 촋쒖,"7,000",쮢쏮쨡좗젏얭퀛콜,6,0,14,77.12,,,436,42800,1
0,,1989,,,2012,쮢쏮 쟕,300,弑,7,21,13,29.79,,,1,42800,3
0,,1998,,,2012,쮢쏮 晝,"2,000",썭,8,10,1,37.755,,,510,42800,11
1,,1989,,,2012,쮢쏮 쟕,"1,900",弑,8,11,4,48.51,,,1,42800,3
2,,1989,,,2012,쮢쏮 쟕,"2,100",弑,8,0,6,29.79,,,1,42800,2
3,,1989,,,2012,쮢쏮 쟕,"3,200",弑,8,0,14,48.51,,,1,42800,4
4,,1989,,,2012,쮢쏮 쟕,"1,000",弑,8,20,17,48.51,,,1,42800,1
5,,1992,,,2012,쮢쏮 촋쒖,"5,000",쮢쏮줮좯,8,0,22,53.91,,,177,42800,3
6,,2010,,,2012,쮢쏮 촋쒖,"8,000",쮢쏮쨡좗젏얭퀛콜,8,0,27,84.9,,,436,42800,1
0,,1998,,,2012,쮢쏮 晝,"2,000",썭,9,10,4,37.755,,,510,42800,3
1,,1989,,,2012,쮢쏮 쟕,"1,000",弑,9,20,4,48.51,,,1,42800,5
2,,1989,,,2012,쮢쏮 쟕,500,弑,9,27,24,48.51,,,1,42800,2
3,,2010,,,2012,쮢쏮 촋쒖,"3,000",쮢쏮쨡좗젏얭퀛콜,9,50,19,84.9,,,436,42800,6
4,,2010,,,2012,쮢쏮 촋쒖,"8,400",쮢쏮쨡좗젏얭퀛콜,9,0,19,84.9,,,436,42800,3
5,,1992,,,2012,쮢쏮 촋쒖,"5,000",쮢쏮줮좯,9,0,21,53.91,,,177,42800,1
6,,2010,,,2012,쮢쏮 촋쒖,"7,600",쮢쏮쨡좗젏얭퀛콜,9,0,26,77.12,,,436,42800,7
0,,1998,,,2012,쮢쏮 晝,"2,000",썭,10,10,12,37.755,,,510,42800,13
1,,1998,,,2012,쮢쏮 晝,"2,000",썭,10,0,12,37.755,,,510,42800,7
2,,1998,,,2012,쮢쏮 晝,500,썭,10,35,27,37.755,,,510,42800,6
3,,1989,,,2012,쮢쏮 쟕,"1,000",弑,10,14,30,29.79,,,1,42800,3
4,,2010,,,2012,쮢쏮 촋쒖,"5,700",쮢쏮쨡좗젏얭퀛콜,10,16,12,77.12,,,436,42800,1
5,,2010,,,2012,쮢쏮 촋쒖,"7,860",쮢쏮쨡좗젏얭퀛콜,10,0,17,77.12,,,436,42800,10
6,,2010,,,2012,쮢쏮 촋쒖,"7,860",쮢쏮쨡좗젏얭퀛콜,10,0,22,77.12,,,436,42800,5
7,,2010,,,2012,쮢쏮 촋쒖,"8,690",쮢쏮쨡좗젏얭퀛콜,10,0,23,84.9,,,436,42800,3
8,,2010,,,2012,쮢쏮 촋쒖,"8,690",쮢쏮쨡좗젏얭퀛콜,10,0,23,84.9,,,436,42800,3
9,,2010,,,2012,쮢쏮 촋쒖,"7,060",쮢쏮쨡좗젏얭퀛콜,10,0,25,77.12,,,436,42800,1
10,,2010,,,2012,쮢쏮 촋쒖,"7,860",쮢쏮쨡좗젏얭퀛콜,10,0,26,77.12,,,436,42800,4
11,,2010,,,2012,쮢쏮 촋쒖,"7,860",쮢쏮쨡좗젏얭퀛콜,10,0,29,77.12,,,436,42800,9
12,,2010,,,2012,쮢쏮 촋쒖,"8,690",쮢쏮쨡좗젏얭퀛콜,10,0,29,84.9,,,436,42800,4
13,,2010,,,2012,쮢쏮 촋쒖,"7,860",쮢쏮쨡좗젏얭퀛콜,10,0,29,77.12,,,436,42800,6
14,,2010,,,2012,쮢쏮 촋쒖,"7,860",쮢쏮쨡좗젏얭퀛콜,10,0,29,77.12,,,436,42800,5
15,,2010,,,2012,쮢쏮 촋쒖,"7,860",쮢쏮쨡좗젏얭퀛콜,10,0,29,77.12,,,436,42800,4
16,,2010,,,2012,쮢쏮 촋쒖,"8,690",쮢쏮쨡좗젏얭퀛콜,10,0,29,84.9,,,436,42800,5
17,,2010,,,2012,쮢쏮 촋쒖,"7,549",쮢쏮쨡좗젏얭퀛콜,10,0,29,77.12,,,436,42800,2
18,,2010,,,2012,쮢쏮 촋쒖,"8,690",쮢쏮쨡좗젏얭퀛콜,10,0,29,84.9,,,436,42800,3
19,,2010,,,2012,쮢쏮 촋쒖,"7,860",쮢쏮쨡좗젏얭퀛콜,10,0,29,77.12,,,436,42800,3
20,,2010,,,2012,쮢쏮 촋쒖,"8,690",쮢쏮쨡좗젏얭퀛콜,10,0,29,84.9,,,436,42800,2
21,,2010,,,2012,쮢쏮 촋쒖,"8,690",쮢쏮쨡좗젏얭퀛콜,10,0,29,84.9,,,436,42800,4
22,,2010,,,2012,쮢쏮 촋쒖,"8,690",쮢쏮쨡좗젏얭퀛콜,10,0,29,84.9,,,436,42800,5
23,,2010,,,2012,쮢쏮 촋쒖,"8,690",쮢쏮쨡좗젏얭퀛콜,10,0,29,84.9,,,436,42800,10
24,,2010,,,2012,쮢쏮 촋쒖,"6,100",쮢쏮쨡좗젏얭퀛콜,10,17,29,77.12,,,436,42800,3
25,,2010,,,2012,쮢쏮 촋쒖,"7,860",쮢쏮쨡좗젏얭퀛콜,10,0,29,77.12,,,436,42800,6
26,,2010,,,2012,쮢쏮 촋쒖,"7,860",쮢쏮쨡좗젏얭퀛콜,10,0,29,77.12,,,436,42800,3
27,,2010,,,2012,쮢쏮 촋쒖,"8,690",쮢쏮쨡좗젏얭퀛콜,10,0,29,84.9,,,436,42800,3
28,,2010,,,2012,쮢쏮 촋쒖,"8,690",쮢쏮쨡좗젏얭퀛콜,10,0,29,84.9,,,436,42800,9
29,,2010,,,2012,쮢쏮 촋쒖,"8,690",쮢쏮쨡좗젏얭퀛콜,10,0,29,84.9,,,436,42800,3
30,,2010,,,2012,쮢쏮 촋쒖,"8,690",쮢쏮쨡좗젏얭퀛콜,10,0,29,84.9,,,436,42800,5
31,,2010,,,2012,쮢쏮 촋쒖,"7,860",쮢쏮쨡좗젏얭퀛콜,10,0,30,77.12,,,436,42800,5
32,,2010,,,2012,쮢쏮 촋쒖,"7,860",쮢쏮쨡좗젏얭퀛콜,10,0,30,77.12,,,436,42800,2
33,,2010,,,2012,쮢쏮 촋쒖,"7,860",쮢쏮쨡좗젏얭퀛콜,10,0,30,77.12,,,436,42800,9
34,,2010,,,2012,쮢쏮 촋쒖,"8,690",쮢쏮쨡좗젏얭퀛콜,10,0,30,84.9,,,436,42800,7
35,,2010,,,2012,쮢쏮 촋쒖,"7,340",쮢쏮쨡좗젏얭퀛콜,10,0,30,77.12,,,436,42800,1
36,,2010,,,2012,쮢쏮 촋쒖,"6,720",쮢쏮쨡좗젏얭퀛콜,10,0,30,84.9,,,436,42800,8
37,,2010,,,2012,쮢쏮 촋쒖,"8,690",쮢쏮쨡좗젏얭퀛콜,10,0,30,84.9,,,436,42800,8
38,,2010,,,2012,쮢쏮 촋쒖,"7,260",쮢쏮쨡좗젏얭퀛콜,10,0,31,77.12,,,436,42800,1
39,,2010,,,2012,쮢쏮 촋쒖,"7,860",쮢쏮쨡좗젏얭퀛콜,10,0,31,77.12,,,436,42800,6
40,,2010,,,2012,쮢쏮 촋쒖,"8,400",쮢쏮쨡좗젏얭퀛콜,10,0,31,84.9,,,436,42800,10
41,,2010,,,2012,쮢쏮 촋쒖,"6,720",쮢쏮쨡좗젏얭퀛콜,10,0,31,84.9,,,436,42800,7
42,,2010,,,2012,쮢쏮 촋쒖,"7,860",쮢쏮쨡좗젏얭퀛콜,10,0,31,77.12,,,436,42800,8
43,,2010,,,2012,쮢쏮 촋쒖,"8,690",쮢쏮쨡좗젏얭퀛콜,10,0,31,84.9,,,436,42800,9
44,,2010,,,2012,쮢쏮 촋쒖,"8,690",쮢쏮쨡좗젏얭퀛콜,10,0,31,84.9,,,436,42800,8
45,,2010,,,2012,쮢쏮 촋쒖,"8,690",쮢쏮쨡좗젏얭퀛콜,10,0,31,84.9,,,436,42800,9
46,,2010,,,2012,쮢쏮 촋쒖,"7,860",쮢쏮쨡좗젏얭퀛콜,10,0,31,77.12,,,436,42800,2
0,,1989,,,2012,쮢쏮 쟕,700,弑,11,12,19,29.79,,,1,42800,1
1,,1989,,,2012,쮢쏮 쟕,800,弑,11,13,25,29.79,,,1,42800,3
2,,2010,,,2012,쮢쏮 촋쒖,"8,690",쮢쏮쨡좗젏얭퀛콜,11,0,2,84.9,,,436,42800,4
3,,2010,,,2012,쮢쏮 촋쒖,"8,690",쮢쏮쨡좗젏얭퀛콜,11,0,3,84.9,,,436,42800,9
4,,2010,,,2012,쮢쏮 촋쒖,"7,860",쮢쏮쨡좗젏얭퀛콜,11,0,3,77.12,,,436,42800,5
5,,2010,,,2012,쮢쏮 촋쒖,"7,860",쮢쏮쨡좗젏얭퀛콜,11,0,5,77.12,,,436,42800,10
6,,2010,,,2012,쮢쏮 촋쒖,"8,290",쮢쏮쨡좗젏얭퀛콜,11,0,23,84.9,,,436,42800,1
0,,1998,,,2012,쮢쏮 晝,"2,000",썭,12,10,21,37.755,,,510,42800,1
1,,1998,,,2012,쮢쏮 晝,"3,000",썭,12,15,21,59.4,,,510,42800,10
2,,1998,,,2012,쮢쏮 晝,"3,000",썭,12,15,21,59.4,,,510,42800,7
3,,2004,,,2012,쮢쏮 晝,"7,000",큉좗첞,12,0,23,84.4862,,,559,42800,8
4,,1998,,,2012,쮢쏮 晝,"2,060",썭,12,10,31,37.755,,,510,42800,4
5,,1989,,,2012,쮢쏮 쟕,"1,000",弑,12,22,1,48.51,,,1,42800,2
6,,2010,,,2012,쮢쏮 촋쒖,"8,290",쮢쏮쨡좗젏얭퀛콜,12,0,21,84.9,,,436,42800,1
7,,2010,,,2012,쮢쏮 촋쒖,"8,690",쮢쏮쨡좗젏얭퀛콜,12,0,26,84.9,,,436,42800,7
8,,2010,,,2012,쮢쏮 촋쒖,"7,860",쮢쏮쨡좗젏얭퀛콜,12,0,27,77.12,,,436,42800,5
0,,1989,,,2013,쮢쏮 쟕,"1,000",弑,1,22,1,48.51,,,1,42800,4
1,,1989,,,2013,쮢쏮 쟕,"1,100",弑,1,13,16,29.79,,,1,42800,5
2,,2010,,,2013,쮢쏮 촋쒖,"8,690",쮢쏮쨡좗젏얭퀛콜,1,0,2,84.9,,,436,42800,6
0,,1998,,,2013,쮢쏮 晝,"2,160",썭,2,10,14,37.755,,,510,42800,12
1,,1998,,,2013,쮢쏮 晝,"2,160",썭,2,9,20,37.755,,,510,42800,5
2,,1998,,,2013,쮢쏮 晝,"2,000",썭,2,10,28,37.755,,,510,42800,12
3,,1995,,,2013,쮢쏮 쟕,500,첊쟙쐉쟗,2,30,1,57.825,,,1-5,42800,10
4,,1995,,,2013,쮢쏮 쟕,"3,500",첊쟙쐉쟗,2,15,19,84.78,,,1-5,42800,9
5,,1989,,,2013,쮢쏮 쟕,"1,400",弑,2,10,28,29.79,,,1,42800,3
6,,2010,,,2013,쮢쏮 촋쒖,"8,690",쮢쏮쨡좗젏얭퀛콜,2,0,16,84.9,,,436,42800,9
0,,1998,,,2013,쮢쏮 晝,"4,000",썭,3,0,9,59.4,,,510,42800,10
1,,2010,,,2013,쮢쏮 촋쒖,"7,860",쮢쏮쨡좗젏얭퀛콜,3,0,15,77.12,,,436,42800,6
2,,2010,,,2013,쮢쏮 촋쒖,"7,000",쮢쏮쨡좗젏얭퀛콜,3,0,22,77.12,,,436,42800,1
0,,2013,,,2013,쮢쏮 晝,"6,000",쨠텀쫔콪텈쫔,4,0,10,84.884,,,655,42800,5
1,,2013,,,2013,쮢쏮 晝,"3,000",쨠텀쫔콪텈쫔,4,20,25,74.238,,,655,42800,12
2,,1989,,,2013,쮢쏮 쟕,"1,300",弑,4,20,1,48.51,,,1,42800,1
3,,2010,,,2013,쮢쏮 촋쒖,"8,690",쮢쏮쨡좗젏얭퀛콜,4,0,22,84.9,,,436,42800,4
4,,2010,,,2013,쮢쏮 촋쒖,"7,860",쮢쏮쨡좗젏얭퀛콜,4,0,29,77.12,,,436,42800,3
0,,1998,,,2013,쮢쏮 晝,500,썭,5,35,6,37.755,,,510,42800,6
1,,2013,,,2013,쮢쏮 晝,"5,000",쨠텀쫔콪텈쫔,5,0,28,84.99,,,655,42800,9
2,,2013,,,2013,쮢쏮 晝,"6,000",쨠텀쫔콪텈쫔,5,0,29,84.884,,,655,42800,11
3,,1989,,,2013,쮢쏮 쟕,"1,800",弑,5,14,4,48.51,,,1,42800,2
4,,1989,,,2013,쮢쏮 쟕,"2,900",弑,5,0,27,48.51,,,1,42800,5
0,,1998,,,2013,쮢쏮 晝,"3,000",썭,6,0,9,37.755,,,510,42800,5
1,,2013,,,2013,쮢쏮 晝,"6,000",쨠텀쫔콪텈쫔,6,0,12,84.99,,,655,42800,12
2,,1989,,,2013,쮢쏮 쟕,500,弑,6,19,30,29.79,,,1,42800,3
3,,2010,,,2013,쮢쏮 촋쒖,"6,100",쮢쏮쨡좗젏얭퀛콜,6,17,17,77.12,,,436,42800,7
0,,1989,,,2013,쮢쏮 쟕,"3,000",弑,7,0,1,48.51,,,1,42800,3
1,,1989,,,2013,쮢쏮 쟕,"3,100",弑,7,0,2,48.51,,,1,42800,4
2,,2010,,,2013,쮢쏮 촋쒖,"8,290",쮢쏮쨡좗젏얭퀛콜,7,0,12,84.9,,,436,42800,1
0,,1998,,,2013,쮢쏮 晝,"3,000",썭,8,0,28,37.755,,,510,42800,15
1,,1995,,,2013,쮢쏮 쟕,"6,500",첊쟙쐉쟗,8,0,19,84.78,,,1-5,42800,8
2,,2010,,,2013,쮢쏮 촋쒖,"8,690",쮢쏮쨡좗젏얭퀛콜,8,0,16,84.9,,,436,42800,6
3,,2010,,,2013,쮢쏮 촋쒖,"7,860",쮢쏮쨡좗젏얭퀛콜,8,0,20,77.12,,,436,42800,4
0,,2013,,,2013,쮢쏮 晝,"7,000",쨠텀쫔콪텈쫔,9,0,5,84.99,,,655,42800,12
1,,1989,,,2013,쮢쏮 쟕,"2,500",弑,9,6,13,48.51,,,1,42800,4
2,,1989,,,2013,쮢쏮 쟕,"3,200",弑,9,0,22,48.51,,,1,42800,5
3,,2010,,,2013,쮢쏮 촋쒖,"8,690",쮢쏮쨡좗젏얭퀛콜,9,0,27,84.9,,,436,42800,3
0,,2013,,,2013,쮢쏮 晝,"6,000",쨠텀쫔콪텈쫔,10,0,16,84.99,,,655,42800,10
1,,1989,,,2013,쮢쏮 쟕,500,弑,10,29,14,48.51,,,1,42800,4
2,,1989,,,2013,쮢쏮 쟕,"3,200",弑,10,0,21,48.51,,,1,42800,4
3,,2010,,,2013,쮢쏮 촋쒖,"7,860",쮢쏮쨡좗젏얭퀛콜,10,0,22,77.12,,,436,42800,5
4,,2010,,,2013,쮢쏮 촋쒖,"8,690",쮢쏮쨡좗젏얭퀛콜,10,0,25,84.9,,,436,42800,8
0,,1989,,,2013,쮢쏮 쟕,300,弑,11,32,22,48.51,,,1,42800,1
1,,2010,,,2013,쮢쏮 촋쒖,"8,690",쮢쏮쨡좗젏얭퀛콜,11,0,29,84.9,,,436,42800,3
0,,2013,,,2013,쮢쏮 晝,"6,000",쨠텀쫔콪텈쫔,12,0,12,84.99,,,655,42800,11
1,,1989,,,2013,쮢쏮 쟕,"3,200",弑,12,0,2,48.51,,,1,42800,3
2,,2010,,,2013,쮢쏮 촋쒖,"7,860",쮢쏮쨡좗젏얭퀛콜,12,0,22,77.12,,,436,42800,9
0,,2013,,,2014,쮢쏮 晝,"5,800",쨠텀쫔콪텈쫔,1,0,15,84.99,,,655,42800,12
1,,1998,,,2014,쮢쏮 晝,"6,000",썭,1,0,27,59.4,,,510,42800,13
2,,1989,,,2014,쮢쏮 쟕,"2,300",弑,1,0,3,29.79,,,1,42800,3
3,,1989,,,2014,쮢쏮 쟕,"1,100",弑,1,13,18,29.79,,,1,42800,5
4,,1989,,,2014,쮢쏮 쟕,"3,200",弑,1,0,21,48.51,,,1,42800,4
0,,2013,,,2014,쮢쏮 晝,"8,000",쨠텀쫔콪텈쫔,2,0,5,84.884,,,655,42800,4
1,,1998,,,2014,쮢쏮 晝,"2,000",썭,2,0,21,37.755,,,510,42800,10
2,,2013,,,2014,쮢쏮 晝,"10,000",쨠텀쫔콪텈쫔,2,0,26,84.99,,,655,42800,10
3,,1989,,,2014,쮢쏮 쟕,"3,200",弑,2,0,5,48.51,,,1,42800,2
4,,1989,,,2014,쮢쏮 쟕,500,弑,2,28,15,48.51,,,1,42800,4
5,,1989,,,2014,쮢쏮 쟕,"1,200",弑,2,9,20,29.79,,,1,42800,5
6,,2010,,,2014,쮢쏮 촋쒖,"7,860",쮢쏮쨡좗젏얭퀛콜,2,0,17,77.12,,,436,42800,5
7,,2010,,,2014,쮢쏮 촋쒖,"8,690",쮢쏮쨡좗젏얭퀛콜,2,0,18,84.9,,,436,42800,9
8,,2010,,,2014,쮢쏮 촋쒖,"7,860",쮢쏮쨡좗젏얭퀛콜,2,0,19,77.12,,,436,42800,3
9,,2010,,,2014,쮢쏮 촋쒖,"8,690",쮢쏮쨡좗젏얭퀛콜,2,0,19,84.9,,,436,42800,7
10,,2010,,,2014,쮢쏮 촋쒖,"7,860",쮢쏮쨡좗젏얭퀛콜,2,0,19,77.12,,,436,42800,3
11,,2010,,,2014,쮢쏮 촋쒖,"7,860",쮢쏮쨡좗젏얭퀛콜,2,0,19,77.12,,,436,42800,5
12,,2010,,,2014,쮢쏮 촋쒖,"8,690",쮢쏮쨡좗젏얭퀛콜,2,0,24,84.9,,,436,42800,8
13,,2010,,,2014,쮢쏮 촋쒖,"8,250",쮢쏮쨡좗젏얭퀛콜,2,0,27,77.12,,,436,42800,10
14,,2010,,,2014,쮢쏮 촋쒖,"7,860",쮢쏮쨡좗젏얭퀛콜,2,0,27,77.12,,,436,42800,10
0,,1998,,,2014,쮢쏮 晝,"1,500",썭,3,15,6,37.755,,,510,42800,8
1,,1989,,,2014,쮢쏮 쟕,"2,000",弑,3,15,21,48.51,,,1,42800,2
2,,1989,,,2014,쮢쏮 쟕,"2,000",弑,3,14,25,48.51,,,1,42800,2
3,,2010,,,2014,쮢쏮 촋쒖,"8,690",쮢쏮쨡좗젏얭퀛콜,3,0,5,84.9,,,436,42800,9
4,,2010,,,2014,쮢쏮 촋쒖,"7,860",쮢쏮쨡좗젏얭퀛콜,3,0,10,77.12,,,436,42800,9
5,,2010,,,2014,쮢쏮 촋쒖,"6,100",쮢쏮쨡좗젏얭퀛콜,3,0,27,77.12,,,436,42800,7
0,,1998,,,2014,쮢쏮 晝,"2,000",썭,4,25,5,59.4,,,510,42800,8
1,,1998,,,2014,쮢쏮 晝,"1,500",썭,4,15,10,37.755,,,510,42800,15
2,,2013,,,2014,쮢쏮 晝,"6,000",쨠텀쫔콪텈쫔,4,0,13,84.884,,,655,42800,13
3,,2013,,,2014,쮢쏮 晝,"8,000",쨠텀쫔콪텈쫔,4,0,30,74.238,,,655,42800,7
4,,1989,,,2014,쮢쏮 쟕,"2,900",弑,4,0,21,48.51,,,1,42800,1
5,,1989,,,2014,쮢쏮 쟕,300,弑,4,20,21,29.79,,,1,42800,2
6,,1989,,,2014,쮢쏮 쟕,"2,200",弑,4,0,29,29.79,,,1,42800,2
7,,2010,,,2014,쮢쏮 촋쒖,"8,690",쮢쏮쨡좗젏얭퀛콜,4,0,1,84.9,,,436,42800,7
8,,1992,,,2014,쮢쏮 촋쒖,"4,500",쮢쏮줮좯,4,0,2,53.91,,,177,42800,3
9,,2010,,,2014,쮢쏮 촋쒖,"8,690",쮢쏮쨡좗젏얭퀛콜,4,0,4,84.9,,,436,42800,6
10,,2010,,,2014,쮢쏮 촋쒖,"7,860",쮢쏮쨡좗젏얭퀛콜,4,0,9,77.12,,,436,42800,4
11,,2010,,,2014,쮢쏮 촋쒖,"7,260",쮢쏮쨡좗젏얭퀛콜,4,0,22,77.12,,,436,42800,1
0,,1995,,,2014,쮢쏮 쟕,"5,000",첊쟙쐉쟗,5,0,20,84.78,,,1-5,42800,1
1,,1989,,,2014,쮢쏮 쟕,"3,000",弑,5,4,22,48.51,,,1,42800,2
2,,1989,,,2014,쮢쏮 쟕,"2,100",弑,5,0,27,29.79,,,1,42800,1
3,,2010,,,2014,쮢쏮 촋쒖,"7,860",쮢쏮쨡좗젏얭퀛콜,5,0,20,77.12,,,436,42800,10
4,,2010,,,2014,쮢쏮 촋쒖,"8,290",쮢쏮쨡좗젏얭퀛콜,5,0,23,84.9,,,436,42800,1
0,,2010,,,2014,쮢쏮 촋쒖,"7,860",쮢쏮쨡좗젏얭퀛콜,6,0,5,77.12,,,436,42800,8
1,,2010,,,2014,쮢쏮 촋쒖,"7,460",쮢쏮쨡좗젏얭퀛콜,6,0,17,77.12,,,436,42800,8
2,,2010,,,2014,쮢쏮 촋쒖,"7,860",쮢쏮쨡좗젏얭퀛콜,6,0,19,77.12,,,436,42800,10
0,,1989,,,2014,쮢쏮 쟕,"3,200",弑,7,0,3,48.51,,,1,42800,4
1,,2010,,,2014,쮢쏮 촋쒖,"7,860",쮢쏮쨡좗젏얭퀛콜,7,0,2,77.12,,,436,42800,5
2,,2010,,,2014,쮢쏮 촋쒖,"7,860",쮢쏮쨡좗젏얭퀛콜,7,0,14,77.12,,,436,42800,9
3,,2010,,,2014,쮢쏮 촋쒖,"7,860",쮢쏮쨡좗젏얭퀛콜,7,0,14,77.12,,,436,42800,10
4,,2010,,,2014,쮢쏮 촋쒖,"8,690",쮢쏮쨡좗젏얭퀛콜,7,0,21,84.9,,,436,42800,2
5,,2010,,,2014,쮢쏮 촋쒖,"7,860",쮢쏮쨡좗젏얭퀛콜,7,0,30,77.12,,,436,42800,5
0,,1998,,,2014,쮢쏮 晝,"6,000",썭,8,0,29,59.4,,,510,42800,13
1,,1989,,,2014,쮢쏮 쟕,"1,900",弑,8,13,4,48.51,,,1,42800,3
2,,1989,,,2014,쮢쏮 쟕,"1,200",弑,8,18,17,48.51,,,1,42800,1
3,,2010,,,2014,쮢쏮 촋쒖,"7,860",쮢쏮쨡좗젏얭퀛콜,8,0,12,77.12,,,436,42800,10
0,,1998,,,2014,쮢쏮 晝,"5,000",썭,9,0,5,59.4,,,510,42800,8
1,,1989,,,2014,쮢쏮 쟕,"2,300",弑,9,0,21,29.79,,,1,42800,4
2,,2010,,,2014,쮢쏮 촋쒖,"7,000",쮢쏮쨡좗젏얭퀛콜,9,0,12,77.12,,,436,42800,1
3,,2010,,,2014,쮢쏮 촋쒖,"8,690",쮢쏮쨡좗젏얭퀛콜,9,0,18,84.9,,,436,42800,5
4,,2010,,,2014,쮢쏮 촋쒖,"7,860",쮢쏮쨡좗젏얭퀛콜,9,0,24,77.12,,,436,42800,4
5,,2010,,,2014,쮢쏮 촋쒖,"8,690",쮢쏮쨡좗젏얭퀛콜,9,0,29,84.9,,,436,42800,9
0,,2013,,,2014,쮢쏮 晝,"10,000",쨠텀쫔콪텈쫔,10,0,4,74.238,,,655,42800,13
1,,2010,,,2014,쮢쏮 촋쒖,"7,240",쮢쏮쨡좗젏얭퀛콜,10,0,4,68.73,,,436,42800,10
2,,2010,,,2014,쮢쏮 촋쒖,"7,660",쮢쏮쨡좗젏얭퀛콜,10,0,6,77.12,,,436,42800,2
3,,2010,,,2014,쮢쏮 촋쒖,"8,690",쮢쏮쨡좗젏얭퀛콜,10,0,6,84.9,,,436,42800,6
4,,2010,,,2014,쮢쏮 촋쒖,"8,690",쮢쏮쨡좗젏얭퀛콜,10,0,9,84.9,,,436,42800,9
5,,2010,,,2014,쮢쏮 촋쒖,"8,290",쮢쏮쨡좗젏얭퀛콜,10,0,14,84.9,,,436,42800,1
6,,2010,,,2014,쮢쏮 촋쒖,"8,690",쮢쏮쨡좗젏얭퀛콜,10,0,16,84.9,,,436,42800,3
7,,2010,,,2014,쮢쏮 촋쒖,"8,690",쮢쏮쨡좗젏얭퀛콜,10,0,28,84.9,,,436,42800,2
0,,2013,,,2014,쮢쏮 晝,"10,000",쨠텀쫔콪텈쫔,11,0,12,84.884,,,655,42800,4
1,,1989,,,2014,쮢쏮 쟕,500,弑,11,27,27,48.51,,,1,42800,5
2,,2010,,,2014,쮢쏮 촋쒖,"8,290",쮢쏮쨡좗젏얭퀛콜,11,0,4,84.9,,,436,42800,1
3,,2010,,,2014,쮢쏮 촋쒖,"8,690",쮢쏮쨡좗젏얭퀛콜,11,0,12,84.9,,,436,42800,2
4,,2010,,,2014,쮢쏮 촋쒖,"8,690",쮢쏮쨡좗젏얭퀛콜,11,0,13,84.9,,,436,42800,5
5,,2010,,,2014,쮢쏮 촋쒖,"7,860",쮢쏮쨡좗젏얭퀛콜,11,0,20,77.12,,,436,42800,4
0,,1989,,,2014,쮢쏮 쟕,300,弑,12,31,10,48.51,,,1,42800,2
1,,2010,,,2014,쮢쏮 촋쒖,"7,360",쮢쏮쨡좗젏얭퀛콜,12,0,15,77.12,,,436,42800,1
2,,2010,,,2014,쮢쏮 촋쒖,"8,290",쮢쏮쨡좗젏얭퀛콜,12,0,26,84.9,,,436,42800,1
3,,2010,,,2014,쮢쏮 촋쒖,"7,860",쮢쏮쨡좗젏얭퀛콜,12,0,30,77.12,,,436,42800,10
0,,2013,,,2015,쮢쏮 晝,"7,000",쨠텀쫔콪텈쫔,1,0,5,74.238,,,655,42800,13
1,,1998,,,2015,쮢쏮 晝,"1,500",썭,1,25,24,37.755,,,510,42800,13
2,,1989,,,2015,쮢쏮 쟕,"1,100",弑,1,13,18,29.79,,,1,42800,5
3,,1989,,,2015,쮢쏮 쟕,300,弑,1,21,26,29.79,,,1,42800,2
4,,2010,,,2015,쮢쏮 촋쒖,"7,860",쮢쏮쨡좗젏얭퀛콜,1,0,12,77.12,,,436,42800,3
5,,2010,,,2015,쮢쏮 촋쒖,"8,690",쮢쏮쨡좗젏얭퀛콜,1,0,20,84.9,,,436,42800,10
6,,2010,,,2015,쮢쏮 촋쒖,"8,690",쮢쏮쨡좗젏얭퀛콜,1,0,28,84.9,,,436,42800,4
7,,2010,,,2015,쮢쏮 촋쒖,"8,690",쮢쏮쨡좗젏얭퀛콜,1,0,29,84.9,,,436,42800,4
0,,1989,,,2015,쮢쏮 쟕,500,弑,2,29,14,48.51,,,1,42800,3
1,,2010,,,2015,쮢쏮 촋쒖,"8,690",쮢쏮쨡좗젏얭퀛콜,2,0,9,84.9,,,436,42800,2
2,,2010,,,2015,쮢쏮 촋쒖,"7,860",쮢쏮쨡좗젏얭퀛콜,2,0,12,77.12,,,436,42800,8
3,,2010,,,2015,쮢쏮 촋쒖,"7,360",쮢쏮쨡좗젏얭퀛콜,2,0,17,77.12,,,436,42800,1
4,,2010,,,2015,쮢쏮 촋쒖,"7,860",쮢쏮쨡좗젏얭퀛콜,2,0,24,77.12,,,436,42800,3
0,,1998,,,2015,쮢쏮 晝,"1,000",썭,3,30,5,37.755,,,510,42800,15
1,,1998,,,2015,쮢쏮 晝,800,썭,3,35,13,37.755,,,510,42800,14
2,,1998,,,2015,쮢쏮 晝,"5,000",썭,3,0,23,59.4,,,510,42800,7
3,,1995,,,2015,쮢쏮 쟕,"5,000",첊쟙쐉쟗,3,15,3,84.78,,,1-5,42800,4
4,,1989,,,2015,쮢쏮 쟕,"1,000",弑,3,13,12,29.79,,,1,42800,1
5,,1989,,,2015,쮢쏮 쟕,"3,300",弑,3,0,24,48.51,,,1,42800,4
6,,2010,,,2015,쮢쏮 촋쒖,"8,690",쮢쏮쨡좗젏얭퀛콜,3,0,6,84.9,,,436,42800,9
7,,2010,,,2015,쮢쏮 촋쒖,"7,860",쮢쏮쨡좗젏얭퀛콜,3,0,18,77.12,,,436,42800,9
0,,1995,,,2015,쮢쏮 쟕,"7,000",첊쟙쐉쟗,4,0,7,84.78,,,1-5,42800,2
1,,1989,,,2015,쮢쏮 쟕,"3,200",弑,4,0,20,48.51,,,1,42800,5
2,,1995,,,2015,쮢쏮 쟕,500,첊쟙쐉쟗,4,35,27,57.825,,,1-5,42800,10
3,,2010,,,2015,쮢쏮 촋쒖,"8,690",쮢쏮쨡좗젏얭퀛콜,4,0,29,84.9,,,436,42800,7
0,,1998,,,2015,쮢쏮 晝,500,썭,5,33,11,37.755,,,510,42800,7
1,,2013,,,2015,쮢쏮 晝,"8,000",쨠텀쫔콪텈쫔,5,0,26,84.884,,,655,42800,3
2,,1989,,,2015,쮢쏮 쟕,"2,500",弑,5,8,4,48.51,,,1,42800,2
3,,2010,,,2015,쮢쏮 촋쒖,"8,690",쮢쏮쨡좗젏얭퀛콜,5,0,4,84.9,,,436,42800,4
0,,2013,,,2015,쮢쏮 晝,"7,000",쨠텀쫔콪텈쫔,6,0,12,74.238,,,655,42800,14
1,,2013,,,2015,쮢쏮 晝,"13,000",쨠텀쫔콪텈쫔,6,0,24,84.99,,,655,42800,7
2,,2013,,,2015,쮢쏮 晝,"7,000",쨠텀쫔콪텈쫔,6,0,26,84.99,,,655,42800,2
3,,1989,,,2015,쮢쏮 쟕,"1,000",弑,6,22,2,48.51,,,1,42800,1
4,,1995,,,2015,쮢쏮 쟕,"5,000",첊쟙쐉쟗,6,0,17,59.67,,,1-5,42800,2
5,,2010,,,2015,쮢쏮 촋쒖,"8,690",쮢쏮쨡좗젏얭퀛콜,6,0,5,84.9,,,436,42800,8
6,,2010,,,2015,쮢쏮 촋쒖,"7,860",쮢쏮쨡좗젏얭퀛콜,6,0,17,77.12,,,436,42800,7
0,,2013,,,2015,쮢쏮 晝,"1,000",쨠텀쫔콪텈쫔,7,45,21,84.99,,,655,42800,6
1,,2013,,,2015,쮢쏮 晝,"10,000",쨠텀쫔콪텈쫔,7,0,21,84.884,,,655,42800,4
2,,1989,,,2015,쮢쏮 쟕,300,弑,7,21,5,29.79,,,1,42800,1
3,,1989,,,2015,쮢쏮 쟕,"1,000",弑,7,22,13,48.51,,,1,42800,4
4,,2010,,,2015,쮢쏮 촋쒖,"7,860",쮢쏮쨡좗젏얭퀛콜,7,0,10,77.12,,,436,42800,4
5,,2010,,,2015,쮢쏮 촋쒖,"8,690",쮢쏮쨡좗젏얭퀛콜,7,0,14,84.9,,,436,42800,8
0,,2013,,,2015,쮢쏮 晝,"9,000",쨠텀쫔콪텈쫔,8,0,1,84.99,,,655,42800,6
1,,1998,,,2015,쮢쏮 晝,"1,500",썭,8,21,8,37.755,,,510,42800,8
2,,2013,,,2015,쮢쏮 晝,"1,000",쨠텀쫔콪텈쫔,8,45,18,84.99,,,655,42800,1
3,,1998,,,2015,쮢쏮 晝,"2,000",썭,8,25,18,59.4,,,510,42800,15
4,,1998,,,2015,쮢쏮 晝,"2,000",썭,8,20,25,59.4,,,510,42800,1
5,,1998,,,2015,쮢쏮 晝,"1,000",썭,8,25,28,37.755,,,510,42800,15
6,,1998,,,2015,쮢쏮 晝,"1,500",썭,8,23,31,37.755,,,510,42800,11
7,,1995,,,2015,쮢쏮 쟕,"2,000",첊쟙쐉쟗,8,20,24,59.67,,,1-5,42800,2
8,,2010,,,2015,쮢쏮 촋쒖,"8,690",쮢쏮쨡좗젏얭퀛콜,8,0,7,84.9,,,436,42800,4
9,,2010,,,2015,쮢쏮 촋쒖,"7,860",쮢쏮쨡좗젏얭퀛콜,8,0,7,77.12,,,436,42800,3
10,,2010,,,2015,쮢쏮 촋쒖,"7,860",쮢쏮쨡좗젏얭퀛콜,8,0,19,77.12,,,436,42800,9
0,,1998,,,2015,쮢쏮 晝,500,썭,9,0,6,37.755,,,510,42800,12
1,,1998,,,2015,쮢쏮 晝,"3,000",썭,9,10,7,37.755,,,510,42800,9
2,,1998,,,2015,쮢쏮 晝,"2,000",썭,9,20,12,37.755,,,510,42800,5
3,,2013,,,2015,쮢쏮 晝,"8,000",쨠텀쫔콪텈쫔,9,0,18,84.884,,,655,42800,3
4,,2013,,,2015,쮢쏮 晝,"3,000",쨠텀쫔콪텈쫔,9,15,30,84.99,,,655,42800,1
5,,2010,,,2015,쮢쏮 촋쒖,"7,360",쮢쏮쨡좗젏얭퀛콜,9,0,2,77.12,,,436,42800,1
6,,2010,,,2015,쮢쏮 촋쒖,"8,690",쮢쏮쨡좗젏얭퀛콜,9,0,14,84.9,,,436,42800,6
7,,2010,,,2015,쮢쏮 촋쒖,"7,860",쮢쏮쨡좗젏얭퀛콜,9,0,14,77.12,,,436,42800,8
8,,2010,,,2015,쮢쏮 촋쒖,"8,690",쮢쏮쨡좗젏얭퀛콜,9,0,16,84.9,,,436,42800,6
9,,2010,,,2015,쮢쏮 촋쒖,"7,860",쮢쏮쨡좗젏얭퀛콜,9,0,18,77.12,,,436,42800,8
0,,1998,,,2015,쮢쏮 晝,"2,000",썭,10,15,13,37.755,,,510,42800,3
1,,2013,,,2015,쮢쏮 晝,"8,000",쨠텀쫔콪텈쫔,10,0,13,84.99,,,655,42800,3
2,,1998,,,2015,쮢쏮 晝,"4,500",썭,10,0,20,59.4,,,510,42800,11
3,,1998,,,2015,쮢쏮 晝,"1,500",썭,10,20,21,37.755,,,510,42800,8
4,,2010,,,2015,쮢쏮 촋쒖,"7,860",쮢쏮쨡좗젏얭퀛콜,10,0,8,77.12,,,436,42800,8
5,,2010,,,2015,쮢쏮 촋쒖,"7,860",쮢쏮쨡좗젏얭퀛콜,10,0,31,77.12,,,436,42800,5
0,,1998,,,2015,쮢쏮 晝,"1,000",썭,11,30,23,37.755,,,510,42800,3
1,,1989,,,2015,쮢쏮 쟕,"1,100",弑,11,13,1,29.79,,,1,42800,5
2,,2010,,,2015,쮢쏮 촋쒖,"7,860",쮢쏮쨡좗젏얭퀛콜,11,0,3,77.12,,,436,42800,5
3,,2010,,,2015,쮢쏮 촋쒖,"7,860",쮢쏮쨡좗젏얭퀛콜,11,0,13,77.12,,,436,42800,3
4,,2010,,,2015,쮢쏮 촋쒖,"7,860",쮢쏮쨡좗젏얭퀛콜,11,0,14,77.12,,,436,42800,6
5,,2010,,,2015,쮢쏮 촋쒖,"7,860",쮢쏮쨡좗젏얭퀛콜,11,0,25,77.12,,,436,42800,6
6,,2010,,,2015,쮢쏮 촋쒖,"7,860",쮢쏮쨡좗젏얭퀛콜,11,0,27,77.12,,,436,42800,7
0,,1998,,,2015,쮢쏮 晝,"3,000",썭,12,5,2,37.755,,,510,42800,3
1,,2013,,,2015,쮢쏮 晝,"8,000",쨠텀쫔콪텈쫔,12,0,25,84.99,,,655,42800,6
2,,2004,,,2015,쮢쏮 晝,"8,000",큉좗첞,12,0,28,84.4862,,,559,42800,8
3,,2013,,,2015,쮢쏮 晝,"10,000",쨠텀쫔콪텈쫔,12,0,31,84.99,,,655,42800,10
4,,1989,,,2015,쮢쏮 쟕,900,弑,12,15,6,29.79,,,1,42800,4
5,,1989,,,2015,쮢쏮 쟕,300,弑,12,21,13,29.79,,,1,42800,3
6,,2010,,,2015,쮢쏮 촋쒖,"7,360",쮢쏮쨡좗젏얭퀛콜,12,0,3,77.12,,,436,42800,1
7,,2010,,,2015,쮢쏮 촋쒖,"8,690",쮢쏮쨡좗젏얭퀛콜,12,0,8,84.9,,,436,42800,8
8,,2010,,,2015,쮢쏮 촋쒖,"7,860",쮢쏮쨡좗젏얭퀛콜,12,0,15,77.12,,,436,42800,6
9,,2010,,,2015,쮢쏮 촋쒖,"8,690",쮢쏮쨡좗젏얭퀛콜,12,0,24,84.9,,,436,42800,7
0,,2013,,,2016,쮢쏮 晝,"7,000",쨠텀쫔콪텈쫔,1,0,4,84.99,,,655,42800,12
1,,1998,,,2016,쮢쏮 晝,"2,500",썭,1,15,6,37.755,,,510,42800,5
2,,1998,,,2016,쮢쏮 晝,500,썭,1,35,23,37.755,,,510,42800,10
3,,2013,,,2016,쮢쏮 晝,"9,000",쨠텀쫔콪텈쫔,1,0,25,74.238,,,655,42800,13
4,,1989,,,2016,쮢쏮 쟕,"2,400",弑,1,0,3,29.79,,,1,42800,3
5,,1989,,,2016,쮢쏮 쟕,"1,000",弑,1,22,8,48.51,,,1,42800,4
6,,1989,,,2016,쮢쏮 쟕,"3,300",弑,1,0,21,48.51,,,1,42800,4
7,,2010,,,2016,쮢쏮 촋쒖,"7,860",쮢쏮쨡좗젏얭퀛콜,1,0,9,77.12,,,436,42800,7
8,,2010,,,2016,쮢쏮 촋쒖,"7,860",쮢쏮쨡좗젏얭퀛콜,1,0,29,77.12,,,436,42800,2
0,,1998,,,2016,쮢쏮 晝,500,썭,2,40,15,59.4,,,510,42800,6
1,,2004,,,2016,쮢쏮 晝,"2,000",큉좗첞,2,40,16,84.4862,,,559,42800,5
2,,1995,,,2016,쮢쏮 쟕,"6,000",첊쟙쐉쟗,2,0,17,84.78,,,1-5,42800,4
3,,2010,,,2016,쮢쏮 촋쒖,"7,860",쮢쏮쨡좗젏얭퀛콜,2,0,1,77.12,,,436,42800,6
4,,2010,,,2016,쮢쏮 촋쒖,"8,290",쮢쏮쨡좗젏얭퀛콜,2,0,2,84.9,,,436,42800,1
5,,2010,,,2016,쮢쏮 촋쒖,"8,690",쮢쏮쨡좗젏얭퀛콜,2,0,11,84.9,,,436,42800,3
6,,2010,,,2016,쮢쏮 촋쒖,"8,690",쮢쏮쨡좗젏얭퀛콜,2,0,12,84.9,,,436,42800,6
7,,2010,,,2016,쮢쏮 촋쒖,"8,290",쮢쏮쨡좗젏얭퀛콜,2,0,12,84.9,,,436,42800,1
8,,2010,,,2016,쮢쏮 촋쒖,"7,860",쮢쏮쨡좗젏얭퀛콜,2,0,13,77.12,,,436,42800,6
9,,2010,,,2016,쮢쏮 촋쒖,"8,690",쮢쏮쨡좗젏얭퀛콜,2,0,13,84.9,,,436,42800,2
10,,2010,,,2016,쮢쏮 촋쒖,"7,860",쮢쏮쨡좗젏얭퀛콜,2,0,19,77.12,,,436,42800,9
11,,2010,,,2016,쮢쏮 촋쒖,"7,860",쮢쏮쨡좗젏얭퀛콜,2,0,25,77.12,,,436,42800,3
12,,2010,,,2016,쮢쏮 촋쒖,"8,690",쮢쏮쨡좗젏얭퀛콜,2,0,26,84.9,,,436,42800,4
0,,2013,,,2016,쮢쏮 晝,"14,000",쨠텀쫔콪텈쫔,3,0,17,84.884,,,655,42800,1
1,,1998,,,2016,쮢쏮 晝,500,썭,3,30,21,37.755,,,510,42800,12
2,,1998,,,2016,쮢쏮 晝,"2,000",썭,3,20,26,37.755,,,510,42800,4
3,,2010,,,2016,쮢쏮 촋쒖,"8,690",쮢쏮쨡좗젏얭퀛콜,3,0,4,84.9,,,436,42800,8
4,,2010,,,2016,쮢쏮 촋쒖,"7,860",쮢쏮쨡좗젏얭퀛콜,3,0,7,77.12,,,436,42800,3
5,,2010,,,2016,쮢쏮 촋쒖,"7,860",쮢쏮쨡좗젏얭퀛콜,3,0,7,77.12,,,436,42800,2
6,,2010,,,2016,쮢쏮 촋쒖,"8,690",쮢쏮쨡좗젏얭퀛콜,3,0,14,84.9,,,436,42800,9
7,,2010,,,2016,쮢쏮 촋쒖,"7,860",쮢쏮쨡좗젏얭퀛콜,3,0,14,77.12,,,436,42800,3
8,,2010,,,2016,쮢쏮 촋쒖,"8,690",쮢쏮쨡좗젏얭퀛콜,3,0,14,84.9,,,436,42800,8
9,,2010,,,2016,쮢쏮 촋쒖,"6,100",쮢쏮쨡좗젏얭퀛콜,3,17,16,77.12,,,436,42800,4
10,,2010,,,2016,쮢쏮 촋쒖,"7,860",쮢쏮쨡좗젏얭퀛콜,3,0,21,77.12,,,436,42800,4
11,,2010,,,2016,쮢쏮 촋쒖,"7,860",쮢쏮쨡좗젏얭퀛콜,3,0,25,77.12,,,436,42800,2
12,,2010,,,2016,쮢쏮 촋쒖,"8,690",쮢쏮쨡좗젏얭퀛콜,3,0,25,84.9,,,436,42800,8
13,,2010,,,2016,쮢쏮 촋쒖,"7,000",쮢쏮쨡좗젏얭퀛콜,3,0,30,77.12,,,436,42800,1
0,,2013,,,2016,쮢쏮 晝,"6,000",쨠텀쫔콪텈쫔,4,0,17,84.884,,,655,42800,13
1,,1998,,,2016,쮢쏮 晝,"1,500",썭,4,25,23,37.755,,,510,42800,9
2,,1989,,,2016,쮢쏮 쟕,"1,500",弑,4,9,25,29.79,,,1,42800,1
3,,1989,,,2016,쮢쏮 쟕,500,弑,4,30,25,48.51,,,1,42800,1
4,,1992,,,2016,쮢쏮 촋쒖,"1,000",쮢쏮줮좯,4,20,1,53.91,,,177,42800,2
5,,2010,,,2016,쮢쏮 촋쒖,"7,860",쮢쏮쨡좗젏얭퀛콜,4,0,5,77.12,,,436,42800,2
6,,2010,,,2016,쮢쏮 촋쒖,"8,690",쮢쏮쨡좗젏얭퀛콜,4,0,15,84.9,,,436,42800,5
7,,2010,,,2016,쮢쏮 촋쒖,"8,690",쮢쏮쨡좗젏얭퀛콜,4,0,20,84.9,,,436,42800,7
8,,2010,,,2016,쮢쏮 촋쒖,"8,690",쮢쏮쨡좗젏얭퀛콜,4,0,22,84.9,,,436,42800,7
0,,2013,,,2016,쮢쏮 晝,"2,000",쨠텀쫔콪텈쫔,5,50,12,84.884,,,655,42800,9
1,,2010,,,2016,쮢쏮 촋쒖,"8,690",쮢쏮쨡좗젏얭퀛콜,5,0,3,84.9,,,436,42800,9
2,,2010,,,2016,쮢쏮 촋쒖,"8,690",쮢쏮쨡좗젏얭퀛콜,5,0,4,84.9,,,436,42800,4
3,,2010,,,2016,쮢쏮 촋쒖,"8,690",쮢쏮쨡좗젏얭퀛콜,5,0,6,84.9,,,436,42800,7
4,,2010,,,2016,쮢쏮 촋쒖,"8,690",쮢쏮쨡좗젏얭퀛콜,5,0,9,84.9,,,436,42800,8
5,,2010,,,2016,쮢쏮 촋쒖,"8,690",쮢쏮쨡좗젏얭퀛콜,5,0,11,84.9,,,436,42800,4
6,,2010,,,2016,쮢쏮 촋쒖,"8,690",쮢쏮쨡좗젏얭퀛콜,5,0,18,84.9,,,436,42800,2
7,,2010,,,2016,쮢쏮 촋쒖,"7,860",쮢쏮쨡좗젏얭퀛콜,5,0,20,77.12,,,436,42800,3
8,,2010,,,2016,쮢쏮 촋쒖,"8,690",쮢쏮쨡좗젏얭퀛콜,5,0,23,84.9,,,436,42800,2
9,,2010,,,2016,쮢쏮 촋쒖,"7,860",쮢쏮쨡좗젏얭퀛콜,5,0,24,77.12,,,436,42800,4
10,,2010,,,2016,쮢쏮 촋쒖,"7,860",쮢쏮쨡좗젏얭퀛콜,5,0,30,77.12,,,436,42800,5
0,,1998,,,2016,쮢쏮 晝,"7,000",썭,6,0,15,59.4,,,510,42800,9
1,,2010,,,2016,쮢쏮 촋쒖,"8,690",쮢쏮쨡좗젏얭퀛콜,6,0,7,84.9,,,436,42800,6
2,,2010,,,2016,쮢쏮 촋쒖,"8,690",쮢쏮쨡좗젏얭퀛콜,6,0,7,84.9,,,436,42800,7
3,,2010,,,2016,쮢쏮 촋쒖,"7,860",쮢쏮쨡좗젏얭퀛콜,6,0,13,77.12,,,436,42800,9
4,,2010,,,2016,쮢쏮 촋쒖,"8,690",쮢쏮쨡좗젏얭퀛콜,6,0,16,84.9,,,436,42800,7
5,,2010,,,2016,쮢쏮 촋쒖,"8,690",쮢쏮쨡좗젏얭퀛콜,6,0,20,84.9,,,436,42800,2
6,,2010,,,2016,쮢쏮 촋쒖,"8,690",쮢쏮쨡좗젏얭퀛콜,6,0,28,84.9,,,436,42800,3
0,,1998,,,2016,쮢쏮 晝,"2,000",썭,7,25,4,59.4,,,510,42800,15
1,,1998,,,2016,쮢쏮 晝,"2,000",썭,7,20,7,37.755,,,510,42800,5
2,,1998,,,2016,쮢쏮 晝,"2,500",썭,7,0,7,37.755,,,510,42800,8
3,,1998,,,2016,쮢쏮 晝,500,썭,7,35,23,37.755,,,510,42800,3
4,,1998,,,2016,쮢쏮 晝,"2,000",썭,7,25,29,59.4,,,510,42800,15
5,,1995,,,2016,쮢쏮 쟕,"6,000",첊쟙쐉쟗,7,0,2,84.78,,,1-5,42800,2
6,,1995,,,2016,쮢쏮 쟕,"6,500",첊쟙쐉쟗,7,0,11,84.78,,,1-5,42800,2
0,,2013,,,2016,쮢쏮 晝,"14,000",쨠텀쫔콪텈쫔,8,0,9,84.99,,,655,42800,1
1,,2013,,,2016,쮢쏮 晝,"7,500",쨠텀쫔콪텈쫔,8,0,18,74.238,,,655,42800,4
2,,1989,,,2016,쮢쏮 쟕,"1,500",弑,8,9,1,29.79,,,1,42800,1
3,,1989,,,2016,쮢쏮 쟕,"2,200",弑,8,12,4,48.51,,,1,42800,3
4,,1995,,,2016,쮢쏮 쟕,"6,000",첊쟙쐉쟗,8,0,4,84.78,,,1-5,42800,2
5,,1989,,,2016,쮢쏮 쟕,"1,500",弑,8,10,6,29.79,,,1,42800,3
6,,2010,,,2016,쮢쏮 촋쒖,"7,360",쮢쏮쨡좗젏얭퀛콜,8,0,22,77.12,,,436,42800,1
0,,1989,,,2016,쮢쏮 쟕,"3,000",弑,9,22,6,29.79,,,1,42800,3
1,,1989,,,2016,쮢쏮 쟕,"1,500",弑,9,9,19,29.79,,,1,42800,1
2,,1989,,,2016,쮢쏮 쟕,"1,400",弑,9,18,23,48.51,,,1,42800,1
3,,2010,,,2016,쮢쏮 촋쒖,"7,860",쮢쏮쨡좗젏얭퀛콜,9,0,19,77.12,,,436,42800,2
4,,2010,,,2016,쮢쏮 촋쒖,"7,860",쮢쏮쨡좗젏얭퀛콜,9,0,23,77.12,,,436,42800,9
0,,1998,,,2016,쮢쏮 晝,"1,500",썭,10,25,19,37.755,,,510,42800,4
1,,1995,,,2016,쮢쏮 쟕,"6,500",첊쟙쐉쟗,10,0,14,84.78,,,1-5,42800,2
2,,2010,,,2016,쮢쏮 촋쒖,"8,690",쮢쏮쨡좗젏얭퀛콜,10,0,6,84.9,,,436,42800,2
3,,2010,,,2016,쮢쏮 촋쒖,"8,250",쮢쏮쨡좗젏얭퀛콜,10,0,18,77.12,,,436,42800,8
4,,2010,,,2016,쮢쏮 촋쒖,"8,700",쮢쏮쨡좗젏얭퀛콜,10,0,25,84.9,,,436,42800,1
0,,1998,,,2016,쮢쏮 晝,"2,000",썭,11,20,29,37.755,,,510,42800,5
1,,2013,,,2016,쮢쏮 晝,"3,000",쨠텀쫔콪텈쫔,11,30,30,74.238,,,655,42800,2
2,,2010,,,2016,쮢쏮 촋쒖,"8,250",쮢쏮쨡좗젏얭퀛콜,11,0,18,77.12,,,436,42800,7
3,,2010,,,2016,쮢쏮 촋쒖,"9,120",쮢쏮쨡좗젏얭퀛콜,11,0,22,84.9,,,436,42800,7
4,,2010,,,2016,쮢쏮 촋쒖,"9,120",쮢쏮쨡좗젏얭퀛콜,11,0,23,84.9,,,436,42800,7
5,,2010,,,2016,쮢쏮 촋쒖,"8,250",쮢쏮쨡좗젏얭퀛콜,11,0,23,77.12,,,436,42800,8
6,,2010,,,2016,쮢쏮 촋쒖,"9,120",쮢쏮쨡좗젏얭퀛콜,11,0,23,84.9,,,436,42800,3
7,,2010,,,2016,쮢쏮 촋쒖,"8,250",쮢쏮쨡좗젏얭퀛콜,11,0,23,77.12,,,436,42800,8
8,,2010,,,2016,쮢쏮 촋쒖,"8,250",쮢쏮쨡좗젏얭퀛콜,11,0,23,77.12,,,436,42800,4
9,,2010,,,2016,쮢쏮 촋쒖,"6,400",쮢쏮쨡좗젏얭퀛콜,11,0,24,77.12,,,436,42800,3
10,,2010,,,2016,쮢쏮 촋쒖,"8,700",쮢쏮쨡좗젏얭퀛콜,11,0,24,84.9,,,436,42800,1
11,,2010,,,2016,쮢쏮 촋쒖,"8,250",쮢쏮쨡좗젏얭퀛콜,11,0,24,77.12,,,436,42800,9
12,,2010,,,2016,쮢쏮 촋쒖,"8,250",쮢쏮쨡좗젏얭퀛콜,11,0,25,77.12,,,436,42800,7
13,,2010,,,2016,쮢쏮 촋쒖,"8,250",쮢쏮쨡좗젏얭퀛콜,11,0,25,77.12,,,436,42800,8
14,,2010,,,2016,쮢쏮 촋쒖,"9,120",쮢쏮쨡좗젏얭퀛콜,11,0,25,84.9,,,436,42800,5
15,,2010,,,2016,쮢쏮 촋쒖,"9,120",쮢쏮쨡좗젏얭퀛콜,11,0,26,84.9,,,436,42800,4
16,,2010,,,2016,쮢쏮 촋쒖,"8,250",쮢쏮쨡좗젏얭퀛콜,11,0,26,77.12,,,436,42800,10
17,,2010,,,2016,쮢쏮 촋쒖,"7,410",쮢쏮쨡좗젏얭퀛콜,11,0,28,77.12,,,436,42800,1
18,,2010,,,2016,쮢쏮 촋쒖,"9,120",쮢쏮쨡좗젏얭퀛콜,11,0,28,84.9,,,436,42800,9
19,,2010,,,2016,쮢쏮 촋쒖,"9,120",쮢쏮쨡좗젏얭퀛콜,11,0,28,84.9,,,436,42800,4
20,,2010,,,2016,쮢쏮 촋쒖,"8,250",쮢쏮쨡좗젏얭퀛콜,11,0,28,77.12,,,436,42800,10
21,,2010,,,2016,쮢쏮 촋쒖,"8,250",쮢쏮쨡좗젏얭퀛콜,11,0,28,77.12,,,436,42800,3
22,,2010,,,2016,쮢쏮 촋쒖,"9,120",쮢쏮쨡좗젏얭퀛콜,11,0,28,84.9,,,436,42800,4
23,,2010,,,2016,쮢쏮 촋쒖,"7,700",쮢쏮쨡좗젏얭퀛콜,11,0,29,77.12,,,436,42800,1
24,,2010,,,2016,쮢쏮 촋쒖,"9,120",쮢쏮쨡좗젏얭퀛콜,11,0,29,84.9,,,436,42800,2
25,,2010,,,2016,쮢쏮 촋쒖,"9,120",쮢쏮쨡좗젏얭퀛콜,11,0,29,84.9,,,436,42800,6
26,,2010,,,2016,쮢쏮 촋쒖,"8,250",쮢쏮쨡좗젏얭퀛콜,11,0,29,77.12,,,436,42800,7
27,,2010,,,2016,쮢쏮 촋쒖,"8,250",쮢쏮쨡좗젏얭퀛콜,11,0,29,77.12,,,436,42800,2
28,,2010,,,2016,쮢쏮 촋쒖,"9,120",쮢쏮쨡좗젏얭퀛콜,11,0,29,84.9,,,436,42800,5
29,,2010,,,2016,쮢쏮 촋쒖,"9,120",쮢쏮쨡좗젏얭퀛콜,11,0,29,84.9,,,436,42800,8
30,,2010,,,2016,쮢쏮 촋쒖,"9,120",쮢쏮쨡좗젏얭퀛콜,11,0,29,84.9,,,436,42800,3
31,,2010,,,2016,쮢쏮 촋쒖,"9,120",쮢쏮쨡좗젏얭퀛콜,11,0,29,84.9,,,436,42800,6
32,,2010,,,2016,쮢쏮 촋쒖,"9,120",쮢쏮쨡좗젏얭퀛콜,11,0,29,84.9,,,436,42800,5
33,,2010,,,2016,쮢쏮 촋쒖,"9,120",쮢쏮쨡좗젏얭퀛콜,11,0,29,84.9,,,436,42800,5
34,,2010,,,2016,쮢쏮 촋쒖,"8,250",쮢쏮쨡좗젏얭퀛콜,11,0,29,77.12,,,436,42800,9
35,,2010,,,2016,쮢쏮 촋쒖,"8,250",쮢쏮쨡좗젏얭퀛콜,11,0,30,77.12,,,436,42800,5
36,,2010,,,2016,쮢쏮 촋쒖,"9,120",쮢쏮쨡좗젏얭퀛콜,11,0,30,84.9,,,436,42800,9
37,,2010,,,2016,쮢쏮 촋쒖,"7,720",쮢쏮쨡좗젏얭퀛콜,11,0,30,77.12,,,436,42800,1
38,,2010,,,2016,쮢쏮 촋쒖,"8,250",쮢쏮쨡좗젏얭퀛콜,11,0,30,77.12,,,436,42800,5
39,,2010,,,2016,쮢쏮 촋쒖,"8,250",쮢쏮쨡좗젏얭퀛콜,11,0,30,77.12,,,436,42800,6
40,,2010,,,2016,쮢쏮 촋쒖,"8,250",쮢쏮쨡좗젏얭퀛콜,11,0,30,77.12,,,436,42800,7
41,,2010,,,2016,쮢쏮 촋쒖,"8,250",쮢쏮쨡좗젏얭퀛콜,11,0,30,77.12,,,436,42800,4
0,,2010,,,2016,쮢쏮 촋쒖,"9,120",쮢쏮쨡좗젏얭퀛콜,12,0,2,84.9,,,436,42800,7
1,,2010,,,2016,쮢쏮 촋쒖,"8,250",쮢쏮쨡좗젏얭퀛콜,12,0,2,77.12,,,436,42800,8
2,,2010,,,2016,쮢쏮 촋쒖,"8,250",쮢쏮쨡좗젏얭퀛콜,12,0,2,77.12,,,436,42800,3
3,,2010,,,2016,쮢쏮 촋쒖,"8,250",쮢쏮쨡좗젏얭퀛콜,12,0,2,77.12,,,436,42800,2
4,,2010,,,2016,쮢쏮 촋쒖,"9,120",쮢쏮쨡좗젏얭퀛콜,12,0,2,84.9,,,436,42800,4
5,,2010,,,2016,쮢쏮 촋쒖,"8,700",쮢쏮쨡좗젏얭퀛콜,12,0,14,84.9,,,436,42800,1
6,,2010,,,2016,쮢쏮 촋쒖,"8,250",쮢쏮쨡좗젏얭퀛콜,12,0,14,77.12,,,436,42800,9
7,,2010,,,2016,쮢쏮 촋쒖,"7,600",쮢쏮쨡좗젏얭퀛콜,12,0,15,68.73,,,436,42800,10
8,,2010,,,2016,쮢쏮 촋쒖,"6,400",쮢쏮쨡좗젏얭퀛콜,12,0,19,77.12,,,436,42800,4
9,,2010,,,2016,쮢쏮 촋쒖,"9,120",쮢쏮쨡좗젏얭퀛콜,12,0,19,84.9,,,436,42800,3
10,,2010,,,2016,쮢쏮 촋쒖,"8,250",쮢쏮쨡좗젏얭퀛콜,12,0,27,77.12,,,436,42800,6
0,,1998,,,2017,쮢쏮 晝,"1,000",썭,1,30,11,37.755,,,510,42800,15
1,,1998,,,2017,쮢쏮 晝,"4,000",썭,1,0,16,37.755,,,510,42800,7
2,,1998,,,2017,쮢쏮 晝,"1,000",썭,1,30,26,37.755,,,510,42800,10
3,,1989,,,2017,쮢쏮 쟕,"1,000",弑,1,24,9,48.51,,,1,42800,4
4,,1989,,,2017,쮢쏮 쟕,"2,300",弑,1,0,18,29.79,,,1,42800,5
5,,2010,,,2017,쮢쏮 촋쒖,"7,600",쮢쏮쨡좗젏얭퀛콜,1,0,25,68.73,,,436,42800,10
6,,2010,,,2017,쮢쏮 촋쒖,"9,120",쮢쏮쨡좗젏얭퀛콜,1,0,26,84.9,,,436,42800,3
0,,2013,,,2017,쮢쏮 晝,"7,500",쨠텀쫔콪텈쫔,2,0,6,84.99,,,655,42800,14
1,,1989,,,2017,쮢쏮 쟕,300,弑,2,23,17,29.79,,,1,42800,2
2,,2010,,,2017,쮢쏮 촋쒖,"4,000",쮢쏮쨡좗젏얭퀛콜,2,40,1,84.9,,,436,42800,3
3,,2010,,,2017,쮢쏮 촋쒖,"8,250",쮢쏮쨡좗젏얭퀛콜,2,0,1,77.12,,,436,42800,7
4,,2010,,,2017,쮢쏮 촋쒖,"9,120",쮢쏮쨡좗젏얭퀛콜,2,0,8,84.9,,,436,42800,10
5,,2010,,,2017,쮢쏮 촋쒖,"8,500",쮢쏮쨡좗젏얭퀛콜,2,0,20,77.12,,,436,42800,9
6,,2010,,,2017,쮢쏮 촋쒖,"9,120",쮢쏮쨡좗젏얭퀛콜,2,0,24,84.9,,,436,42800,6
7,,2010,,,2017,쮢쏮 촋쒖,"8,250",쮢쏮쨡좗젏얭퀛콜,2,0,27,77.12,,,436,42800,2
0,,1998,,,2017,쮢쏮 晝,"2,000",썭,3,20,2,37.755,,,510,42800,6
1,,1998,,,2017,쮢쏮 晝,"1,000",썭,3,40,2,59.4,,,510,42800,8
2,,1998,,,2017,쮢쏮 晝,"6,000",썭,3,0,17,59.4,,,510,42800,11
3,,1998,,,2017,쮢쏮 晝,"2,500",썭,3,0,31,37.755,,,510,42800,8
4,,1995,,,2017,쮢쏮 쟕,"4,000",첊쟙쐉쟗,3,0,24,59.67,,,1-5,42800,2
5,,2010,,,2017,쮢쏮 촋쒖,"8,250",쮢쏮쨡좗젏얭퀛콜,3,0,3,77.12,,,436,42800,7
6,,2010,,,2017,쮢쏮 촋쒖,"8,250",쮢쏮쨡좗젏얭퀛콜,3,0,6,77.12,,,436,42800,5
7,,2010,,,2017,쮢쏮 촋쒖,"8,250",쮢쏮쨡좗젏얭퀛콜,3,0,20,77.12,,,436,42800,5
0,,1998,,,2017,쮢쏮 晝,"1,000",썭,4,30,28,37.755,,,510,42800,15
1,,1998,,,2017,쮢쏮 晝,"2,700",썭,4,20,29,37.755,,,510,42800,13
2,,1989,,,2017,쮢쏮 쟕,"1,300",弑,4,12,1,29.79,,,1,42800,3
3,,1995,,,2017,쮢쏮 쟕,"4,000",첊쟙쐉쟗,4,0,20,59.67,,,1-5,42800,1
4,,1989,,,2017,쮢쏮 쟕,"2,500",弑,4,10,25,48.51,,,1,42800,4
0,,2004,,,2017,쮢쏮 晝,"8,000",큉좗첞,5,0,19,84.4862,,,559,42800,13
1,,1998,,,2017,쮢쏮 晝,500,썭,5,35,23,37.755,,,510,42800,4
2,,1989,,,2017,쮢쏮 쟕,"2,000",弑,5,13,2,48.51,,,1,42800,5
3,,1989,,,2017,쮢쏮 쟕,"2,000",弑,5,15,8,48.51,,,1,42800,4
4,,2010,,,2017,쮢쏮 촋쒖,"8,250",쮢쏮쨡좗젏얭퀛콜,5,0,15,77.12,,,436,42800,7
0,,1998,,,2017,쮢쏮 晝,"2,000",썭,6,30,14,59.4,,,510,42800,10
1,,1989,,,2017,쮢쏮 쟕,"1,500",弑,6,11,1,29.79,,,1,42800,4
2,,1989,,,2017,쮢쏮 쟕,"1,500",弑,6,8,3,29.79,,,1,42800,5
3,,2010,,,2017,쮢쏮 촋쒖,"8,250",쮢쏮쨡좗젏얭퀛콜,6,0,29,77.12,,,436,42800,8
0,,1998,,,2017,쮢쏮 晝,"1,500",썭,7,20,13,37.755,,,510,42800,8
1,,2013,,,2017,쮢쏮 晝,"1,000",쨠텀쫔콪텈쫔,7,45,18,84.99,,,655,42800,1
2,,2010,,,2017,쮢쏮 촋쒖,"9,120",쮢쏮쨡좗젏얭퀛콜,7,0,4,84.9,,,436,42800,4
3,,2010,,,2017,쮢쏮 촋쒖,"9,120",쮢쏮쨡좗젏얭퀛콜,7,0,10,84.9,,,436,42800,4
4,,2010,,,2017,쮢쏮 촋쒖,"8,250",쮢쏮쨡좗젏얭퀛콜,7,0,13,77.12,,,436,42800,4
0,,2013,,,2017,쮢쏮 晝,"8,000",쨠텀쫔콪텈쫔,8,0,22,114.4,,,655,42800,2
1,,1989,,,2017,쮢쏮 쟕,500,弑,8,20,9,29.79,,,1,42800,4
2,,1989,,,2017,쮢쏮 쟕,"1,400",弑,8,0,15,48.51,,,1,42800,3
3,,1995,,,2017,쮢쏮 쟕,"7,000",첊쟙쐉쟗,8,5,28,84.78,,,1-5,42800,9
0,,1998,,,2017,쮢쏮 晝,"7,000",썭,9,0,22,59.4,,,510,42800,7
1,,1998,,,2017,쮢쏮 晝,"2,000",썭,9,20,27,59.4,,,510,42800,1
2,,2010,,,2017,쮢쏮 촋쒖,"8,250",쮢쏮쨡좗젏얭퀛콜,9,0,11,77.12,,,436,42800,7
3,,2010,,,2017,쮢쏮 촋쒖,"8,250",쮢쏮쨡좗젏얭퀛콜,9,0,20,77.12,,,436,42800,7
4,,1992,,,2017,쮢쏮 촋쒖,"3,500",쮢쏮줮좯,9,0,27,53.91,,,177,42800,3
0,,2013,,,2017,쮢쏮 晝,"15,500",쨠텀쫔콪텈쫔,10,0,12,74.238,,,655,42800,8
0,,2013,,,2017,쮢쏮 晝,"15,500",쨠텀쫔콪텈쫔,11,0,6,74.238,,,655,42800,8
1,,1998,,,2017,쮢쏮 晝,"1,500",썭,11,25,7,37.755,,,510,42800,12
2,,2010,,,2017,쮢쏮 촋쒖,"9,480",쮢쏮쨡좗젏얭퀛콜,11,0,13,84.9,,,436,42800,7
3,,2010,,,2017,쮢쏮 촋쒖,"9,480",쮢쏮쨡좗젏얭퀛콜,11,0,13,84.9,,,436,42800,4
4,,2010,,,2017,쮢쏮 촋쒖,"8,050",쮢쏮쨡좗젏얭퀛콜,11,0,15,77.12,,,436,42800,1
5,,2010,,,2017,쮢쏮 촋쒖,"9,480",쮢쏮쨡좗젏얭퀛콜,11,0,20,84.9,,,436,42800,6
6,,2010,,,2017,쮢쏮 촋쒖,"7,700",쮢쏮쨡좗젏얭퀛콜,11,0,21,77.12,,,436,42800,1
7,,2010,,,2017,쮢쏮 촋쒖,"8,580",쮢쏮쨡좗젏얭퀛콜,11,0,23,77.12,,,436,42800,3
8,,2010,,,2017,쮢쏮 촋쒖,"8,580",쮢쏮쨡좗젏얭퀛콜,11,0,27,77.12,,,436,42800,8
9,,2010,,,2017,쮢쏮 촋쒖,"8,580",쮢쏮쨡좗젏얭퀛콜,11,0,27,77.12,,,436,42800,7
10,,2010,,,2017,쮢쏮 촋쒖,"8,580",쮢쏮쨡좗젏얭퀛콜,11,0,27,77.12,,,436,42800,9
11,,2010,,,2017,쮢쏮 촋쒖,"8,580",쮢쏮쨡좗젏얭퀛콜,11,0,29,77.12,,,436,42800,7
0,,1998,,,2017,쮢쏮 晝,"4,000",썭,12,0,4,37.755,,,510,42800,13
1,,1989,,,2017,쮢쏮 쟕,"3,300",弑,12,0,19,48.51,,,1,42800,3
2,,2010,,,2017,쮢쏮 촋쒖,"9,480",쮢쏮쨡좗젏얭퀛콜,12,0,4,84.9,,,436,42800,7
3,,2010,,,2017,쮢쏮 촋쒖,"8,580",쮢쏮쨡좗젏얭퀛콜,12,0,4,77.12,,,436,42800,6
4,,2010,,,2017,쮢쏮 촋쒖,"9,060",쮢쏮쨡좗젏얭퀛콜,12,0,4,84.9,,,436,42800,1
5,,2010,,,2017,쮢쏮 촋쒖,"9,480",쮢쏮쨡좗젏얭퀛콜,12,0,4,84.9,,,436,42800,7
6,,2010,,,2017,쮢쏮 촋쒖,"8,190",쮢쏮쨡좗젏얭퀛콜,12,0,4,77.12,,,436,42800,9
7,,2010,,,2017,쮢쏮 촋쒖,"8,580",쮢쏮쨡좗젏얭퀛콜,12,0,5,77.12,,,436,42800,6
8,,2010,,,2017,쮢쏮 촋쒖,"9,480",쮢쏮쨡좗젏얭퀛콜,12,0,5,84.9,,,436,42800,9
9,,2010,,,2017,쮢쏮 촋쒖,"8,580",쮢쏮쨡좗젏얭퀛콜,12,0,5,77.12,,,436,42800,2
10,,2010,,,2017,쮢쏮 촋쒖,"9,050",쮢쏮쨡좗젏얭퀛콜,12,0,6,84.9,,,436,42800,2
11,,2010,,,2017,쮢쏮 촋쒖,"8,580",쮢쏮쨡좗젏얭퀛콜,12,0,6,77.12,,,436,42800,4
12,,2010,,,2017,쮢쏮 촋쒖,"9,480",쮢쏮쨡좗젏얭퀛콜,12,0,6,84.9,,,436,42800,3
13,,2010,,,2017,쮢쏮 촋쒖,"8,580",쮢쏮쨡좗젏얭퀛콜,12,0,6,77.12,,,436,42800,4
14,,2010,,,2017,쮢쏮 촋쒖,"9,480",쮢쏮쨡좗젏얭퀛콜,12,0,6,84.9,,,436,42800,3
15,,2010,,,2017,쮢쏮 촋쒖,"9,480",쮢쏮쨡좗젏얭퀛콜,12,0,7,84.9,,,436,42800,5
16,,2010,,,2017,쮢쏮 촋쒖,"6,650",쮢쏮쨡좗젏얭퀛콜,12,0,7,77.12,,,436,42800,4
17,,2010,,,2017,쮢쏮 촋쒖,"8,580",쮢쏮쨡좗젏얭퀛콜,12,0,7,77.12,,,436,42800,8
18,,2010,,,2017,쮢쏮 촋쒖,"9,480",쮢쏮쨡좗젏얭퀛콜,12,0,7,84.9,,,436,42800,5
19,,2010,,,2017,쮢쏮 촋쒖,"9,480",쮢쏮쨡좗젏얭퀛콜,12,0,7,84.9,,,436,42800,4
20,,2010,,,2017,쮢쏮 촋쒖,"8,000",쮢쏮쨡좗젏얭퀛콜,12,0,7,77.12,,,436,42800,1
21,,2010,,,2017,쮢쏮 촋쒖,"9,480",쮢쏮쨡좗젏얭퀛콜,12,0,8,84.9,,,436,42800,9
22,,2010,,,2017,쮢쏮 촋쒖,"8,580",쮢쏮쨡좗젏얭퀛콜,12,0,8,77.12,,,436,42800,8
23,,2010,,,2017,쮢쏮 촋쒖,"8,580",쮢쏮쨡좗젏얭퀛콜,12,0,8,77.12,,,436,42800,7
24,,2010,,,2017,쮢쏮 촋쒖,"8,580",쮢쏮쨡좗젏얭퀛콜,12,0,9,77.12,,,436,42800,7
25,,2010,,,2017,쮢쏮 촋쒖,"8,580",쮢쏮쨡좗젏얭퀛콜,12,0,11,77.12,,,436,42800,10
26,,2010,,,2017,쮢쏮 촋쒖,"9,480",쮢쏮쨡좗젏얭퀛콜,12,0,18,84.9,,,436,42800,3
27,,2010,,,2017,쮢쏮 촋쒖,"8,580",쮢쏮쨡좗젏얭퀛콜,12,0,18,77.12,,,436,42800,7
28,,1992,,,2017,쮢쏮 촋쒖,"1,000",쮢쏮줮좯,12,20,19,53.91,,,177,42800,2
29,,2010,,,2017,쮢쏮 촋쒖,"9,480",쮢쏮쨡좗젏얭퀛콜,12,0,20,84.9,,,436,42800,5
30,,2010,,,2017,쮢쏮 촋쒖,"8,580",쮢쏮쨡좗젏얭퀛콜,12,0,22,77.12,,,436,42800,6
31,,2010,,,2017,쮢쏮 촋쒖,"8,020",쮢쏮쨡좗젏얭퀛콜,12,0,26,77.12,,,436,42800,1
32,,2010,,,2017,쮢쏮 촋쒖,"9,480",쮢쏮쨡좗젏얭퀛콜,12,0,29,84.9,,,436,42800,5
33,,2010,,,2017,쮢쏮 촋쒖,"9,480",쮢쏮쨡좗젏얭퀛콜,12,0,29,84.9,,,436,42800,10
0,,2013,,,2018,쮢쏮 晝,"12,000",쨠텀쫔콪텈쫔,1,0,10,74.238,,,655,42800,15
1,,1989,,,2018,쮢쏮 쟕,"2,500",弑,1,0,4,29.79,,,1,42800,3
2,,1989,,,2018,쮢쏮 쟕,"1,000",弑,1,25,8,48.51,,,1,42800,4
3,,2010,,,2018,쮢쏮 촋쒖,"8,580",쮢쏮쨡좗젏얭퀛콜,1,0,3,77.12,,,436,42800,10
4,,2010,,,2018,쮢쏮 촋쒖,"8,580",쮢쏮쨡좗젏얭퀛콜,1,0,8,77.12,,,436,42800,2
5,,2010,,,2018,쮢쏮 촋쒖,"8,580",쮢쏮쨡좗젏얭퀛콜,1,0,10,77.12,,,436,42800,3
6,,2010,,,2018,쮢쏮 촋쒖,"10,000",쮢쏮쨡좗젏얭퀛콜,1,0,20,84.9,,,436,42800,10
0,,1989,,,2018,쮢쏮 쟕,"1,500",弑,2,10,28,29.79,,,1,42800,2
0,,2013,,,2018,쮢쏮 晝,"15,000",쨠텀쫔콪텈쫔,3,0,17,84.884,,,655,42800,9
1,,2013,,,2018,쮢쏮 晝,"15,000",쨠텀쫔콪텈쫔,3,0,27,84.884,,,655,42800,10
2,,1989,,,2018,쮢쏮 쟕,"2,000",弑,3,15,4,48.51,,,1,42800,4
3,,1989,,,2018,쮢쏮 쟕,"2,000",弑,3,15,7,48.51,,,1,42800,2
4,,1989,,,2018,쮢쏮 쟕,"1,500",弑,3,11,12,29.79,,,1,42800,2
5,,1989,,,2018,쮢쏮 쟕,"1,500",弑,3,11,15,29.79,,,1,42800,3
6,,1989,,,2018,쮢쏮 쟕,"1,200",弑,3,11,21,29.79,,,1,42800,5
7,,2010,,,2018,쮢쏮 촋쒖,"8,580",쮢쏮쨡좗젏얭퀛콜,3,0,5,77.12,,,436,42800,8
8,,2010,,,2018,쮢쏮 촋쒖,"8,020",쮢쏮쨡좗젏얭퀛콜,3,0,9,77.12,,,436,42800,1
9,,2010,,,2018,쮢쏮 촋쒖,"8,580",쮢쏮쨡좗젏얭퀛콜,3,0,12,77.12,,,436,42800,10
10,,2010,,,2018,쮢쏮 촋쒖,"8,580",쮢쏮쨡좗젏얭퀛콜,3,0,19,77.12,,,436,42800,6
11,,2010,,,2018,쮢쏮 촋쒖,"8,580",쮢쏮쨡좗젏얭퀛콜,3,0,19,77.12,,,436,42800,2
12,,1992,,,2018,쮢쏮 촋쒖,"5,000",쮢쏮줮좯,3,0,22,73.54,,,177,42800,4
13,,2010,,,2018,쮢쏮 촋쒖,"8,580",쮢쏮쨡좗젏얭퀛콜,3,0,22,77.12,,,436,42800,6
14,,2010,,,2018,쮢쏮 촋쒖,"8,580",쮢쏮쨡좗젏얭퀛콜,3,0,26,77.12,,,436,42800,10
0,,1998,,,2018,쮢쏮 晝,"1,000",썭,4,40,1,59.4,,,510,42800,6
1,,1998,,,2018,쮢쏮 晝,"1,000",썭,4,30,6,37.755,,,510,42800,9
2,,2018,,,2018,쮢쏮 晝,"5,100",쮢쏮쨡좗젏얭퀛콜2췽,4,8,20,49.69,,,573,42800,8
3,,1998,,,2018,쮢쏮 晝,"1,000",썭,4,30,22,37.755,,,510,42800,12
4,,2010,,,2018,쮢쏮 촋쒖,"9,480",쮢쏮쨡좗젏얭퀛콜,4,0,2,84.9,,,436,42800,3
5,,2010,,,2018,쮢쏮 촋쒖,"7,280",쮢쏮쨡좗젏얭퀛콜,4,0,4,77.12,,,436,42800,1
6,,2010,,,2018,쮢쏮 촋쒖,"8,580",쮢쏮쨡좗젏얭퀛콜,4,0,9,77.12,,,436,42800,4
0,,1998,,,2018,쮢쏮 晝,"1,000",썭,5,30,6,37.755,,,510,42800,1
1,,1989,,,2018,쮢쏮 쟕,"2,000",弑,5,15,11,48.51,,,1,42800,5
2,,2010,,,2018,쮢쏮 촋쒖,"9,480",쮢쏮쨡좗젏얭퀛콜,5,0,2,84.9,,,436,42800,9
3,,2010,,,2018,쮢쏮 촋쒖,"8,580",쮢쏮쨡좗젏얭퀛콜,5,0,16,77.12,,,436,42800,3
4,,2010,,,2018,쮢쏮 촋쒖,"9,480",쮢쏮쨡좗젏얭퀛콜,5,0,17,84.9,,,436,42800,3
5,,2010,,,2018,쮢쏮 촋쒖,"8,580",쮢쏮쨡좗젏얭퀛콜,5,0,23,77.12,,,436,42800,8
6,,1992,,,2018,쮢쏮 촋쒖,"6,000",쮢쏮줮좯,5,0,26,73.54,,,177,42800,3
0,,1998,,,2018,쮢쏮 晝,"2,000",썭,6,28,3,37.755,,,510,42800,13
1,,1998,,,2018,쮢쏮 晝,500,썭,6,30,18,37.755,,,510,42800,12
2,,1989,,,2018,쮢쏮 쟕,"1,500",弑,6,9,2,29.79,,,1,42800,5
3,,1995,,,2018,쮢쏮 쟕,"6,000",첊쟙쐉쟗,6,0,29,84.78,,,1-5,42800,2
4,,2010,,,2018,쮢쏮 촋쒖,"8,580",쮢쏮쨡좗젏얭퀛콜,6,0,11,77.12,,,436,42800,4
5,,2010,,,2018,쮢쏮 촋쒖,"9,480",쮢쏮쨡좗젏얭퀛콜,6,0,12,84.9,,,436,42800,8
6,,2010,,,2018,쮢쏮 촋쒖,"8,360",쮢쏮쨡좗젏얭퀛콜,6,0,14,77.12,,,436,42800,2
0,,2018,,,2018,쮢쏮 晝,"6,200",쮢쏮쨡좗젏얭퀛콜2췽,7,10,4,59.51,,,573,42800,2
1,,2018,,,2018,쮢쏮 晝,"6,120",쮢쏮쨡좗젏얭퀛콜2췽,7,10,6,59.51,,,573,42800,15
2,,1998,,,2018,쮢쏮 晝,"2,000",썭,7,25,14,59.4,,,510,42800,15
3,,2018,,,2018,쮢쏮 晝,"6,200",쮢쏮쨡좗젏얭퀛콜2췽,7,10,16,59.51,,,573,42800,6
4,,1998,,,2018,쮢쏮 晝,"1,000",썭,7,40,18,59.4,,,510,42800,8
5,,2018,,,2018,쮢쏮 晝,"4,900",쮢쏮쨡좗젏얭퀛콜2췽,7,7,23,49.54,,,573,42800,6
6,,1998,,,2018,쮢쏮 晝,500,썭,7,30,23,37.755,,,510,42800,3
7,,2018,,,2018,쮢쏮 晝,"4,900",쮢쏮쨡좗젏얭퀛콜2췽,7,7,31,49.54,,,573,42800,2
8,,1989,,,2018,쮢쏮 쟕,"1,700",弑,7,0,16,48.51,,,1,42800,3
9,,1989,,,2018,쮢쏮 쟕,"1,500",弑,7,9,16,29.79,,,1,42800,5
10,,2010,,,2018,쮢쏮 촋쒖,"9,480",쮢쏮쨡좗젏얭퀛콜,7,0,2,84.9,,,436,42800,7
11,,2010,,,2018,쮢쏮 촋쒖,"8,580",쮢쏮쨡좗젏얭퀛콜,7,0,19,77.12,,,436,42800,4
0,,2004,,,2018,쮢쏮 晝,"2,000",큉좗첞,8,45,13,84.4862,,,559,42800,8
1,,1998,,,2018,쮢쏮 晝,"2,000",썭,8,20,17,37.755,,,510,42800,3
2,,1998,,,2018,쮢쏮 晝,"2,000",썭,8,30,25,37.755,,,510,42800,4
3,,1998,,,2018,쮢쏮 晝,"2,000",썭,8,30,25,37.755,,,510,42800,4
4,,1989,,,2018,쮢쏮 쟕,"2,400",弑,8,13,7,48.51,,,1,42800,3
5,,2010,,,2018,쮢쏮 촋쒖,"8,580",쮢쏮쨡좗젏얭퀛콜,8,0,8,77.12,,,436,42800,10
6,,2010,,,2018,쮢쏮 촋쒖,"8,580",쮢쏮쨡좗젏얭퀛콜,8,0,14,77.12,,,436,42800,3
7,,1992,,,2018,쮢쏮 촋쒖,"3,000",쮢쏮줮좯,8,25,27,53.91,,,177,42800,5
0,,1998,,,2018,쮢쏮 晝,"3,500",썭,9,0,13,37.755,,,510,42800,13
1,,1989,,,2018,쮢쏮 쟕,"1,400",弑,9,20,23,48.51,,,1,42800,1
2,,1992,,,2018,쮢쏮 촋쒖,"1,000",쮢쏮줮좯,9,40,1,73.54,,,177,42800,1
3,,2010,,,2018,쮢쏮 촋쒖,"7,900",쮢쏮쨡좗젏얭퀛콜,9,0,17,68.73,,,436,42800,10
0,,2013,,,2018,쮢쏮 晝,"15,000",쨠텀쫔콪텈쫔,10,0,2,84.884,,,655,42800,14
1,,1998,,,2018,쮢쏮 晝,"2,000",썭,10,20,6,37.755,,,510,42800,3
2,,2013,,,2018,쮢쏮 晝,"16,000",쨠텀쫔콪텈쫔,10,0,22,84.99,,,655,42800,10
3,,1998,,,2018,쮢쏮 晝,"2,000",썭,10,25,25,59.4,,,510,42800,8
4,,2013,,,2018,쮢쏮 晝,"1,000",쨠텀쫔콪텈쫔,10,60,26,84.99,,,655,42800,2
5,,2013,,,2018,쮢쏮 晝,"15,000",쨠텀쫔콪텈쫔,10,0,31,84.99,,,655,42800,15
6,,2010,,,2018,쮢쏮 촋쒖,"8,580",쮢쏮쨡좗젏얭퀛콜,10,0,2,77.12,,,436,42800,2
7,,2010,,,2018,쮢쏮 촋쒖,"9,480",쮢쏮쨡좗젏얭퀛콜,10,0,8,84.9,,,436,42800,2
8,,2010,,,2018,쮢쏮 촋쒖,"9,009",쮢쏮쨡좗젏얭퀛콜,10,0,15,77.12,,,436,42800,5
9,,2010,,,2018,쮢쏮 촋쒖,"9,009",쮢쏮쨡좗젏얭퀛콜,10,0,15,77.12,,,436,42800,9
10,,2010,,,2018,쮢쏮 촋쒖,"9,009",쮢쏮쨡좗젏얭퀛콜,10,0,18,77.12,,,436,42800,7
11,,2010,,,2018,쮢쏮 촋쒖,"9,954",쮢쏮쨡좗젏얭퀛콜,10,0,25,84.9,,,436,42800,3
12,,2010,,,2018,쮢쏮 촋쒖,"9,954",쮢쏮쨡좗젏얭퀛콜,10,0,25,84.9,,,436,42800,10
13,,2010,,,2018,쮢쏮 촋쒖,"8,579",쮢쏮쨡좗젏얭퀛콜,10,0,25,77.12,,,436,42800,10
14,,2010,,,2018,쮢쏮 촋쒖,"9,009",쮢쏮쨡좗젏얭퀛콜,10,0,25,77.12,,,436,42800,9
15,,2010,,,2018,쮢쏮 촋쒖,"9,954",쮢쏮쨡좗젏얭퀛콜,10,0,25,84.9,,,436,42800,9
16,,2010,,,2018,쮢쏮 촋쒖,"8,453",쮢쏮쨡좗젏얭퀛콜,10,0,25,77.12,,,436,42800,1
17,,2010,,,2018,쮢쏮 촋쒖,"9,954",쮢쏮쨡좗젏얭퀛콜,10,0,25,84.9,,,436,42800,10
18,,2010,,,2018,쮢쏮 촋쒖,"9,009",쮢쏮쨡좗젏얭퀛콜,10,0,25,77.12,,,436,42800,4
19,,2010,,,2018,쮢쏮 촋쒖,"9,009",쮢쏮쨡좗젏얭퀛콜,10,0,25,77.12,,,436,42800,4
20,,2010,,,2018,쮢쏮 촋쒖,"9,954",쮢쏮쨡좗젏얭퀛콜,10,0,25,84.9,,,436,42800,3
21,,2010,,,2018,쮢쏮 촋쒖,"9,954",쮢쏮쨡좗젏얭퀛콜,10,0,25,84.9,,,436,42800,7
22,,2010,,,2018,쮢쏮 촋쒖,"9,009",쮢쏮쨡좗젏얭퀛콜,10,0,25,77.12,,,436,42800,2
23,,2010,,,2018,쮢쏮 촋쒖,"9,492",쮢쏮쨡좗젏얭퀛콜,10,0,25,84.9,,,436,42800,1
24,,2010,,,2018,쮢쏮 촋쒖,"9,513",쮢쏮쨡좗젏얭퀛콜,10,0,25,84.9,,,436,42800,8
25,,2010,,,2018,쮢쏮 촋쒖,"9,954",쮢쏮쨡좗젏얭퀛콜,10,0,25,84.9,,,436,42800,7
26,,2010,,,2018,쮢쏮 촋쒖,"8,085",쮢쏮쨡좗젏얭퀛콜,10,0,25,77.12,,,436,42800,1
27,,2010,,,2018,쮢쏮 촋쒖,"9,009",쮢쏮쨡좗젏얭퀛콜,10,0,25,77.12,,,436,42800,2
28,,2010,,,2018,쮢쏮 촋쒖,"9,954",쮢쏮쨡좗젏얭퀛콜,10,0,26,84.9,,,436,42800,3
29,,2010,,,2018,쮢쏮 촋쒖,"9,954",쮢쏮쨡좗젏얭퀛콜,10,0,26,84.9,,,436,42800,9
30,,2010,,,2018,쮢쏮 촋쒖,"9,954",쮢쏮쨡좗젏얭퀛콜,10,0,26,84.9,,,436,42800,4
31,,2010,,,2018,쮢쏮 촋쒖,"6,983",쮢쏮쨡좗젏얭퀛콜,10,20,26,77.12,,,436,42800,4
32,,2010,,,2018,쮢쏮 촋쒖,"9,009",쮢쏮쨡좗젏얭퀛콜,10,0,26,77.12,,,436,42800,7
33,,2010,,,2018,쮢쏮 촋쒖,"9,954",쮢쏮쨡좗젏얭퀛콜,10,0,26,84.9,,,436,42800,9
34,,2010,,,2018,쮢쏮 촋쒖,"9,009",쮢쏮쨡좗젏얭퀛콜,10,0,26,77.12,,,436,42800,9
35,,2010,,,2018,쮢쏮 촋쒖,"9,954",쮢쏮쨡좗젏얭퀛콜,10,0,26,84.9,,,436,42800,4
36,,2010,,,2018,쮢쏮 촋쒖,"9,513",쮢쏮쨡좗젏얭퀛콜,10,0,26,84.9,,,436,42800,1
37,,2010,,,2018,쮢쏮 촋쒖,"9,954",쮢쏮쨡좗젏얭퀛콜,10,0,26,84.9,,,436,42800,6
38,,2010,,,2018,쮢쏮 촋쒖,"9,954",쮢쏮쨡좗젏얭퀛콜,10,0,26,84.9,,,436,42800,8
39,,2010,,,2018,쮢쏮 촋쒖,"9,009",쮢쏮쨡좗젏얭퀛콜,10,0,26,77.12,,,436,42800,8
40,,2010,,,2018,쮢쏮 촋쒖,"9,954",쮢쏮쨡좗젏얭퀛콜,10,0,26,84.9,,,436,42800,7
41,,2010,,,2018,쮢쏮 촋쒖,"9,009",쮢쏮쨡좗젏얭퀛콜,10,0,26,77.12,,,436,42800,10
42,,2010,,,2018,쮢쏮 촋쒖,"9,009",쮢쏮쨡좗젏얭퀛콜,10,0,26,77.12,,,436,42800,5
43,,2010,,,2018,쮢쏮 촋쒖,"9,954",쮢쏮쨡좗젏얭퀛콜,10,0,26,84.9,,,436,42800,6
44,,2010,,,2018,쮢쏮 촋쒖,"9,009",쮢쏮쨡좗젏얭퀛콜,10,0,26,77.12,,,436,42800,7
45,,2010,,,2018,쮢쏮 촋쒖,"9,954",쮢쏮쨡좗젏얭퀛콜,10,0,26,84.9,,,436,42800,2
46,,2010,,,2018,쮢쏮 촋쒖,"6,195",쮢쏮쨡좗젏얭퀛콜,10,28,26,77.12,,,436,42800,6
47,,2010,,,2018,쮢쏮 촋쒖,"9,009",쮢쏮쨡좗젏얭퀛콜,10,0,26,77.12,,,436,42800,3
48,,2010,,,2018,쮢쏮 촋쒖,"9,009",쮢쏮쨡좗젏얭퀛콜,10,0,26,77.12,,,436,42800,3
49,,2010,,,2018,쮢쏮 촋쒖,"9,954",쮢쏮쨡좗젏얭퀛콜,10,0,26,84.9,,,436,42800,5
50,,2010,,,2018,쮢쏮 촋쒖,"9,492",쮢쏮쨡좗젏얭퀛콜,10,0,26,84.9,,,436,42800,1
51,,2010,,,2018,쮢쏮 촋쒖,"9,954",쮢쏮쨡좗젏얭퀛콜,10,0,26,84.9,,,436,42800,5
52,,2010,,,2018,쮢쏮 촋쒖,"9,009",쮢쏮쨡좗젏얭퀛콜,10,0,26,77.12,,,436,42800,8
53,,2010,,,2018,쮢쏮 촋쒖,"9,009",쮢쏮쨡좗젏얭퀛콜,10,0,26,77.12,,,436,42800,4
54,,2010,,,2018,쮢쏮 촋쒖,"9,954",쮢쏮쨡좗젏얭퀛콜,10,0,26,84.9,,,436,42800,10
55,,2010,,,2018,쮢쏮 촋쒖,"9,954",쮢쏮쨡좗젏얭퀛콜,10,0,26,84.9,,,436,42800,10
56,,2010,,,2018,쮢쏮 촋쒖,"9,009",쮢쏮쨡좗젏얭퀛콜,10,0,26,77.12,,,436,42800,5
57,,2010,,,2018,쮢쏮 촋쒖,"9,954",쮢쏮쨡좗젏얭퀛콜,10,0,27,84.9,,,436,42800,9
58,,2010,,,2018,쮢쏮 촋쒖,"9,009",쮢쏮쨡좗젏얭퀛콜,10,0,27,77.12,,,436,42800,6
59,,2010,,,2018,쮢쏮 촋쒖,"9,954",쮢쏮쨡좗젏얭퀛콜,10,0,27,84.9,,,436,42800,7
60,,2010,,,2018,쮢쏮 촋쒖,"9,009",쮢쏮쨡좗젏얭퀛콜,10,0,27,77.12,,,436,42800,9
61,,2010,,,2018,쮢쏮 촋쒖,"9,954",쮢쏮쨡좗젏얭퀛콜,10,0,27,84.9,,,436,42800,2
62,,2010,,,2018,쮢쏮 촋쒖,"9,954",쮢쏮쨡좗젏얭퀛콜,10,0,27,84.9,,,436,42800,2
63,,2010,,,2018,쮢쏮 촋쒖,"9,009",쮢쏮쨡좗젏얭퀛콜,10,0,27,77.12,,,436,42800,10
64,,2010,,,2018,쮢쏮 촋쒖,"9,513",쮢쏮쨡좗젏얭퀛콜,10,0,27,84.9,,,436,42800,1
65,,2010,,,2018,쮢쏮 촋쒖,"9,954",쮢쏮쨡좗젏얭퀛콜,10,0,27,84.9,,,436,42800,7
66,,2010,,,2018,쮢쏮 촋쒖,"9,954",쮢쏮쨡좗젏얭퀛콜,10,0,27,84.9,,,436,42800,3
67,,2010,,,2018,쮢쏮 촋쒖,"9,009",쮢쏮쨡좗젏얭퀛콜,10,0,27,77.12,,,436,42800,3
68,,2010,,,2018,쮢쏮 촋쒖,"8,789",쮢쏮쨡좗젏얭퀛콜,10,0,27,77.12,,,436,42800,2
69,,2010,,,2018,쮢쏮 촋쒖,"9,513",쮢쏮쨡좗젏얭퀛콜,10,0,27,84.9,,,436,42800,1
70,,2010,,,2018,쮢쏮 촋쒖,"9,009",쮢쏮쨡좗젏얭퀛콜,10,0,27,77.12,,,436,42800,6
71,,2010,,,2018,쮢쏮 촋쒖,"8,295",쮢쏮쨡좗젏얭퀛콜,10,0,27,68.73,,,436,42800,9
0,,2018,,,2018,쮢쏮 晝,"5,100",쮢쏮쨡좗젏얭퀛콜2췽,11,8,20,49.69,,,573,42800,13
1,,1995,,,2018,쮢쏮 쟕,"1,000",첊쟙쐉쟗,11,40,28,59.67,,,1-5,42800,3
2,,2010,,,2018,쮢쏮 촋쒖,"9,009",쮢쏮쨡좗젏얭퀛콜,11,0,19,77.12,,,436,42800,7
3,,2010,,,2018,쮢쏮 촋쒖,"9,009",쮢쏮쨡좗젏얭퀛콜,11,0,28,77.12,,,436,42800,8
0,,2013,,,2018,쮢쏮 晝,"15,000",쨠텀쫔콪텈쫔,12,0,14,84.99,,,655,42800,12
1,,2018,,,2018,쮢쏮 晝,"5,100",쮢쏮쨡좗젏얭퀛콜2췽,12,8,20,49.69,,,573,42800,8
2,,2010,,,2018,쮢쏮 촋쒖,"9,009",쮢쏮쨡좗젏얭퀛콜,12,0,7,77.12,,,436,42800,9
3,,2010,,,2018,쮢쏮 촋쒖,"9,954",쮢쏮쨡좗젏얭퀛콜,12,0,7,84.9,,,436,42800,5
4,,2010,,,2018,쮢쏮 촋쒖,"9,009",쮢쏮쨡좗젏얭퀛콜,12,0,9,77.12,,,436,42800,10
5,,2010,,,2018,쮢쏮 촋쒖,"9,009",쮢쏮쨡좗젏얭퀛콜,12,0,9,77.12,,,436,42800,6
6,,2010,,,2018,쮢쏮 촋쒖,"9,009",쮢쏮쨡좗젏얭퀛콜,12,0,13,77.12,,,436,42800,3
7,,2010,,,2018,쮢쏮 촋쒖,"9,009",쮢쏮쨡좗젏얭퀛콜,12,0,17,77.12,,,436,42800,9
0,,2010,,,2019,쮢쏮 촋쒖,"9,009",쮢쏮쨡좗젏얭퀛콜,1,0,3,77.12,,,436,42800,9
1,,2010,,,2019,쮢쏮 촋쒖,"9,009",쮢쏮쨡좗젏얭퀛콜,1,0,9,77.12,,,436,42800,7
2,,2010,,,2019,쮢쏮 촋쒖,"8,580",쮢쏮쨡좗젏얭퀛콜,1,0,10,77.12,,,436,42800,6
3,,2010,,,2019,쮢쏮 촋쒖,"9,954",쮢쏮쨡좗젏얭퀛콜,1,0,15,84.9,,,436,42800,6
4,,2010,,,2019,쮢쏮 촋쒖,"9,954",쮢쏮쨡좗젏얭퀛콜,1,0,24,84.9,,,436,42800,3
5,,2010,,,2019,쮢쏮 촋쒖,"9,954",쮢쏮쨡좗젏얭퀛콜,1,0,28,84.9,,,436,42800,3
6,,2010,,,2019,쮢쏮 촋쒖,"9,009",쮢쏮쨡좗젏얭퀛콜,1,0,29,77.12,,,436,42800,7
7,,2010,,,2019,쮢쏮 촋쒖,"9,009",쮢쏮쨡좗젏얭퀛콜,1,0,29,77.12,,,436,42800,9
8,,2010,,,2019,쮢쏮 촋쒖,"9,009",쮢쏮쨡좗젏얭퀛콜,1,0,31,77.12,,,436,42800,6
0,,1995,,,2019,쮢쏮 쟕,"6,000",첊쟙쐉쟗,2,7,10,84.78,,,1-5,42800,4
1,,2010,,,2019,쮢쏮 촋쒖,"9,954",쮢쏮쨡좗젏얭퀛콜,2,0,7,84.9,,,436,42800,2
2,,2010,,,2019,쮢쏮 촋쒖,"9,954",쮢쏮쨡좗젏얭퀛콜,2,0,11,84.9,,,436,42800,10
3,,2010,,,2019,쮢쏮 촋쒖,"9,009",쮢쏮쨡좗젏얭퀛콜,2,0,11,77.12,,,436,42800,6
4,,2010,,,2019,쮢쏮 촋쒖,"9,009",쮢쏮쨡좗젏얭퀛콜,2,0,22,77.12,,,436,42800,2
0,,1998,,,2019,쮢쏮 晝,"4,500",썭,3,0,19,37.755,,,510,42800,7
1,,1989,,,2019,쮢쏮 쟕,"1,200",弑,3,25,29,48.51,,,1,42800,2
2,,2010,,,2019,쮢쏮 촋쒖,"9,950",쮢쏮쨡좗젏얭퀛콜,3,0,6,84.9,,,436,42800,10
3,,2010,,,2019,쮢쏮 촋쒖,"1,000",쮢쏮쨡좗젏얭퀛콜,3,45,7,77.12,,,436,42800,2
4,,2010,,,2019,쮢쏮 촋쒖,"1,000",쮢쏮쨡좗젏얭퀛콜,3,45,8,77.12,,,436,42800,5
5,,2010,,,2019,쮢쏮 촋쒖,"9,000",쮢쏮쨡좗젏얭퀛콜,3,0,11,77.12,,,436,42800,4
6,,2010,,,2019,쮢쏮 촋쒖,"9,000",쮢쏮쨡좗젏얭퀛콜,3,0,12,77.12,,,436,42800,3
7,,2010,,,2019,쮢쏮 촋쒖,"9,950",쮢쏮쨡좗젏얭퀛콜,3,0,19,84.9,,,436,42800,6
8,,2010,,,2019,쮢쏮 촋쒖,"9,000",쮢쏮쨡좗젏얭퀛콜,3,0,20,77.12,,,436,42800,3
9,,2010,,,2019,쮢쏮 촋쒖,"9,950",쮢쏮쨡좗젏얭퀛콜,3,0,22,84.9,,,436,42800,9
10,,2010,,,2019,쮢쏮 촋쒖,"8,450",쮢쏮쨡좗젏얭퀛콜,3,0,28,77.12,,,436,42800,1
0,,2013,,,2019,쮢쏮 晝,"15,000",쨠텀쫔콪텈쫔,4,0,3,84.99,,,655,42800,15
1,,2018,,,2019,쮢쏮 晝,"5,100",쮢쏮쨡좗젏얭퀛콜2췽,4,8,9,49.69,,,573,42800,7
2,,2013,,,2019,쮢쏮 晝,"15,000",쨠텀쫔콪텈쫔,4,0,30,84.884,,,655,42800,8
3,,1989,,,2019,쮢쏮 쟕,"2,000",弑,4,17,4,48.51,,,1,42800,2
4,,1989,,,2019,쮢쏮 쟕,"1,500",弑,4,8,13,29.79,,,1,42800,5
5,,2010,,,2019,쮢쏮 촋쒖,"9,000",쮢쏮쨡좗젏얭퀛콜,4,0,2,77.12,,,436,42800,10
6,,2010,,,2019,쮢쏮 촋쒖,"9,000",쮢쏮쨡좗젏얭퀛콜,4,0,17,77.12,,,436,42800,8
7,,2010,,,2019,쮢쏮 촋쒖,"9,000",쮢쏮쨡좗젏얭퀛콜,4,0,26,77.12,,,436,42800,10
0,,2018,,,2019,쮢쏮 晝,"6,200",쮢쏮쨡좗젏얭퀛콜2췽,5,10,2,59.51,,,573,42800,2
1,,1989,,,2019,쮢쏮 쟕,"2,000",弑,5,17,9,48.51,,,1,42800,2
2,,2010,,,2019,쮢쏮 촋쒖,"10,000",쮢쏮쨡좗젏얭퀛콜,5,0,3,77.12,,,436,42800,4
3,,2010,,,2019,쮢쏮 촋쒖,"9,000",쮢쏮쨡좗젏얭퀛콜,5,0,15,77.12,,,436,42800,2
4,,2010,,,2019,쮢쏮 촋쒖,"9,950",쮢쏮쨡좗젏얭퀛콜,5,0,24,84.9,,,436,42800,8
5,,2010,,,2019,쮢쏮 촋쒖,"9,000",쮢쏮쨡좗젏얭퀛콜,5,0,28,77.12,,,436,42800,7
0,,1989,,,2019,쮢쏮 쟕,"1,500",弑,6,13,1,29.79,,,1,42800,3
1,,1989,,,2019,쮢쏮 쟕,300,弑,6,25,10,29.79,,,1,42800,3
2,,2010,,,2019,쮢쏮 촋쒖,"9,950",쮢쏮쨡좗젏얭퀛콜,6,0,14,84.9,,,436,42800,8
3,,2010,,,2019,쮢쏮 촋쒖,"8,780",쮢쏮쨡좗젏얭퀛콜,6,0,24,77.12,,,436,42800,2
4,,2010,,,2019,쮢쏮 촋쒖,"9,950",쮢쏮쨡좗젏얭퀛콜,6,0,24,84.9,,,436,42800,4
5,,2010,,,2019,쮢쏮 촋쒖,"9,950",쮢쏮쨡좗젏얭퀛콜,6,0,27,84.9,,,436,42800,3
0,,1998,,,2019,쮢쏮 晝,"2,000",썭,7,20,12,37.755,,,510,42800,3
1,,2010,,,2019,쮢쏮 촋쒖,"9,000",쮢쏮쨡좗젏얭퀛콜,7,0,15,77.12,,,436,42800,4
2,,2010,,,2019,쮢쏮 촋쒖,"9,950",쮢쏮쨡좗젏얭퀛콜,7,0,24,84.9,,,436,42800,2
0,,1998,,,2019,쮢쏮 晝,"1,000",썭,8,30,5,37.755,,,510,42800,15
1,,2018,,,2019,쮢쏮 晝,"6,410",쮢쏮쨡좗젏얭퀛콜2췽,8,10,26,59.51,,,573,42800,15
2,,2018,,,2019,쮢쏮 晝,"6,410",쮢쏮쨡좗젏얭퀛콜2췽,8,10,26,59.51,,,573,42800,6
3,,2018,,,2019,쮢쏮 晝,"5,270",쮢쏮쨡좗젏얭퀛콜2췽,8,8,27,49.69,,,573,42800,12
4,,2018,,,2019,쮢쏮 晝,"6,510",쮢쏮쨡좗젏얭퀛콜2췽,8,10,27,59.98,,,573,42800,6
5,,2018,,,2019,쮢쏮 晝,"6,510",쮢쏮쨡좗젏얭퀛콜2췽,8,10,27,59.98,,,573,42800,7
6,,2018,,,2019,쮢쏮 晝,"5,060",쮢쏮쨡좗젏얭퀛콜2췽,8,8,27,49.54,,,573,42800,9
7,,2018,,,2019,쮢쏮 晝,"5,270",쮢쏮쨡좗젏얭퀛콜2췽,8,8,27,49.69,,,573,42800,2
8,,2018,,,2019,쮢쏮 晝,"5,270",쮢쏮쨡좗젏얭퀛콜2췽,8,8,27,49.69,,,573,42800,5
9,,2018,,,2019,쮢쏮 晝,"6,510",쮢쏮쨡좗젏얭퀛콜2췽,8,10,27,59.98,,,573,42800,8
10,,2018,,,2019,쮢쏮 晝,"5,060",쮢쏮쨡좗젏얭퀛콜2췽,8,8,27,49.54,,,573,42800,14
11,,2018,,,2019,쮢쏮 晝,"5,270",쮢쏮쨡좗젏얭퀛콜2췽,8,8,28,49.69,,,573,42800,11
12,,2018,,,2019,쮢쏮 晝,"5,270",쮢쏮쨡좗젏얭퀛콜2췽,8,8,28,49.69,,,573,42800,2
13,,2018,,,2019,쮢쏮 晝,"5,270",쮢쏮쨡좗젏얭퀛콜2췽,8,8,28,49.69,,,573,42800,12
14,,2018,,,2019,쮢쏮 晝,"5,060",쮢쏮쨡좗젏얭퀛콜2췽,8,8,28,49.54,,,573,42800,7
15,,2018,,,2019,쮢쏮 晝,"5,270",쮢쏮쨡좗젏얭퀛콜2췽,8,8,28,49.69,,,573,42800,7
16,,2018,,,2019,쮢쏮 晝,"5,060",쮢쏮쨡좗젏얭퀛콜2췽,8,8,28,49.54,,,573,42800,13
17,,2018,,,2019,쮢쏮 晝,"6,410",쮢쏮쨡좗젏얭퀛콜2췽,8,10,28,59.51,,,573,42800,4
18,,2018,,,2019,쮢쏮 晝,"6,410",쮢쏮쨡좗젏얭퀛콜2췽,8,10,28,59.51,,,573,42800,7
19,,2018,,,2019,쮢쏮 晝,"6,510",쮢쏮쨡좗젏얭퀛콜2췽,8,10,29,59.98,,,573,42800,5
20,,2018,,,2019,쮢쏮 晝,"6,510",쮢쏮쨡좗젏얭퀛콜2췽,8,10,29,59.98,,,573,42800,10
21,,2018,,,2019,쮢쏮 晝,"5,270",쮢쏮쨡좗젏얭퀛콜2췽,8,8,29,49.69,,,573,42800,13
22,,2018,,,2019,쮢쏮 晝,"5,270",쮢쏮쨡좗젏얭퀛콜2췽,8,8,29,49.69,,,573,42800,10
23,,2018,,,2019,쮢쏮 晝,"5,060",쮢쏮쨡좗젏얭퀛콜2췽,8,0,29,49.54,,,573,42800,5
24,,2018,,,2019,쮢쏮 晝,"6,510",쮢쏮쨡좗젏얭퀛콜2췽,8,10,29,59.98,,,573,42800,14
25,,2018,,,2019,쮢쏮 晝,"6,510",쮢쏮쨡좗젏얭퀛콜2췽,8,10,29,59.98,,,573,42800,10
26,,2018,,,2019,쮢쏮 晝,"5,270",쮢쏮쨡좗젏얭퀛콜2췽,8,8,29,49.69,,,573,42800,8
27,,2018,,,2019,쮢쏮 晝,"6,510",쮢쏮쨡좗젏얭퀛콜2췽,8,10,29,59.98,,,573,42800,2
28,,2018,,,2019,쮢쏮 晝,"6,510",쮢쏮쨡좗젏얭퀛콜2췽,8,10,29,59.98,,,573,42800,14
29,,2018,,,2019,쮢쏮 晝,"5,060",쮢쏮쨡좗젏얭퀛콜2췽,8,8,29,49.54,,,573,42800,8
30,,2018,,,2019,쮢쏮 晝,"6,410",쮢쏮쨡좗젏얭퀛콜2췽,8,10,29,59.51,,,573,42800,8
31,,2018,,,2019,쮢쏮 晝,"6,510",쮢쏮쨡좗젏얭퀛콜2췽,8,10,29,59.98,,,573,42800,13
32,,2018,,,2019,쮢쏮 晝,"5,270",쮢쏮쨡좗젏얭퀛콜2췽,8,8,30,49.69,,,573,42800,9
33,,2018,,,2019,쮢쏮 晝,"6,510",쮢쏮쨡좗젏얭퀛콜2췽,8,10,30,59.98,,,573,42800,4
34,,2018,,,2019,쮢쏮 晝,"5,270",쮢쏮쨡좗젏얭퀛콜2췽,8,8,30,49.69,,,573,42800,10
35,,2018,,,2019,쮢쏮 晝,"5,270",쮢쏮쨡좗젏얭퀛콜2췽,8,8,30,49.69,,,573,42800,3
36,,1989,,,2019,쮢쏮 쟕,300,弑,8,23,8,29.79,,,1,42800,5
37,,1989,,,2019,쮢쏮 쟕,500,弑,8,21,13,29.79,,,1,42800,4
38,,1995,,,2019,쮢쏮 쟕,"6,000",첊쟙쐉쟗,8,0,16,84.78,,,1-5,42800,2
39,,1995,,,2019,쮢쏮 쟕,"7,000",첊쟙쐉쟗,8,5,16,84.78,,,1-5,42800,9
40,,2010,,,2019,쮢쏮 촋쒖,"9,000",쮢쏮쨡좗젏얭퀛콜,8,0,2,77.12,,,436,42800,7
41,,2010,,,2019,쮢쏮 촋쒖,"9,000",쮢쏮쨡좗젏얭퀛콜,8,0,5,77.12,,,436,42800,5
42,,2010,,,2019,쮢쏮 촋쒖,"9,000",쮢쏮쨡좗젏얭퀛콜,8,0,5,77.12,,,436,42800,5
43,,2010,,,2019,쮢쏮 촋쒖,"9,000",쮢쏮쨡좗젏얭퀛콜,8,0,27,77.12,,,436,42800,4
0,,2018,,,2019,쮢쏮 晝,"6,510",쮢쏮쨡좗젏얭퀛콜2췽,9,10,3,59.98,,,573,42800,8
1,,1998,,,2019,쮢쏮 晝,500,썭,9,30,7,37.755,,,510,42800,3
2,,2013,,,2019,쮢쏮 晝,"2,000",쨠텀쫔콪텈쫔,9,55,18,84.99,,,655,42800,4
3,,1989,,,2019,쮢쏮 쟕,500,弑,9,32,16,48.51,,,1,42800,1
4,,2010,,,2019,쮢쏮 촋쒖,"9,950",쮢쏮쨡좗젏얭퀛콜,9,0,30,84.9,,,436,42800,2
0,,1998,,,2019,쮢쏮 晝,"7,000",썭,10,0,11,59.4,,,510,42800,7
1,,2018,,,2019,쮢쏮 晝,"5,060",쮢쏮쨡좗젏얭퀛콜2췽,10,8,14,49.54,,,573,42800,4
2,,2018,,,2019,쮢쏮 晝,"5,270",쮢쏮쨡좗젏얭퀛콜2췽,10,8,16,49.69,,,573,42800,15
3,,2013,,,2019,쮢쏮 晝,"15,000",쨠텀쫔콪텈쫔,10,0,17,74.238,,,655,42800,13
4,,1989,,,2019,쮢쏮 쟕,"1,500",弑,10,12,23,29.79,,,1,42800,3
5,,2010,,,2019,쮢쏮 촋쒖,"9,000",쮢쏮쨡좗젏얭퀛콜,10,0,7,77.12,,,436,42800,8
6,,2010,,,2019,쮢쏮 촋쒖,"1,000",쮢쏮쨡좗젏얭퀛콜,10,50,14,84.9,,,436,42800,1
7,,2010,,,2019,쮢쏮 촋쒖,"9,009",쮢쏮쨡좗젏얭퀛콜,10,0,15,77.12,,,436,42800,5
8,,2010,,,2019,쮢쏮 촋쒖,"9,009",쮢쏮쨡좗젏얭퀛콜,10,0,15,77.12,,,436,42800,9
9,,2010,,,2019,쮢쏮 촋쒖,"9,009",쮢쏮쨡좗젏얭퀛콜,10,0,16,77.12,,,436,42800,7
10,,2010,,,2019,쮢쏮 촋쒖,"9,000",쮢쏮쨡좗젏얭퀛콜,10,0,16,77.12,,,436,42800,2
11,,2010,,,2019,쮢쏮 촋쒖,"8,290",쮢쏮쨡좗젏얭퀛콜,10,0,18,68.73,,,436,42800,10
12,,2010,,,2019,쮢쏮 촋쒖,"9,000",쮢쏮쨡좗젏얭퀛콜,10,0,21,77.12,,,436,42800,4
13,,2010,,,2019,쮢쏮 촋쒖,"9,954",쮢쏮쨡좗젏얭퀛콜,10,0,25,84.9,,,436,42800,2
14,,2010,,,2019,쮢쏮 촋쒖,"9,000",쮢쏮쨡좗젏얭퀛콜,10,0,25,77.12,,,436,42800,3
15,,2010,,,2019,쮢쏮 촋쒖,"1,000",쮢쏮쨡좗젏얭퀛콜,10,50,29,84.9,,,436,42800,5
0,,1989,,,2019,쮢쏮 쟕,600,弑,11,0,20,29.79,,,1,42800,2
1,,2010,,,2019,쮢쏮 촋쒖,"9,954",쮢쏮쨡좗젏얭퀛콜,11,0,13,84.9,,,436,42800,7
2,,2010,,,2019,쮢쏮 촋쒖,"9,513",쮢쏮쨡좗젏얭퀛콜,11,0,15,84.9,,,436,42800,1
3,,2010,,,2019,쮢쏮 촋쒖,"9,009",쮢쏮쨡좗젏얭퀛콜,11,0,16,77.12,,,436,42800,8
4,,2010,,,2019,쮢쏮 촋쒖,"9,950",쮢쏮쨡좗젏얭퀛콜,11,0,18,84.9,,,436,42800,4
5,,2010,,,2019,쮢쏮 촋쒖,"9,954",쮢쏮쨡좗젏얭퀛콜,11,0,18,84.9,,,436,42800,3
6,,2010,,,2019,쮢쏮 촋쒖,"9,000",쮢쏮쨡좗젏얭퀛콜,11,0,19,77.12,,,436,42800,7
7,,2010,,,2019,쮢쏮 촋쒖,"9,950",쮢쏮쨡좗젏얭퀛콜,11,0,20,84.9,,,436,42800,6
8,,2010,,,2019,쮢쏮 촋쒖,"9,954",쮢쏮쨡좗젏얭퀛콜,11,0,21,84.9,,,436,42800,5
9,,2010,,,2019,쮢쏮 촋쒖,"9,954",쮢쏮쨡좗젏얭퀛콜,11,0,22,84.9,,,436,42800,3
10,,2010,,,2019,쮢쏮 촋쒖,"8,453",쮢쏮쨡좗젏얭퀛콜,11,0,22,77.12,,,436,42800,1
11,,2010,,,2019,쮢쏮 촋쒖,"9,009",쮢쏮쨡좗젏얭퀛콜,11,0,22,77.12,,,436,42800,2
12,,2010,,,2019,쮢쏮 촋쒖,"5,000",쮢쏮쨡좗젏얭퀛콜,11,25,26,77.12,,,436,42800,10
13,,2010,,,2019,쮢쏮 촋쒖,"9,954",쮢쏮쨡좗젏얭퀛콜,11,0,26,84.9,,,436,42800,10
14,,2010,,,2019,쮢쏮 촋쒖,"9,009",쮢쏮쨡좗젏얭퀛콜,11,0,26,77.12,,,436,42800,3
15,,2010,,,2019,쮢쏮 촋쒖,"9,950",쮢쏮쨡좗젏얭퀛콜,11,0,27,84.9,,,436,42800,4
16,,2010,,,2019,쮢쏮 촋쒖,"9,950",쮢쏮쨡좗젏얭퀛콜,11,0,27,84.9,,,436,42800,4
17,,2010,,,2019,쮢쏮 촋쒖,"9,954",쮢쏮쨡좗젏얭퀛콜,11,0,28,84.9,,,436,42800,9
18,,2010,,,2019,쮢쏮 촋쒖,"9,000",쮢쏮쨡좗젏얭퀛콜,11,0,28,77.12,,,436,42800,7
19,,2010,,,2019,쮢쏮 촋쒖,"9,000",쮢쏮쨡좗젏얭퀛콜,11,0,29,77.12,,,436,42800,6
0,,2013,,,2019,쮢쏮 晝,"16,000",쨠텀쫔콪텈쫔,12,0,17,84.884,,,655,42800,10
1,,2010,,,2019,쮢쏮 촋쒖,"9,009",쮢쏮쨡좗젏얭퀛콜,12,0,2,77.12,,,436,42800,8
2,,2010,,,2019,쮢쏮 촋쒖,"9,954",쮢쏮쨡좗젏얭퀛콜,12,0,2,84.9,,,436,42800,3
3,,2010,,,2019,쮢쏮 촋쒖,"8,580",쮢쏮쨡좗젏얭퀛콜,12,0,3,77.12,,,436,42800,7
4,,2010,,,2019,쮢쏮 촋쒖,"9,954",쮢쏮쨡좗젏얭퀛콜,12,0,4,84.9,,,436,42800,8
5,,2010,,,2019,쮢쏮 촋쒖,"9,954",쮢쏮쨡좗젏얭퀛콜,12,0,5,84.9,,,436,42800,3
6,,2010,,,2019,쮢쏮 촋쒖,"9,954",쮢쏮쨡좗젏얭퀛콜,12,0,5,84.9,,,436,42800,7
7,,2010,,,2019,쮢쏮 촋쒖,"9,954",쮢쏮쨡좗젏얭퀛콜,12,0,6,84.9,,,436,42800,2
8,,2010,,,2019,쮢쏮 촋쒖,"9,009",쮢쏮쨡좗젏얭퀛콜,12,0,6,77.12,,,436,42800,10
9,,2010,,,2019,쮢쏮 촋쒖,"7,280",쮢쏮쨡좗젏얭퀛콜,12,0,8,77.12,,,436,42800,1
10,,2010,,,2019,쮢쏮 촋쒖,"9,009",쮢쏮쨡좗젏얭퀛콜,12,0,9,77.12,,,436,42800,6
11,,2010,,,2019,쮢쏮 촋쒖,"9,009",쮢쏮쨡좗젏얭퀛콜,12,0,10,77.12,,,436,42800,5
12,,2010,,,2019,쮢쏮 촋쒖,"9,950",쮢쏮쨡좗젏얭퀛콜,12,0,10,84.9,,,436,42800,2
13,,2010,,,2019,쮢쏮 촋쒖,"9,950",쮢쏮쨡좗젏얭퀛콜,12,0,19,84.9,,,436,42800,3
14,,2010,,,2019,쮢쏮 촋쒖,"9,950",쮢쏮쨡좗젏얭퀛콜,12,0,26,84.9,,,436,42800,10
0,,1998,,,2020,쮢쏮 晝,"1,000",썭,1,30,6,37.755,,,510,42800,11
1,,1989,,,2020,쮢쏮 쟕,"2,600",弑,1,0,3,29.79,,,1,42800,3
2,,1989,,,2020,쮢쏮 쟕,"3,700",弑,1,0,30,48.51,,,1,42800,4
3,,2010,,,2020,쮢쏮 촋쒖,"10,000",쮢쏮쨡좗젏얭퀛콜,1,0,9,84.9,,,436,42800,10
4,,2010,,,2020,쮢쏮 촋쒖,"9,009",쮢쏮쨡좗젏얭퀛콜,1,0,13,77.12,,,436,42800,9
5,,2010,,,2020,쮢쏮 촋쒖,"9,000",쮢쏮쨡좗젏얭퀛콜,1,0,13,77.12,,,436,42800,4
6,,2010,,,2020,쮢쏮 촋쒖,"9,950",쮢쏮쨡좗젏얭퀛콜,1,0,16,84.9,,,436,42800,10
7,,2010,,,2020,쮢쏮 촋쒖,"9,950",쮢쏮쨡좗젏얭퀛콜,1,0,17,84.9,,,436,42800,7
8,,2010,,,2020,쮢쏮 촋쒖,"9,009",쮢쏮쨡좗젏얭퀛콜,1,0,17,77.12,,,436,42800,6
9,,2010,,,2020,쮢쏮 촋쒖,"9,000",쮢쏮쨡좗젏얭퀛콜,1,0,17,77.12,,,436,42800,6
10,,2010,,,2020,쮢쏮 촋쒖,"4,000",쮢쏮쨡좗젏얭퀛콜,1,30,22,84.9,,,436,42800,7
11,,2010,,,2020,쮢쏮 촋쒖,"9,950",쮢쏮쨡좗젏얭퀛콜,1,0,22,84.9,,,436,42800,6
12,,1992,,,2020,쮢쏮 촋쒖,500,쮢쏮줮좯,1,35,28,53.91,,,177,42800,2
13,,2010,,,2020,쮢쏮 촋쒖,"9,950",쮢쏮쨡좗젏얭퀛콜,1,0,31,84.9,,,436,42800,3
0,,1998,,,2020,쮢쏮 晝,"4,500",썭,2,0,21,37.755,,,510,42800,7
1,,2018,,,2020,쮢쏮 晝,"5,270",쮢쏮쨡좗젏얭퀛콜2췽,2,8,28,49.69,,,573,42800,2
2,,1998,,,2020,쮢쏮 晝,"1,000",썭,2,40,29,59.4,,,510,42800,13
3,,1989,,,2020,쮢쏮 쟕,"1,000",弑,2,19,10,29.79,,,1,42800,3
4,,1989,,,2020,쮢쏮 쟕,"1,000",弑,2,19,17,29.79,,,1,42800,1
5,,2010,,,2020,쮢쏮 촋쒖,"9,950",쮢쏮쨡좗젏얭퀛콜,2,0,5,84.9,,,436,42800,4
6,,2010,,,2020,쮢쏮 촋쒖,"9,000",쮢쏮쨡좗젏얭퀛콜,2,0,11,77.12,,,436,42800,9
7,,2010,,,2020,쮢쏮 촋쒖,"9,009",쮢쏮쨡좗젏얭퀛콜,2,0,11,77.12,,,436,42800,2
8,,2010,,,2020,쮢쏮 촋쒖,"1,000",쮢쏮쨡좗젏얭퀛콜,2,45,11,77.12,,,436,42800,3
9,,2010,,,2020,쮢쏮 촋쒖,"9,000",쮢쏮쨡좗젏얭퀛콜,2,0,12,77.12,,,436,42800,2
10,,2010,,,2020,쮢쏮 촋쒖,"9,009",쮢쏮쨡좗젏얭퀛콜,2,0,12,77.12,,,436,42800,6
11,,2010,,,2020,쮢쏮 촋쒖,"9,009",쮢쏮쨡좗젏얭퀛콜,2,0,17,77.12,,,436,42800,2
12,,2010,,,2020,쮢쏮 촋쒖,"9,000",쮢쏮쨡좗젏얭퀛콜,2,0,20,77.12,,,436,42800,4
13,,2010,,,2020,쮢쏮 촋쒖,"1,000",쮢쏮쨡좗젏얭퀛콜,2,45,21,77.12,,,436,42800,2
14,,2010,,,2020,쮢쏮 촋쒖,"9,000",쮢쏮쨡좗젏얭퀛콜,2,0,25,77.12,,,436,42800,3
0,,1998,,,2020,쮢쏮 晝,"4,500",썭,3,0,2,37.755,,,510,42800,7
1,,1989,,,2020,쮢쏮 쟕,"3,400",弑,3,0,1,48.51,,,1,42800,1
2,,1989,,,2020,쮢쏮 쟕,"1,500",弑,3,24,8,48.51,,,1,42800,3
3,,1989,,,2020,쮢쏮 쟕,700,弑,3,32,12,48.51,,,1,42800,3
4,,1989,,,2020,쮢쏮 쟕,250,弑,3,11,14,48.51,,,1,42800,1
5,,1995,,,2020,쮢쏮 쟕,"2,000",첊쟙쐉쟗,3,30,25,59.67,,,1-5,42800,3
6,,2010,,,2020,쮢쏮 촋쒖,"8,580",쮢쏮쨡좗젏얭퀛콜,3,0,2,77.12,,,436,42800,8
7,,2010,,,2020,쮢쏮 촋쒖,"9,000",쮢쏮쨡좗젏얭퀛콜,3,0,3,77.12,,,436,42800,3
8,,2010,,,2020,쮢쏮 촋쒖,"9,040",쮢쏮쨡좗젏얭퀛콜,3,0,5,84.9,,,436,42800,1
9,,2010,,,2020,쮢쏮 촋쒖,"9,950",쮢쏮쨡좗젏얭퀛콜,3,0,10,84.9,,,436,42800,10
10,,2010,,,2020,쮢쏮 촋쒖,"9,000",쮢쏮쨡좗젏얭퀛콜,3,0,18,77.12,,,436,42800,3
11,,2010,,,2020,쮢쏮 촋쒖,"1,000",쮢쏮쨡좗젏얭퀛콜,3,45,20,77.12,,,436,42800,1
12,,2010,,,2020,쮢쏮 촋쒖,"8,450",쮢쏮쨡좗젏얭퀛콜,3,0,24,77.12,,,436,42800,1
13,,2010,,,2020,쮢쏮 촋쒖,"8,450",쮢쏮쨡좗젏얭퀛콜,3,0,26,77.12,,,436,42800,1
0,,1989,,,2020,쮢쏮 쟕,"1,500",弑,4,24,6,48.51,,,1,42800,2
1,,1989,,,2020,쮢쏮 쟕,"2,900",弑,4,0,9,29.79,,,1,42800,2
2,,1995,,,2020,쮢쏮 쟕,"5,500",첊쟙쐉쟗,4,0,28,59.67,,,1-5,42800,2
3,,2010,,,2020,쮢쏮 촋쒖,"5,000",쮢쏮쨡좗젏얭퀛콜,4,25,1,77.12,,,436,42800,7
4,,2010,,,2020,쮢쏮 촋쒖,"6,983",쮢쏮쨡좗젏얭퀛콜,4,20,7,77.12,,,436,42800,4
5,,2010,,,2020,쮢쏮 촋쒖,"9,000",쮢쏮쨡좗젏얭퀛콜,4,0,13,77.12,,,436,42800,3
6,,2010,,,2020,쮢쏮 촋쒖,"9,950",쮢쏮쨡좗젏얭퀛콜,4,0,17,84.9,,,436,42800,9
7,,2010,,,2020,쮢쏮 촋쒖,"9,000",쮢쏮쨡좗젏얭퀛콜,4,0,20,77.12,,,436,42800,8
8,,2010,,,2020,쮢쏮 촋쒖,"9,000",쮢쏮쨡좗젏얭퀛콜,4,0,22,77.12,,,436,42800,8
9,,2010,,,2020,쮢쏮 촋쒖,"9,000",쮢쏮쨡좗젏얭퀛콜,4,0,23,77.12,,,436,42800,2
10,,2010,,,2020,쮢쏮 촋쒖,"9,000",쮢쏮쨡좗젏얭퀛콜,4,0,27,77.12,,,436,42800,6
11,,2010,,,2020,쮢쏮 촋쒖,"9,950",쮢쏮쨡좗젏얭퀛콜,4,0,28,84.9,,,436,42800,4
0,,1998,,,2020,쮢쏮 晝,"3,000",썭,5,20,6,59.4,,,510,42800,13
1,,2018,,,2020,쮢쏮 晝,"6,410",쮢쏮쨡좗젏얭퀛콜2췽,5,10,12,59.51,,,573,42800,10
2,,2018,,,2020,쮢쏮 晝,"6,410",쮢쏮쨡좗젏얭퀛콜2췽,5,10,22,59.51,,,573,42800,13
3,,1998,,,2020,쮢쏮 晝,"5,000",썭,5,0,29,59.4,,,510,42800,6
4,,1989,,,2020,쮢쏮 쟕,"1,500",弑,5,15,11,29.79,,,1,42800,4
5,,1989,,,2020,쮢쏮 쟕,"2,000",弑,5,18,11,48.51,,,1,42800,5
6,,2010,,,2020,쮢쏮 촋쒖,"9,000",쮢쏮쨡좗젏얭퀛콜,5,0,8,77.12,,,436,42800,4
7,,2010,,,2020,쮢쏮 촋쒖,"9,000",쮢쏮쨡좗젏얭퀛콜,5,0,9,77.12,,,436,42800,10
8,,2010,,,2020,쮢쏮 촋쒖,"9,209",쮢쏮쨡좗젏얭퀛콜,5,0,28,77.12,,,436,42800,7
9,,2010,,,2020,쮢쏮 촋쒖,"9,209",쮢쏮쨡좗젏얭퀛콜,5,0,28,77.12,,,436,42800,7
0,,1998,,,2020,쮢쏮 晝,500,썭,6,35,8,37.755,,,510,42800,8
1,,1998,,,2020,쮢쏮 晝,"6,500",썭,6,0,9,59.4,,,510,42800,6
2,,1998,,,2020,쮢쏮 晝,"1,000",썭,6,30,24,37.755,,,510,42800,9
3,,1989,,,2020,쮢쏮 쟕,"2,000",弑,6,19,10,48.51,,,1,42800,3
4,,2010,,,2020,쮢쏮 촋쒖,"9,950",쮢쏮쨡좗젏얭퀛콜,6,0,1,84.9,,,436,42800,8
0,,2013,,,2020,쮢쏮 晝,"15,000",쨠텀쫔콪텈쫔,7,0,8,84.884,,,655,42800,14
1,,1998,,,2020,쮢쏮 晝,"3,000",썭,7,30,18,59.4,,,510,42800,5
2,,2018,,,2020,쮢쏮 晝,"6,410",쮢쏮쨡좗젏얭퀛콜2췽,7,10,31,59.51,,,573,42800,11
3,,1992,,,2020,쮢쏮 촋쒖,"1,000",쮢쏮줮좯,7,550,8,84.69,,,177,42800,4
4,,2010,,,2020,쮢쏮 촋쒖,"9,209",쮢쏮쨡좗젏얭퀛콜,7,0,13,77.12,,,436,42800,10
5,,2010,,,2020,쮢쏮 촋쒖,"9,730",쮢쏮쨡좗젏얭퀛콜,7,0,14,84.9,,,436,42800,3
0,,2018,,,2020,쮢쏮 晝,"5,060",쮢쏮쨡좗젏얭퀛콜2췽,8,8,24,49.54,,,573,42800,2
1,,1989,,,2020,쮢쏮 쟕,"2,600",弑,8,13,7,48.51,,,1,42800,3
0,,1998,,,2020,쮢쏮 晝,"4,000",썭,9,0,4,37.755,,,510,42800,13
1,,2013,,,2020,쮢쏮 晝,"2,000",쨠텀쫔콪텈쫔,9,60,10,84.99,,,655,42800,9
2,,1998,,,2020,쮢쏮 晝,"4,500",썭,9,0,15,37.755,,,510,42800,7
3,,2010,,,2020,쮢쏮 촋쒖,"1,000",쮢쏮쨡좗젏얭퀛콜,9,45,10,77.12,,,436,42800,4
0,,1998,,,2020,쮢쏮 晝,"1,000",썭,10,30,13,37.755,,,510,42800,2
1,,2018,,,2020,쮢쏮 晝,"5,060",쮢쏮쨡좗젏얭퀛콜2췽,10,8,14,49.54,,,573,42800,3
2,,1989,,,2020,쮢쏮 쟕,"1,500",弑,10,24,7,48.51,,,1,42800,4
3,,1995,,,2020,쮢쏮 쟕,"8,500",첊쟙쐉쟗,10,0,26,84.78,,,1-5,42800,8
0,,1998,,,2020,쮢쏮 晝,"1,000",썭,11,30,11,37.755,,,510,42800,9
1,,1995,,,2020,쮢쏮 쟕,"5,000",첊쟙쐉쟗,11,10,18,59.67,,,1-5,42800,2
0,,2013,,,2020,쮢쏮 晝,"15,000",쨠텀쫔콪텈쫔,12,0,6,84.99,,,655,42800,1
1,,1998,,,2020,쮢쏮 晝,"2,000",썭,12,20,18,37.755,,,510,42800,3
2,,2013,,,2020,쮢쏮 晝,"1,000",쨠텀쫔콪텈쫔,12,60,22,84.99,,,655,42800,4
3,,1989,,,2020,쮢쏮 쟕,500,弑,12,34,9,48.51,,,1,42800,5
4,,2010,,,2020,쮢쏮 촋쒖,"9,009",쮢쏮쨡좗젏얭퀛콜,12,0,3,77.12,,,436,42800,10
5,,2010,,,2020,쮢쏮 촋쒖,"6,295",쮢쏮쨡좗젏얭퀛콜,12,28,14,77.12,,,436,42800,6
0,,2018,,,2021,쮢쏮 晝,"6,410",쮢쏮쨡좗젏얭퀛콜2췽,1,10,14,59.51,,,573,42800,5
1,,1989,,,2021,쮢쏮 쟕,"2,600",弑,1,0,18,29.79,,,1,42800,5
0,,1998,,,2021,쮢쏮 晝,"1,000",썭,2,35,15,37.755,,,510,42800,6
1,,1995,,,2021,쮢쏮 쟕,"6,000",첊쟙쐉쟗,2,10,23,84.78,,,1-5,42800,4
2,,2010,,,2021,쮢쏮 촋쒖,"10,000",쮢쏮쨡좗젏얭퀛콜,2,0,10,68.73,,,436,42800,9
0,,2018,,,2021,쮢쏮 晝,"5,060",쮢쏮쨡좗젏얭퀛콜2췽,3,8,5,49.54,,,573,42800,4
1,,1989,,,2021,쮢쏮 쟕,"1,500",弑,3,23,1,48.51,,,1,42800,2
2,,1989,,,2021,쮢쏮 쟕,"1,500",弑,3,24,29,48.51,,,1,42800,2
3,,2010,,,2021,쮢쏮 촋쒖,"1,000",쮢쏮쨡좗젏얭퀛콜,3,55,11,77.12,,,436,42800,5
0,,2013,,,2021,쮢쏮 晝,"8,500",쨠텀쫔콪텈쫔,4,27,1,84.99,,,655,42800,4
1,,1989,,,2021,쮢쏮 쟕,"1,400",弑,4,25,1,48.51,,,1,42800,1
0,,1998,,,2021,쮢쏮 晝,"1,000",썭,6,35,1,59.4,,,510,42800,15
1,,1989,,,2021,쮢쏮 쟕,"1,500",弑,6,24,17,48.51,,,1,42800,2
2,,2010,,,2021,쮢쏮 촋쒖,"9,000",쮢쏮쨡좗젏얭퀛콜,6,0,7,77.12,,,436,42800,6
0,,1998,,,2021,쮢쏮 晝,"7,000",썭,7,0,5,59.4,,,510,42800,5
1,,2010,,,2021,쮢쏮 촋쒖,"1,000",쮢쏮쨡좗젏얭퀛콜,7,45,17,77.12,,,436,42800,4
0,,2018,,,2021,쮢쏮 晝,"5,400",쮢쏮쨡좗젏얭퀛콜2췽,8,8,5,49.69,,,573,42800,15
1,,2018,,,2021,쮢쏮 晝,"5,180",쮢쏮쨡좗젏얭퀛콜2췽,8,8,24,49.54,,,573,42800,4
2,,2018,,,2021,쮢쏮 晝,"6,660",쮢쏮쨡좗젏얭퀛콜2췽,8,10,24,59.98,,,573,42800,14
3,,2018,,,2021,쮢쏮 晝,"5,400",쮢쏮쨡좗젏얭퀛콜2췽,8,8,24,49.69,,,573,42800,2
4,,2018,,,2021,쮢쏮 晝,"5,400",쮢쏮쨡좗젏얭퀛콜2췽,8,8,24,49.69,,,573,42800,3
5,,2018,,,2021,쮢쏮 晝,"5,400",쮢쏮쨡좗젏얭퀛콜2췽,8,8,24,49.69,,,573,42800,10
6,,2018,,,2021,쮢쏮 晝,"5,400",쮢쏮쨡좗젏얭퀛콜2췽,8,8,24,49.69,,,573,42800,12
7,,2018,,,2021,쮢쏮 晝,"5,180",쮢쏮쨡좗젏얭퀛콜2췽,8,8,24,49.54,,,573,42800,9
8,,2018,,,2021,쮢쏮 晝,"5,400",쮢쏮쨡좗젏얭퀛콜2췽,8,8,24,49.69,,,573,42800,6
9,,2018,,,2021,쮢쏮 晝,"5,180",쮢쏮쨡좗젏얭퀛콜2췽,8,8,24,49.54,,,573,42800,7
10,,2018,,,2021,쮢쏮 晝,"6,560",쮢쏮쨡좗젏얭퀛콜2췽,8,10,24,59.51,,,573,42800,7
11,,2018,,,2021,쮢쏮 晝,"6,660",쮢쏮쨡좗젏얭퀛콜2췽,8,10,24,59.98,,,573,42800,12
12,,2018,,,2021,쮢쏮 晝,"5,180",쮢쏮쨡좗젏얭퀛콜2췽,8,8,24,49.54,,,573,42800,4
13,,2018,,,2021,쮢쏮 晝,"5,400",쮢쏮쨡좗젏얭퀛콜2췽,8,8,25,49.69,,,573,42800,5
14,,2018,,,2021,쮢쏮 晝,"5,400",쮢쏮쨡좗젏얭퀛콜2췽,8,8,25,49.69,,,573,42800,10
15,,2018,,,2021,쮢쏮 晝,"6,660",쮢쏮쨡좗젏얭퀛콜2췽,8,10,25,59.98,,,573,42800,12
16,,2018,,,2021,쮢쏮 晝,"5,180",쮢쏮쨡좗젏얭퀛콜2췽,8,8,25,49.54,,,573,42800,13
17,,2018,,,2021,쮢쏮 晝,"5,400",쮢쏮쨡좗젏얭퀛콜2췽,8,8,25,49.69,,,573,42800,8
18,,2018,,,2021,쮢쏮 晝,"5,180",쮢쏮쨡좗젏얭퀛콜2췽,8,8,25,49.54,,,573,42800,5
19,,2018,,,2021,쮢쏮 晝,"6,560",쮢쏮쨡좗젏얭퀛콜2췽,8,10,25,59.51,,,573,42800,14
20,,2018,,,2021,쮢쏮 晝,"5,400",쮢쏮쨡좗젏얭퀛콜2췽,8,8,26,49.69,,,573,42800,6
21,,2018,,,2021,쮢쏮 晝,"6,560",쮢쏮쨡좗젏얭퀛콜2췽,8,10,26,59.51,,,573,42800,8
22,,2018,,,2021,쮢쏮 晝,"6,600",쮢쏮쨡좗젏얭퀛콜2췽,8,10,26,59.98,,,573,42800,14
23,,2018,,,2021,쮢쏮 晝,"5,400",쮢쏮쨡좗젏얭퀛콜2췽,8,8,26,49.69,,,573,42800,11
24,,2018,,,2021,쮢쏮 晝,"6,560",쮢쏮쨡좗젏얭퀛콜2췽,8,10,26,59.51,,,573,42800,10
25,,2018,,,2021,쮢쏮 晝,"6,660",쮢쏮쨡좗젏얭퀛콜2췽,8,10,26,59.98,,,573,42800,5
26,,2018,,,2021,쮢쏮 晝,"6,560",쮢쏮쨡좗젏얭퀛콜2췽,8,10,26,59.51,,,573,42800,5
27,,2018,,,2021,쮢쏮 晝,"5,400",쮢쏮쨡좗젏얭퀛콜2췽,8,8,26,49.69,,,573,42800,13
28,,2018,,,2021,쮢쏮 晝,"6,660",쮢쏮쨡좗젏얭퀛콜2췽,8,10,26,59.98,,,573,42800,3
29,,2018,,,2021,쮢쏮 晝,"5,400",쮢쏮쨡좗젏얭퀛콜2췽,8,8,26,49.69,,,573,42800,9
30,,2018,,,2021,쮢쏮 晝,"5,400",쮢쏮쨡좗젏얭퀛콜2췽,8,8,26,49.69,,,573,42800,5
31,,2018,,,2021,쮢쏮 晝,"5,400",쮢쏮쨡좗젏얭퀛콜2췽,8,8,26,49.69,,,573,42800,13
32,,2018,,,2021,쮢쏮 晝,"6,560",쮢쏮쨡좗젏얭퀛콜2췽,8,10,26,59.51,,,573,42800,4
33,,2018,,,2021,쮢쏮 晝,"5,400",쮢쏮쨡좗젏얭퀛콜2췽,8,8,26,49.69,,,573,42800,13
34,,2018,,,2021,쮢쏮 晝,"5,400",쮢쏮쨡좗젏얭퀛콜2췽,8,8,27,49.69,,,573,42800,12
35,,2018,,,2021,쮢쏮 晝,"5,180",쮢쏮쨡좗젏얭퀛콜2췽,8,8,27,49.54,,,573,42800,2
36,,2018,,,2021,쮢쏮 晝,"5,180",쮢쏮쨡좗젏얭퀛콜2췽,8,8,27,49.54,,,573,42800,10
37,,2018,,,2021,쮢쏮 晝,"5,400",쮢쏮쨡좗젏얭퀛콜2췽,8,8,27,49.69,,,573,42800,5
38,,2018,,,2021,쮢쏮 晝,"5,180",쮢쏮쨡좗젏얭퀛콜2췽,8,8,27,49.54,,,573,42800,9
39,,2018,,,2021,쮢쏮 晝,"5,180",쮢쏮쨡좗젏얭퀛콜2췽,8,8,27,49.54,,,573,42800,9
40,,2018,,,2021,쮢쏮 晝,"5,400",쮢쏮쨡좗젏얭퀛콜2췽,8,8,27,49.69,,,573,42800,14
41,,2018,,,2021,쮢쏮 晝,"6,660",쮢쏮쨡좗젏얭퀛콜2췽,8,10,27,59.98,,,573,42800,4
42,,2018,,,2021,쮢쏮 晝,"5,180",쮢쏮쨡좗젏얭퀛콜2췽,8,8,27,49.54,,,573,42800,13
43,,2018,,,2021,쮢쏮 晝,"5,180",쮢쏮쨡좗젏얭퀛콜2췽,8,8,27,49.54,,,573,42800,15
44,,2018,,,2021,쮢쏮 晝,"6,660",쮢쏮쨡좗젏얭퀛콜2췽,8,10,30,59.98,,,573,42800,7
45,,2018,,,2021,쮢쏮 晝,"6,560",쮢쏮쨡좗젏얭퀛콜2췽,8,10,30,59.51,,,573,42800,7
46,,2018,,,2021,쮢쏮 晝,"6,560",쮢쏮쨡좗젏얭퀛콜2췽,8,10,30,59.51,,,573,42800,3
47,,2018,,,2021,쮢쏮 晝,"5,180",쮢쏮쨡좗젏얭퀛콜2췽,8,8,30,49.54,,,573,42800,11
48,,2018,,,2021,쮢쏮 晝,"5,400",쮢쏮쨡좗젏얭퀛콜2췽,8,8,30,49.69,,,573,42800,7
49,,2018,,,2021,쮢쏮 晝,"6,560",쮢쏮쨡좗젏얭퀛콜2췽,8,10,30,59.51,,,573,42800,8
50,,2018,,,2021,쮢쏮 晝,"6,660",쮢쏮쨡좗젏얭퀛콜2췽,8,10,30,59.98,,,573,42800,4
51,,2018,,,2021,쮢쏮 晝,"5,400",쮢쏮쨡좗젏얭퀛콜2췽,8,8,30,49.69,,,573,42800,2
52,,2018,,,2021,쮢쏮 晝,"6,660",쮢쏮쨡좗젏얭퀛콜2췽,8,10,30,59.98,,,573,42800,9
53,,2018,,,2021,쮢쏮 晝,"6,660",쮢쏮쨡좗젏얭퀛콜2췽,8,10,30,59.98,,,573,42800,6
54,,2018,,,2021,쮢쏮 晝,"5,180",쮢쏮쨡좗젏얭퀛콜2췽,8,8,30,49.54,,,573,42800,2
55,,2018,,,2021,쮢쏮 晝,"6,560",쮢쏮쨡좗젏얭퀛콜2췽,8,10,31,59.51,,,573,42800,15
56,,2018,,,2021,쮢쏮 晝,"6,560",쮢쏮쨡좗젏얭퀛콜2췽,8,10,31,59.51,,,573,42800,13
57,,2018,,,2021,쮢쏮 晝,"6,560",쮢쏮쨡좗젏얭퀛콜2췽,8,10,31,59.51,,,573,42800,15
0,,2018,,,2021,쮢쏮 晝,"5,400",쮢쏮쨡좗젏얭퀛콜2췽,9,8,2,49.69,,,573,42800,15
1,,2018,,,2021,쮢쏮 晝,"6,560",쮢쏮쨡좗젏얭퀛콜2췽,9,10,3,59.51,,,573,42800,2
2,,1989,,,2021,쮢쏮 쟕,"1,000",弑,9,19,23,29.79,,,1,42800,3
3,,1989,,,2021,쮢쏮 쟕,"1,500",弑,9,24,30,48.51,,,1,42800,4
0,,2013,,,2021,쮢쏮 晝,"15,000",쨠텀쫔콪텈쫔,10,0,21,74.238,,,655,42800,13
1,,1989,,,2021,쮢쏮 쟕,500,弑,10,34,1,48.51,,,1,42800,3
2,,1989,,,2021,쮢쏮 쟕,"1,000",弑,10,19,30,29.79,,,1,42800,1
0,,2018,,,2021,쮢쏮 晝,"6,560",쮢쏮쨡좗젏얭퀛콜2췽,11,10,1,59.51,,,573,42800,6
1,,2018,,,2021,쮢쏮 晝,"6,560",쮢쏮쨡좗젏얭퀛콜2췽,11,10,23,59.51,,,573,42800,11
2,,2018,,,2021,쮢쏮 晝,"6,660",쮢쏮쨡좗젏얭퀛콜2췽,11,10,29,59.98,,,573,42800,10
3,,2010,,,2021,쮢쏮 촋쒖,"4,000",쮢쏮쨡좗젏얭퀛콜,11,30,19,77.12,,,436,42800,9
0,,1998,,,2021,쮢쏮 晝,"2,000",썭,12,20,6,37.755,,,510,42800,3
1,,1989,,,2021,쮢쏮 쟕,600,弑,12,23,1,29.79,,,1,42800,2
2,,1989,,,2021,쮢쏮 쟕,"1,000",弑,12,19,8,29.79,,,1,42800,2
3,,2010,,,2021,쮢쏮 촋쒖,"1,000",쮢쏮쨡좗젏얭퀛콜,12,55,18,77.12,,,436,42800,4
4,,2010,,,2021,쮢쏮 촋쒖,"5,095",쮢쏮쨡좗젏얭퀛콜,12,31,23,77.12,,,436,42800,6
0,,2018,,,2022,쮢쏮 晝,"6,560",쮢쏮쨡좗젏얭퀛콜2췽,1,0,26,59.51,,,573,42800,10
0,,1998,,,2022,쮢쏮 晝,"1,000",썭,2,40,8,59.4,,,510,42800,8
1,,1998,,,2022,쮢쏮 晝,500,썭,2,45,11,37.755,,,510,42800,15
0,,2018,,,2022,쮢쏮 晝,"6,560",쮢쏮쨡좗젏얭퀛콜2췽,3,10,11,59.51,,,573,42800,10
1,,2018,,,2022,쮢쏮 晝,"6,660",쮢쏮쨡좗젏얭퀛콜2췽,3,10,11,59.98,,,573,42800,10
2,,2010,,,2022,쮢쏮 촋쒖,"1,000",쮢쏮쨡좗젏얭퀛콜,3,50,15,68.73,,,436,42800,10
0,,1995,,,2022,쮢쏮 쟕,"1,000",첊쟙쐉쟗,4,35,2,59.67,,,1-5,42800,3
0,,1998,,,2022,쮢쏮 晝,500,썭,5,35,28,37.755,,,510,42800,9
1,,1995,,,2022,쮢쏮 쟕,"5,500",첊쟙쐉쟗,5,0,23,59.67,,,1-5,42800,2
2,,2010,,,2022,쮢쏮 촋쒖,"9,000",쮢쏮쨡좗젏얭퀛콜,5,0,11,77.12,,,436,42800,6
0,,2018,,,2022,쮢쏮 晝,"5,400",쮢쏮쨡좗젏얭퀛콜2췽,6,8,30,49.69,,,573,42800,6
1,,1989,,,2022,쮢쏮 쟕,500,弑,6,24,22,29.79,,,1,42800,2
0,,2018,,,2022,쮢쏮 晝,"6,560",쮢쏮쨡좗젏얭퀛콜2췽,7,0,5,59.51,,,573,42800,11
0,,1998,,,2022,쮢쏮 晝,"7,000",썭,8,0,13,59.4,,,510,42800,5
1,,1998,,,2022,쮢쏮 晝,"2,000",썭,8,20,23,37.755,,,510,42800,3
2,,1989,,,2022,쮢쏮 쟕,"2,100",弑,8,0,1,48.51,,,1,42800,3
3,,1989,,,2022,쮢쏮 쟕,"1,500",弑,8,24,2,48.51,,,1,42800,1
4,,1989,,,2022,쮢쏮 쟕,"2,000",弑,8,19,6,48.51,,,1,42800,3
5,,1989,,,2022,쮢쏮 쟕,"1,500",弑,8,24,29,48.51,,,1,42800,4
6,,1989,,,2022,쮢쏮 쟕,"1,000",弑,8,19,29,29.79,,,1,42800,2
0,,2018,,,2022,쮢쏮 晝,"5,550",쮢쏮쨡좗젏얭퀛콜2췽,9,8,19,49.69,,,573,42800,10
1,,2018,,,2022,쮢쏮 晝,"5,550",쮢쏮쨡좗젏얭퀛콜2췽,9,8,20,49.69,,,573,42800,10
2,,2018,,,2022,쮢쏮 晝,"5,550",쮢쏮쨡좗젏얭퀛콜2췽,9,8,20,49.69,,,573,42800,3
3,,2018,,,2022,쮢쏮 晝,"5,320",쮢쏮쨡좗젏얭퀛콜2췽,9,8,20,49.54,,,573,42800,2
4,,2018,,,2022,쮢쏮 晝,"4,340",쮢쏮쨡좗젏얭퀛콜2췽,9,7,20,39.3,,,573,42800,7
5,,2018,,,2022,쮢쏮 晝,"5,320",쮢쏮쨡좗젏얭퀛콜2췽,9,8,20,49.54,,,573,42800,4
6,,2018,,,2022,쮢쏮 晝,"5,320",쮢쏮쨡좗젏얭퀛콜2췽,9,8,20,49.54,,,573,42800,15
7,,2018,,,2022,쮢쏮 晝,"5,320",쮢쏮쨡좗젏얭퀛콜2췽,9,8,20,49.54,,,573,42800,3
8,,2018,,,2022,쮢쏮 晝,"5,320",쮢쏮쨡좗젏얭퀛콜2췽,9,8,20,49.54,,,573,42800,9
9,,2018,,,2022,쮢쏮 晝,"5,550",쮢쏮쨡좗젏얭퀛콜2췽,9,8,20,49.69,,,573,42800,12
10,,2018,,,2022,쮢쏮 晝,"5,320",쮢쏮쨡좗젏얭퀛콜2췽,9,8,20,49.54,,,573,42800,7
11,,2018,,,2022,쮢쏮 晝,"4,340",쮢쏮쨡좗젏얭퀛콜2췽,9,7,20,39.3,,,573,42800,3
12,,2018,,,2022,쮢쏮 晝,"5,550",쮢쏮쨡좗젏얭퀛콜2췽,9,8,20,49.69,,,573,42800,9
13,,2018,,,2022,쮢쏮 晝,"5,320",쮢쏮쨡좗젏얭퀛콜2췽,9,8,20,49.54,,,573,42800,7
14,,2018,,,2022,쮢쏮 晝,"5,320",쮢쏮쨡좗젏얭퀛콜2췽,9,8,20,49.54,,,573,42800,5
15,,2018,,,2022,쮢쏮 晝,"5,550",쮢쏮쨡좗젏얭퀛콜2췽,9,8,20,49.69,,,573,42800,2
16,,2018,,,2022,쮢쏮 晝,"5,320",쮢쏮쨡좗젏얭퀛콜2췽,9,8,20,49.54,,,573,42800,5
17,,2018,,,2022,쮢쏮 晝,"6,740",쮢쏮쨡좗젏얭퀛콜2췽,9,10,20,59.51,,,573,42800,14
18,,2018,,,2022,쮢쏮 晝,"5,550",쮢쏮쨡좗젏얭퀛콜2췽,9,8,20,49.69,,,573,42800,3
19,,2018,,,2022,쮢쏮 晝,"5,550",쮢쏮쨡좗젏얭퀛콜2췽,9,8,20,49.69,,,573,42800,7
20,,2018,,,2022,쮢쏮 晝,"6,740",쮢쏮쨡좗젏얭퀛콜2췽,9,10,20,59.51,,,573,42800,13
21,,2018,,,2022,쮢쏮 晝,"5,320",쮢쏮쨡좗젏얭퀛콜2췽,9,8,20,49.54,,,573,42800,13
22,,2018,,,2022,쮢쏮 晝,"5,320",쮢쏮쨡좗젏얭퀛콜2췽,9,8,20,49.54,,,573,42800,4
23,,2018,,,2022,쮢쏮 晝,"5,320",쮢쏮쨡좗젏얭퀛콜2췽,9,8,20,49.54,,,573,42800,2
24,,2018,,,2022,쮢쏮 晝,"5,320",쮢쏮쨡좗젏얭퀛콜2췽,9,8,20,49.54,,,573,42800,10
25,,2018,,,2022,쮢쏮 晝,"4,340",쮢쏮쨡좗젏얭퀛콜2췽,9,7,20,39.3,,,573,42800,13
26,,2018,,,2022,쮢쏮 晝,"5,550",쮢쏮쨡좗젏얭퀛콜2췽,9,8,20,49.69,,,573,42800,15
27,,2018,,,2022,쮢쏮 晝,"5,320",쮢쏮쨡좗젏얭퀛콜2췽,9,8,20,49.54,,,573,42800,5
28,,2018,,,2022,쮢쏮 晝,"5,320",쮢쏮쨡좗젏얭퀛콜2췽,9,8,20,49.54,,,573,42800,13
29,,2018,,,2022,쮢쏮 晝,"5,550",쮢쏮쨡좗젏얭퀛콜2췽,9,8,20,49.69,,,573,42800,5
30,,2018,,,2022,쮢쏮 晝,"6,740",쮢쏮쨡좗젏얭퀛콜2췽,9,10,21,59.51,,,573,42800,6
31,,2018,,,2022,쮢쏮 晝,"6,740",쮢쏮쨡좗젏얭퀛콜2췽,9,10,21,59.51,,,573,42800,5
32,,2018,,,2022,쮢쏮 晝,"6,740",쮢쏮쨡좗젏얭퀛콜2췽,9,10,21,59.51,,,573,42800,5
33,,2018,,,2022,쮢쏮 晝,"5,550",쮢쏮쨡좗젏얭퀛콜2췽,9,8,21,49.69,,,573,42800,13
34,,2018,,,2022,쮢쏮 晝,"6,740",쮢쏮쨡좗젏얭퀛콜2췽,9,10,21,59.51,,,573,42800,2
35,,2018,,,2022,쮢쏮 晝,"5,550",쮢쏮쨡좗젏얭퀛콜2췽,9,8,21,49.69,,,573,42800,10
36,,2018,,,2022,쮢쏮 晝,"6,840",쮢쏮쨡좗젏얭퀛콜2췽,9,11,21,59.98,,,573,42800,14
37,,2018,,,2022,쮢쏮 晝,"6,740",쮢쏮쨡좗젏얭퀛콜2췽,9,10,21,59.51,,,573,42800,8
38,,2018,,,2022,쮢쏮 晝,"6,840",쮢쏮쨡좗젏얭퀛콜2췽,9,11,22,59.98,,,573,42800,3
39,,2018,,,2022,쮢쏮 晝,"6,840",쮢쏮쨡좗젏얭퀛콜2췽,9,11,22,59.98,,,573,42800,5
40,,2018,,,2022,쮢쏮 晝,"5,320",쮢쏮쨡좗젏얭퀛콜2췽,9,8,22,49.54,,,573,42800,4
41,,2018,,,2022,쮢쏮 晝,"5,320",쮢쏮쨡좗젏얭퀛콜2췽,9,8,22,49.54,,,573,42800,15
42,,2018,,,2022,쮢쏮 晝,"6,740",쮢쏮쨡좗젏얭퀛콜2췽,9,10,22,59.51,,,573,42800,13
43,,2018,,,2022,쮢쏮 晝,"6,840",쮢쏮쨡좗젏얭퀛콜2췽,9,11,22,59.98,,,573,42800,7
44,,2018,,,2022,쮢쏮 晝,"6,840",쮢쏮쨡좗젏얭퀛콜2췽,9,11,22,59.98,,,573,42800,8
45,,2018,,,2022,쮢쏮 晝,"6,840",쮢쏮쨡좗젏얭퀛콜2췽,9,11,22,59.98,,,573,42800,4
46,,2018,,,2022,쮢쏮 晝,"6,840",쮢쏮쨡좗젏얭퀛콜2췽,9,11,22,59.98,,,573,42800,10
47,,2018,,,2022,쮢쏮 晝,"6,840",쮢쏮쨡좗젏얭퀛콜2췽,9,11,22,59.98,,,573,42800,9
48,,2018,,,2022,쮢쏮 晝,"5,180",쮢쏮쨡좗젏얭퀛콜2췽,9,8,22,49.54,,,573,42800,15
49,,2018,,,2022,쮢쏮 晝,"5,550",쮢쏮쨡좗젏얭퀛콜2췽,9,8,23,49.69,,,573,42800,12
50,,2018,,,2022,쮢쏮 晝,"5,320",쮢쏮쨡좗젏얭퀛콜2췽,9,8,23,49.54,,,573,42800,13
51,,2018,,,2022,쮢쏮 晝,"5,320",쮢쏮쨡좗젏얭퀛콜2췽,9,8,23,49.54,,,573,42800,9
52,,2018,,,2022,쮢쏮 晝,"5,320",쮢쏮쨡좗젏얭퀛콜2췽,9,8,23,49.54,,,573,42800,6
53,,2018,,,2022,쮢쏮 晝,"6,840",쮢쏮쨡좗젏얭퀛콜2췽,9,11,23,59.98,,,573,42800,2
54,,2018,,,2022,쮢쏮 晝,"5,320",쮢쏮쨡좗젏얭퀛콜2췽,9,8,23,49.54,,,573,42800,7
55,,2018,,,2022,쮢쏮 晝,"5,320",쮢쏮쨡좗젏얭퀛콜2췽,9,8,23,49.54,,,573,42800,10
56,,2018,,,2022,쮢쏮 晝,"5,550",쮢쏮쨡좗젏얭퀛콜2췽,9,8,23,49.69,,,573,42800,4
57,,2018,,,2022,쮢쏮 晝,"5,550",쮢쏮쨡좗젏얭퀛콜2췽,9,8,23,49.69,,,573,42800,14
58,,2018,,,2022,쮢쏮 晝,"5,550",쮢쏮쨡좗젏얭퀛콜2췽,9,8,23,49.69,,,573,42800,15
59,,2018,,,2022,쮢쏮 晝,"6,780",쮢쏮쨡좗젏얭퀛콜2췽,9,11,23,59.98,,,573,42800,14
60,,2018,,,2022,쮢쏮 晝,"5,550",쮢쏮쨡좗젏얭퀛콜2췽,9,8,23,49.69,,,573,42800,7
61,,2018,,,2022,쮢쏮 晝,"5,550",쮢쏮쨡좗젏얭퀛콜2췽,9,8,23,49.69,,,573,42800,11
62,,2018,,,2022,쮢쏮 晝,"5,550",쮢쏮쨡좗젏얭퀛콜2췽,9,8,23,49.69,,,573,42800,12
63,,2018,,,2022,쮢쏮 晝,"5,550",쮢쏮쨡좗젏얭퀛콜2췽,9,8,23,49.69,,,573,42800,14
64,,2018,,,2022,쮢쏮 晝,"5,550",쮢쏮쨡좗젏얭퀛콜2췽,9,8,23,49.69,,,573,42800,5
65,,2018,,,2022,쮢쏮 晝,"5,320",쮢쏮쨡좗젏얭퀛콜2췽,9,8,23,49.54,,,573,42800,14
66,,2018,,,2022,쮢쏮 晝,"6,740",쮢쏮쨡좗젏얭퀛콜2췽,9,10,23,59.51,,,573,42800,6
67,,2018,,,2022,쮢쏮 晝,"5,550",쮢쏮쨡좗젏얭퀛콜2췽,9,8,23,49.69,,,573,42800,11
68,,2018,,,2022,쮢쏮 晝,"5,320",쮢쏮쨡좗젏얭퀛콜2췽,9,8,23,49.54,,,573,42800,9
69,,2018,,,2022,쮢쏮 晝,"5,550",쮢쏮쨡좗젏얭퀛콜2췽,9,8,23,49.69,,,573,42800,7
70,,2018,,,2022,쮢쏮 晝,"5,320",쮢쏮쨡좗젏얭퀛콜2췽,9,8,23,49.54,,,573,42800,5
71,,2018,,,2022,쮢쏮 晝,"5,550",쮢쏮쨡좗젏얭퀛콜2췽,9,8,23,49.69,,,573,42800,6
72,,2018,,,2022,쮢쏮 晝,"6,740",쮢쏮쨡좗젏얭퀛콜2췽,9,10,23,59.51,,,573,42800,10
73,,2018,,,2022,쮢쏮 晝,"5,550",쮢쏮쨡좗젏얭퀛콜2췽,9,8,23,49.69,,,573,42800,15
74,,2018,,,2022,쮢쏮 晝,"5,550",쮢쏮쨡좗젏얭퀛콜2췽,9,8,26,49.69,,,573,42800,5
75,,2018,,,2022,쮢쏮 晝,"5,550",쮢쏮쨡좗젏얭퀛콜2췽,9,8,26,49.69,,,573,42800,13
76,,2018,,,2022,쮢쏮 晝,"6,840",쮢쏮쨡좗젏얭퀛콜2췽,9,11,26,59.98,,,573,42800,11
77,,2018,,,2022,쮢쏮 晝,"5,550",쮢쏮쨡좗젏얭퀛콜2췽,9,8,26,49.69,,,573,42800,9
78,,2018,,,2022,쮢쏮 晝,"6,840",쮢쏮쨡좗젏얭퀛콜2췽,9,11,26,59.98,,,573,42800,9
79,,2018,,,2022,쮢쏮 晝,"6,740",쮢쏮쨡좗젏얭퀛콜2췽,9,10,26,59.51,,,573,42800,7
80,,2018,,,2022,쮢쏮 晝,"6,740",쮢쏮쨡좗젏얭퀛콜2췽,9,10,26,59.51,,,573,42800,10
81,,2018,,,2022,쮢쏮 晝,"5,550",쮢쏮쨡좗젏얭퀛콜2췽,9,8,26,49.69,,,573,42800,6
82,,2018,,,2022,쮢쏮 晝,"5,550",쮢쏮쨡좗젏얭퀛콜2췽,9,8,26,49.69,,,573,42800,2
83,,2018,,,2022,쮢쏮 晝,"6,740",쮢쏮쨡좗젏얭퀛콜2췽,9,10,26,59.51,,,573,42800,3
84,,2018,,,2022,쮢쏮 晝,"5,550",쮢쏮쨡좗젏얭퀛콜2췽,9,8,26,49.69,,,573,42800,9
85,,2018,,,2022,쮢쏮 晝,"6,840",쮢쏮쨡좗젏얭퀛콜2췽,9,11,27,59.98,,,573,42800,11
86,,2018,,,2022,쮢쏮 晝,"6,740",쮢쏮쨡좗젏얭퀛콜2췽,9,10,27,59.51,,,573,42800,4
87,,2018,,,2022,쮢쏮 晝,"5,320",쮢쏮쨡좗젏얭퀛콜2췽,9,8,27,49.54,,,573,42800,11
88,,2018,,,2022,쮢쏮 晝,"6,740",쮢쏮쨡좗젏얭퀛콜2췽,9,10,27,59.51,,,573,42800,11
89,,2018,,,2022,쮢쏮 晝,"6,840",쮢쏮쨡좗젏얭퀛콜2췽,9,11,27,59.98,,,573,42800,8
90,,2018,,,2022,쮢쏮 晝,"6,840",쮢쏮쨡좗젏얭퀛콜2췽,9,11,27,59.98,,,573,42800,12
91,,2018,,,2022,쮢쏮 晝,"5,320",쮢쏮쨡좗젏얭퀛콜2췽,9,8,27,49.54,,,573,42800,10
92,,2018,,,2022,쮢쏮 晝,"6,840",쮢쏮쨡좗젏얭퀛콜2췽,9,11,27,59.98,,,573,42800,7
93,,2018,,,2022,쮢쏮 晝,"5,550",쮢쏮쨡좗젏얭퀛콜2췽,9,8,27,49.69,,,573,42800,4
94,,2018,,,2022,쮢쏮 晝,"5,320",쮢쏮쨡좗젏얭퀛콜2췽,9,8,27,49.54,,,573,42800,3
95,,2018,,,2022,쮢쏮 晝,"6,740",쮢쏮쨡좗젏얭퀛콜2췽,9,10,27,59.51,,,573,42800,15
96,,2018,,,2022,쮢쏮 晝,"5,550",쮢쏮쨡좗젏얭퀛콜2췽,9,8,27,49.69,,,573,42800,8
97,,2018,,,2022,쮢쏮 晝,"6,740",쮢쏮쨡좗젏얭퀛콜2췽,9,10,27,59.51,,,573,42800,15
98,,2018,,,2022,쮢쏮 晝,"6,840",쮢쏮쨡좗젏얭퀛콜2췽,9,11,28,59.98,,,573,42800,4
99,,2018,,,2022,쮢쏮 晝,"5,320",쮢쏮쨡좗젏얭퀛콜2췽,9,8,28,49.54,,,573,42800,2
100,,2018,,,2022,쮢쏮 晝,"6,840",쮢쏮쨡좗젏얭퀛콜2췽,9,11,28,59.98,,,573,42800,5
101,,2018,,,2022,쮢쏮 晝,"5,320",쮢쏮쨡좗젏얭퀛콜2췽,9,8,28,49.54,,,573,42800,13
102,,2018,,,2022,쮢쏮 晝,"6,740",쮢쏮쨡좗젏얭퀛콜2췽,9,10,28,59.51,,,573,42800,11
103,,2018,,,2022,쮢쏮 晝,"5,320",쮢쏮쨡좗젏얭퀛콜2췽,9,8,28,49.54,,,573,42800,7
104,,2018,,,2022,쮢쏮 晝,"6,840",쮢쏮쨡좗젏얭퀛콜2췽,9,11,28,59.98,,,573,42800,6
105,,2018,,,2022,쮢쏮 晝,"5,550",쮢쏮쨡좗젏얭퀛콜2췽,9,8,28,49.69,,,573,42800,10
106,,2018,,,2022,쮢쏮 晝,"6,740",쮢쏮쨡좗젏얭퀛콜2췽,9,10,28,59.51,,,573,42800,7
107,,2018,,,2022,쮢쏮 晝,"6,840",쮢쏮쨡좗젏얭퀛콜2췽,9,11,28,59.98,,,573,42800,6
108,,2018,,,2022,쮢쏮 晝,"6,740",쮢쏮쨡좗젏얭퀛콜2췽,9,10,29,59.51,,,573,42800,2
0,,1998,,,2022,쮢쏮 晝,500,썭,10,40,11,37.755,,,510,42800,7
1,,2018,,,2022,쮢쏮 晝,"6,840",쮢쏮쨡좗젏얭퀛콜2췽,10,11,18,59.98,,,573,42800,3
2,,1998,,,2022,쮢쏮 晝,"3,000",썭,10,22,21,37.755,,,510,42800,9
3,,1989,,,2022,쮢쏮 쟕,"1,500",弑,10,24,1,48.51,,,1,42800,3
4,,1989,,,2022,쮢쏮 쟕,"1,200",弑,10,17,24,29.79,,,1,42800,5
0,,1998,,,2022,쮢쏮 晝,500,썭,11,27,21,37.755,,,510,42800,3
1,,2018,,,2022,쮢쏮 晝,"5,320",쮢쏮쨡좗젏얭퀛콜2췽,11,8,21,49.54,,,573,42800,3
2,,2018,,,2022,쮢쏮 晝,"5,320",쮢쏮쨡좗젏얭퀛콜2췽,11,8,23,49.54,,,573,42800,4
3,,2018,,,2022,쮢쏮 晝,"6,740",쮢쏮쨡좗젏얭퀛콜2췽,11,10,23,59.51,,,573,42800,12
4,,2018,,,2022,쮢쏮 晝,"6,840",쮢쏮쨡좗젏얭퀛콜2췽,11,11,24,59.98,,,573,42800,10
5,,2018,,,2022,쮢쏮 晝,"5,320",쮢쏮쨡좗젏얭퀛콜2췽,11,8,25,49.54,,,573,42800,14
6,,1995,,,2022,쮢쏮 쟕,"2,000",첊쟙쐉쟗,11,35,2,59.67,,,1-5,42800,1
0,,1995,,,2022,쮢쏮 쟕,"6,000",첊쟙쐉쟗,12,0,12,84.78,,,1-5,42800,2
1,,1995,,,2022,쮢쏮 쟕,"10,000",첊쟙쐉쟗,12,0,16,84.78,,,1-5,42800,5
2,,2010,,,2022,쮢쏮 촋쒖,"1,000",쮢쏮쨡좗젏얭퀛콜,12,55,15,77.12,,,436,42800,4
3,,2010,,,2022,쮢쏮 촋쒖,"12,000",쮢쏮쨡좗젏얭퀛콜,12,0,21,77.12,,,436,42800,8
0,,1998,,,2023,쮢쏮 晝,"4,000",썭,1,0,30,37.755,,,510,42800,5
1,,1995,,,2023,쮢쏮 쟕,"7,500",첊쟙쐉쟗,1,0,18,59.67,,,1-5,42800,2
0,,2013,,,2023,쮢쏮 晝,"20,000",쨠텀쫔콪텈쫔,2,0,3,84.884,,,655,42800,12
1,,1998,,,2023,쮢쏮 晝,"1,000",썭,2,35,27,37.755,,,510,42800,12
2,,2010,,,2023,쮢쏮 촋쒖,"1,000",쮢쏮쨡좗젏얭퀛콜,2,55,20,77.12,,,436,42800,5
3,,2010,,,2023,쮢쏮 촋쒖,"9,000",쮢쏮쨡좗젏얭퀛콜,2,0,24,77.12,,,436,42800,1
4,,2010,,,2023,쮢쏮 촋쒖,"10,500",쮢쏮쨡좗젏얭퀛콜,2,0,25,68.73,,,436,42800,9
0,,1989,,,2023,쮢쏮 쟕,"1,500",弑,3,24,1,48.51,,,1,42800,2
