,갱신요구권사용,건축년도,계약구분,계약기간,년,법정동,보증금액,아파트,월,월세금액,일,전용면적,종전계약보증금,종전계약월세,지번,지역코드,층
0,,1998,,,2012,간성읍 신안리,500,고성삼익레스타운,1,25,20,39.36,,,111,42820,2
1,,1998,,,2012,간성읍 상리,500,간성대명,1,27,3,39.6,,,483-1,42820,9
2,,1998,,,2012,간성읍 상리,"3,500",간성대명,1,0,9,39.6,,,483-1,42820,4
3,,2006,,,2012,거진읍 송포리,"2,000",거진오션상떼빌,1,40,12,70.64,,,165,42820,9
4,,2006,,,2012,거진읍 송포리,"2,500",거진오션상떼빌,1,35,18,84.73,,,165,42820,15
5,,2006,,,2012,토성면 청간리,"1,000",유진클래시움,1,30,27,49.8,,,217,42820,6
0,,1998,,,2012,간성읍 신안리,"1,000",고성삼익레스타운,2,25,10,39.36,,,111,42820,7
1,,1998,,,2012,간성읍 신안리,500,고성삼익레스타운,2,25,15,39.36,,,111,42820,1
2,,1998,,,2012,간성읍 신안리,"1,000",고성삼익레스타운,2,20,21,39.36,,,111,42820,2
3,,1998,,,2012,간성읍 신안리,"1,000",고성삼익레스타운,2,20,24,39.36,,,111,42820,9
4,,1998,,,2012,간성읍 신안리,500,고성삼익레스타운,2,30,27,39.36,,,111,42820,12
5,,1998,,,2012,간성읍 상리,"1,000",간성대명,2,25,21,39.6,,,483-1,42820,3
6,,2006,,,2012,거진읍 송포리,"2,000",거진오션상떼빌,2,45,26,84.73,,,165,42820,14
7,,2006,,,2012,토성면 청간리,500,유진클래시움,2,40,14,49.8,,,217,42820,14
8,,2006,,,2012,토성면 청간리,"1,000",유진클래시움,2,20,14,37.65,,,217,42820,6
9,,2006,,,2012,토성면 청간리,"6,500",유진클래시움,2,0,20,59.52,,,217,42820,8
0,,1998,,,2012,간성읍 신안리,500,고성삼익레스타운,3,30,28,39.36,,,111,42820,9
1,,1998,,,2012,간성읍 신안리,"2,500",고성삼익레스타운,3,5,29,39.36,,,111,42820,13
2,,2006,,,2012,토성면 청간리,500,유진클래시움,3,40,17,49.8,,,217,42820,15
0,,1998,,,2012,간성읍 신안리,500,고성삼익레스타운,4,30,25,39.36,,,111,42820,12
1,,1998,,,2012,간성읍 신안리,"2,500",고성삼익레스타운,4,10,27,39.36,,,111,42820,11
2,,1998,,,2012,간성읍 상리,"2,000",간성대명,4,20,25,39.6,,,483-1,42820,1
3,,2006,,,2012,거진읍 송포리,"1,000",거진오션상떼빌,4,30,13,70.64,,,165,42820,6
4,,2006,,,2012,토성면 청간리,"3,500",유진클래시움,4,0,5,37.65,,,217,42820,7
5,,2006,,,2012,토성면 청간리,500,유진클래시움,4,30,19,49.8,,,217,42820,3
0,,1998,,,2012,간성읍 신안리,500,고성삼익레스타운,5,30,2,39.36,,,111,42820,8
1,,1998,,,2012,간성읍 신안리,"1,500",고성삼익레스타운,5,20,21,39.36,,,111,42820,1
2,,2006,,,2012,거진읍 송포리,"6,000",거진오션상떼빌,5,0,10,70.64,,,165,42820,7
3,,2006,,,2012,토성면 청간리,"1,000",유진클래시움,5,35,12,59.52,,,217,42820,1
4,,2006,,,2012,토성면 청간리,"4,000",유진클래시움,5,0,14,37.65,,,217,42820,14
5,,2006,,,2012,토성면 청간리,500,유진클래시움,5,40,31,49.8,,,217,42820,7
0,,1998,,,2012,간성읍 신안리,500,고성삼익레스타운,6,30,14,39.36,,,111,42820,14
1,,1998,,,2012,간성읍 신안리,500,고성삼익레스타운,6,30,15,39.36,,,111,42820,11
2,,1998,,,2012,간성읍 신안리,500,고성삼익레스타운,6,30,26,39.36,,,111,42820,14
3,,2006,,,2012,거진읍 송포리,"5,000",거진오션상떼빌,6,0,10,70.64,,,165,42820,12
4,,2006,,,2012,토성면 청간리,500,유진클래시움,6,23,7,37.65,,,217,42820,2
5,,2006,,,2012,토성면 청간리,500,유진클래시움,6,35,21,59.52,,,217,42820,3
6,,2006,,,2012,토성면 청간리,500,유진클래시움,6,35,22,49.8,,,217,42820,3
7,,2006,,,2012,토성면 청간리,"1,400",유진클래시움,6,20,26,49.8,,,217,42820,10
0,,1998,,,2012,간성읍 신안리,"2,600",고성삼익레스타운,7,0,20,39.36,,,111,42820,4
1,,1998,,,2012,간성읍 신안리,500,고성삼익레스타운,7,25,28,39.36,,,111,42820,1
2,,1998,,,2012,간성읍 상리,"1,600",간성대명,7,15,31,39.6,,,483-1,42820,10
3,,2009,,,2012,거진읍 거진리,"6,000",뉴빌리지,7,0,24,58.9902,,,492,42820,1
4,,2006,,,2012,토성면 청간리,300,유진클래시움,7,30,2,37.65,,,217,42820,4
5,,2006,,,2012,토성면 청간리,"4,000",유진클래시움,7,0,9,37.65,,,217,42820,5
6,,2006,,,2012,토성면 청간리,"1,000",유진클래시움,7,20,9,37.65,,,217,42820,6
7,,2006,,,2012,토성면 청간리,"6,500",유진클래시움,7,0,13,59.52,,,217,42820,6
8,,2006,,,2012,토성면 청간리,300,유진클래시움,7,30,18,37.65,,,217,42820,4
9,,2006,,,2012,토성면 청간리,"4,000",유진클래시움,7,0,28,37.65,,,217,42820,7
0,,1998,,,2012,간성읍 신안리,500,고성삼익레스타운,8,30,8,39.36,,,111,42820,8
1,,1998,,,2012,간성읍 신안리,500,고성삼익레스타운,8,30,30,39.36,,,111,42820,9
2,,1998,,,2012,간성읍 상리,"1,600",간성대명,8,22,16,39.6,,,483-1,42820,3
3,,2006,,,2012,토성면 청간리,"1,400",유진클래시움,8,35,8,59.52,,,217,42820,6
4,,2006,,,2012,토성면 청간리,500,유진클래시움,8,30,9,37.65,,,217,42820,5
5,,2006,,,2012,토성면 청간리,500,유진클래시움,8,30,13,37.65,,,217,42820,1
6,,2006,,,2012,토성면 청간리,"2,000",유진클래시움,8,28,13,59.52,,,217,42820,6
7,,2006,,,2012,토성면 청간리,"1,000",유진클래시움,8,40,14,59.52,,,217,42820,8
8,,2006,,,2012,토성면 청간리,"4,000",유진클래시움,8,0,23,37.65,,,217,42820,7
0,,2006,,,2012,거진읍 송포리,"7,000",거진오션상떼빌,9,0,4,84.73,,,165,42820,3
1,,2006,,,2012,거진읍 송포리,"6,000",거진오션상떼빌,9,15,9,70.64,,,165,42820,12
2,,2006,,,2012,거진읍 송포리,"2,000",거진오션상떼빌,9,40,26,70.64,,,165,42820,6
3,,2006,,,2012,거진읍 송포리,"1,200",거진오션상떼빌,9,40,28,70.64,,,165,42820,2
4,,2006,,,2012,토성면 청간리,"1,300",유진클래시움,9,35,1,59.52,,,217,42820,12
5,,2006,,,2012,토성면 청간리,"1,000",유진클래시움,9,30,13,59.52,,,217,42820,5
6,,2006,,,2012,토성면 청간리,"4,000",유진클래시움,9,0,23,37.65,,,217,42820,2
7,,2006,,,2012,토성면 청간리,"4,500",유진클래시움,9,0,26,49.8,,,217,42820,2
0,,1998,,,2012,간성읍 신안리,"2,500",고성삼익레스타운,10,10,18,39.36,,,111,42820,13
1,,2009,,,2012,거진읍 거진리,"7,000",뉴빌리지,10,15,4,58.9902,,,492,42820,3
2,,2006,,,2012,토성면 청간리,300,유진클래시움,10,30,2,37.65,,,217,42820,4
0,,1998,,,2012,간성읍 신안리,500,고성삼익레스타운,11,30,14,39.36,,,111,42820,11
1,,1998,,,2012,간성읍 상리,"2,000",간성대명,11,20,7,39.6,,,483-1,42820,2
2,,2006,,,2012,토성면 청간리,500,유진클래시움,11,40,4,49.8,,,217,42820,12
3,,2006,,,2012,토성면 청간리,"2,000",유진클래시움,11,25,5,49.8,,,217,42820,16
4,,2006,,,2012,토성면 청간리,"3,500",유진클래시움,11,0,15,59.52,,,217,42820,11
5,,2006,,,2012,토성면 청간리,"4,500",유진클래시움,11,0,22,49.8,,,217,42820,11
6,,2006,,,2012,토성면 청간리,"1,000",유진클래시움,11,20,28,37.65,,,217,42820,10
0,,1998,,,2012,간성읍 신안리,"2,500",고성삼익레스타운,12,0,6,39.36,,,111,42820,10
1,,1998,,,2012,간성읍 신안리,"3,000",고성삼익레스타운,12,0,22,39.36,,,111,42820,2
2,,1998,,,2012,간성읍 신안리,"2,500",고성삼익레스타운,12,10,26,39.36,,,111,42820,12
3,,1998,,,2012,간성읍 신안리,"2,500",고성삼익레스타운,12,10,30,39.36,,,111,42820,7
4,,1998,,,2012,간성읍 상리,300,간성대명,12,30,4,39.6,,,483-1,42820,9
5,,2006,,,2012,토성면 청간리,500,유진클래시움,12,35,28,59.52,,,217,42820,3
0,,1998,,,2013,간성읍 신안리,500,고성삼익레스타운,1,30,1,39.36,,,111,42820,6
1,,1998,,,2013,간성읍 신안리,"2,500",고성삼익레스타운,1,10,9,39.36,,,111,42820,15
2,,2006,,,2013,거진읍 송포리,"4,000",거진오션상떼빌,1,10,31,70.64,,,165,42820,15
3,,2006,,,2013,토성면 청간리,"5,500",유진클래시움,1,0,29,49.8,,,217,42820,13
0,,1998,,,2013,간성읍 신안리,"2,300",고성삼익레스타운,2,0,12,39.36,,,111,42820,14
1,,1998,,,2013,간성읍 신안리,500,고성삼익레스타운,2,30,13,39.36,,,111,42820,14
2,,1998,,,2013,간성읍 신안리,"2,500",고성삼익레스타운,2,15,15,39.36,,,111,42820,11
3,,1998,,,2013,간성읍 신안리,500,고성삼익레스타운,2,30,18,39.36,,,111,42820,15
4,,1998,,,2013,간성읍 신안리,"2,500",고성삼익레스타운,2,10,18,39.36,,,111,42820,9
5,,1998,,,2013,간성읍 신안리,"1,000",고성삼익레스타운,2,25,20,39.36,,,111,42820,9
6,,1998,,,2013,간성읍 신안리,"1,000",고성삼익레스타운,2,25,20,39.36,,,111,42820,2
7,,1998,,,2013,간성읍 신안리,"1,000",고성삼익레스타운,2,20,22,39.36,,,111,42820,4
8,,1998,,,2013,간성읍 신안리,500,고성삼익레스타운,2,30,26,39.36,,,111,42820,9
9,,1998,,,2013,간성읍 신안리,"1,000",고성삼익레스타운,2,20,26,39.36,,,111,42820,9
10,,1998,,,2013,간성읍 상리,"1,000",간성대명,2,27,28,39.6,,,483-1,42820,5
11,,2006,,,2013,거진읍 송포리,"2,000",거진오션상떼빌,2,30,23,84.73,,,165,42820,9
12,,2006,,,2013,토성면 청간리,"1,200",유진클래시움,2,25,5,49.8,,,217,42820,6
13,,2006,,,2013,토성면 청간리,400,유진클래시움,2,30,21,37.65,,,217,42820,5
14,,2006,,,2013,토성면 청간리,"1,000",유진클래시움,2,40,21,59.52,,,217,42820,12
0,,1998,,,2013,간성읍 신안리,500,고성삼익레스타운,3,30,15,39.36,,,111,42820,10
1,,1998,,,2013,간성읍 신안리,"4,000",고성삼익레스타운,3,0,20,84.92,,,111,42820,9
2,,1998,,,2013,간성읍 상리,"1,000",간성대명,3,30,10,59.4,,,483-1,42820,4
3,,2009,,,2013,거진읍 거진리,"7,000",뉴빌리지,3,15,5,58.9902,,,492,42820,4
4,,2006,,,2013,토성면 청간리,"2,000",유진클래시움,3,30,12,59.52,,,217,42820,7
5,,2006,,,2013,토성면 청간리,"1,400",유진클래시움,3,35,25,59.52,,,217,42820,9
0,,2006,,,2013,거진읍 송포리,100,거진오션상떼빌,4,40,17,70.64,,,165,42820,5
1,,2006,,,2013,거진읍 송포리,"8,000",거진오션상떼빌,4,0,18,84.73,,,165,42820,2
2,,2006,,,2013,토성면 청간리,"2,000",유진클래시움,4,20,25,37.65,,,217,42820,6
3,,2006,,,2013,토성면 청간리,500,유진클래시움,4,40,26,59.52,,,217,42820,1
4,,2006,,,2013,토성면 청간리,"4,000",유진클래시움,4,0,29,37.65,,,217,42820,13
5,,2006,,,2013,토성면 청간리,"1,000",유진클래시움,4,20,29,37.65,,,217,42820,6
6,,2006,,,2013,토성면 청간리,500,유진클래시움,4,35,30,49.8,,,217,42820,3
0,,1998,,,2013,간성읍 신안리,500,고성삼익레스타운,5,30,11,39.36,,,111,42820,3
1,,1998,,,2013,간성읍 신안리,"2,500",고성삼익레스타운,5,0,20,39.36,,,111,42820,3
2,,1998,,,2013,간성읍 신안리,"5,000",고성삼익레스타운,5,0,25,59.68,,,111,42820,6
3,,2006,,,2013,토성면 청간리,"1,000",유진클래시움,5,30,1,49.8,,,217,42820,14
4,,2006,,,2013,토성면 청간리,500,유진클래시움,5,30,6,37.65,,,217,42820,9
5,,2006,,,2013,토성면 청간리,500,유진클래시움,5,35,29,49.8,,,217,42820,10
0,,1998,,,2013,간성읍 신안리,500,고성삼익레스타운,6,30,4,39.36,,,111,42820,12
1,,1998,,,2013,간성읍 신안리,"5,500",고성삼익레스타운,6,0,7,59.68,,,111,42820,4
2,,1998,,,2013,간성읍 신안리,"2,000",고성삼익레스타운,6,15,11,39.36,,,111,42820,2
3,,2006,,,2013,거진읍 송포리,"1,200",거진오션상떼빌,6,35,28,70.64,,,165,42820,10
4,,2006,,,2013,토성면 청간리,"1,400",유진클래시움,6,25,3,49.8,,,217,42820,10
5,,2006,,,2013,토성면 청간리,"6,000",유진클래시움,6,0,12,59.52,,,217,42820,5
0,,2006,,,2013,토성면 청간리,"6,000",유진클래시움,7,0,1,49.8,,,217,42820,11
1,,2006,,,2013,토성면 청간리,"5,000",유진클래시움,7,0,10,37.65,,,217,42820,10
2,,2006,,,2013,토성면 청간리,500,유진클래시움,7,35,15,49.8,,,217,42820,4
3,,2006,,,2013,토성면 청간리,500,유진클래시움,7,40,16,49.8,,,217,42820,5
0,,1998,,,2013,간성읍 신안리,500,고성삼익레스타운,8,30,22,39.36,,,111,42820,11
1,,1998,,,2013,간성읍 신안리,500,고성삼익레스타운,8,30,30,39.36,,,111,42820,13
2,,1998,,,2013,간성읍 상리,800,간성대명,8,30,20,39.6,,,483-1,42820,10
3,,2006,,,2013,토성면 청간리,500,유진클래시움,8,40,26,49.8,,,217,42820,11
0,,1998,,,2013,간성읍 상리,500,간성대명,9,35,23,59.4,,,483-1,42820,1
1,,2006,,,2013,거진읍 송포리,"1,000",거진오션상떼빌,9,50,13,70.64,,,165,42820,15
2,,2006,,,2013,거진읍 송포리,"1,000",거진오션상떼빌,9,48,30,70.64,,,165,42820,12
0,,1998,,,2013,간성읍 신안리,"1,000",고성삼익레스타운,10,40,4,59.68,,,111,42820,11
1,,1998,,,2013,간성읍 신안리,"7,000",고성삼익레스타운,10,0,4,84.92,,,111,42820,15
2,,1998,,,2013,간성읍 신안리,500,고성삼익레스타운,10,30,30,39.36,,,111,42820,14
3,,1998,,,2013,간성읍 상리,"4,000",간성대명,10,0,21,39.6,,,483-1,42820,12
4,,2009,,,2013,거진읍 거진리,"6,000",뉴빌리지,10,30,25,84.9812,,,492,42820,3
5,,2006,,,2013,거진읍 송포리,"1,000",거진오션상떼빌,10,45,4,70.64,,,165,42820,9
6,,2006,,,2013,거진읍 송포리,"7,500",거진오션상떼빌,10,0,25,84.73,,,165,42820,6
7,,2006,,,2013,토성면 청간리,"4,000",유진클래시움,10,0,11,49.8,,,217,42820,8
0,,1998,,,2013,간성읍 신안리,500,고성삼익레스타운,11,30,3,39.36,,,111,42820,3
1,,1998,,,2013,간성읍 신안리,500,고성삼익레스타운,11,30,26,39.36,,,111,42820,10
2,,1998,,,2013,간성읍 신안리,"1,000",고성삼익레스타운,11,30,27,59.68,,,111,42820,11
3,,1998,,,2013,간성읍 신안리,500,고성삼익레스타운,11,30,28,39.36,,,111,42820,12
4,,1998,,,2013,간성읍 상리,"1,000",간성대명,11,28,5,39.6,,,483-1,42820,11
5,,1998,,,2013,간성읍 상리,"4,000",간성대명,11,0,19,59.4,,,483-1,42820,4
6,,2006,,,2013,거진읍 송포리,"2,000",거진오션상떼빌,11,40,25,84.73,,,165,42820,12
7,,2006,,,2013,토성면 청간리,"1,000",유진클래시움,11,25,7,37.65,,,217,42820,5
8,,2006,,,2013,토성면 청간리,"3,500",유진클래시움,11,0,14,59.52,,,217,42820,10
9,,2006,,,2013,토성면 청간리,"4,500",유진클래시움,11,0,30,37.65,,,217,42820,12
0,,1998,,,2013,간성읍 신안리,"2,500",고성삼익레스타운,12,15,11,39.36,,,111,42820,13
1,,1998,,,2013,간성읍 신안리,100,고성삼익레스타운,12,30,27,39.36,,,111,42820,11
2,,1998,,,2013,간성읍 상리,300,간성대명,12,30,23,39.6,,,483-1,42820,9
3,,2009,,,2013,거진읍 거진리,"6,000",뉴빌리지,12,15,28,58.9902,,,492,42820,1
4,,2006,,,2013,토성면 청간리,"5,000",유진클래시움,12,0,6,49.8,,,217,42820,2
0,,1998,,,2014,간성읍 신안리,"6,300",고성삼익레스타운,1,0,26,84.92,,,111,42820,15
1,,1998,,,2014,간성읍 신안리,"3,500",고성삼익레스타운,1,0,27,39.36,,,111,42820,15
2,,1998,,,2014,간성읍 신안리,"2,000",고성삼익레스타운,1,15,28,84.92,,,111,42820,9
3,,2006,,,2014,거진읍 송포리,"2,000",거진오션상떼빌,1,40,15,70.64,,,165,42820,12
4,,2006,,,2014,거진읍 송포리,"4,000",거진오션상떼빌,1,25,28,84.73,,,165,42820,14
5,,2006,,,2014,토성면 청간리,"5,500",유진클래시움,1,0,17,49.8,,,217,42820,8
6,,2006,,,2014,토성면 청간리,"4,000",유진클래시움,1,0,17,37.65,,,217,42820,5
7,,2006,,,2014,토성면 청간리,500,유진클래시움,1,30,20,37.65,,,217,42820,5
8,,2006,,,2014,토성면 청간리,"7,000",유진클래시움,1,0,23,59.52,,,217,42820,6
9,,2006,,,2014,토성면 청간리,"1,000",유진클래시움,1,20,28,37.65,,,217,42820,6
10,,2006,,,2014,토성면 청간리,"6,000",유진클래시움,1,0,30,49.8,,,217,42820,13
0,,1998,,,2014,간성읍 신안리,"2,200",고성삼익레스타운,2,15,6,39.36,,,111,42820,2
1,,1998,,,2014,간성읍 신안리,"1,500",고성삼익레스타운,2,20,17,39.36,,,111,42820,11
2,,1998,,,2014,간성읍 상리,"1,000",간성대명,2,27,26,39.6,,,483-1,42820,5
3,,2006,,,2014,거진읍 송포리,"1,000",거진오션상떼빌,2,30,10,70.64,,,165,42820,6
4,,2006,,,2014,토성면 청간리,500,유진클래시움,2,35,3,49.8,,,217,42820,8
5,,2006,,,2014,토성면 청간리,"5,500",유진클래시움,2,0,28,49.8,,,217,42820,8
0,,1998,,,2014,간성읍 신안리,"5,000",고성삼익레스타운,3,0,1,59.68,,,111,42820,15
1,,1998,,,2014,간성읍 신안리,500,고성삼익레스타운,3,30,11,39.36,,,111,42820,4
2,,1998,,,2014,간성읍 신안리,"3,500",고성삼익레스타운,3,0,31,39.36,,,111,42820,10
3,,1998,,,2014,간성읍 상리,"1,600",간성대명,3,17,3,39.6,,,483-1,42820,10
4,,2009,,,2014,거진읍 거진리,"7,000",뉴빌리지,3,25,19,84.9812,,,492,42820,3
5,,2009,,,2014,거진읍 거진리,"7,000",뉴빌리지,3,0,19,84.9812,,,492,42820,3
6,,2006,,,2014,토성면 청간리,500,유진클래시움,3,40,6,59.52,,,217,42820,7
7,,2006,,,2014,토성면 청간리,"5,500",유진클래시움,3,0,8,59.52,,,217,42820,12
0,,1998,,,2014,간성읍 신안리,500,고성삼익레스타운,4,30,3,39.36,,,111,42820,13
1,,1998,,,2014,간성읍 신안리,500,고성삼익레스타운,4,30,28,39.36,,,111,42820,8
2,,2014,,,2014,간성읍 상리,"7,800",고성석미모닝파크,4,9,8,76.9,,,443-2,42820,9
3,,2014,,,2014,간성읍 상리,"5,800",고성석미모닝파크,4,7,15,57.91,,,443-2,42820,10
4,,2014,,,2014,간성읍 상리,"7,800",고성석미모닝파크,4,9,15,76.9,,,443-2,42820,11
5,,2014,,,2014,간성읍 상리,"6,090",고성석미모닝파크,4,7,15,57.91,,,443-2,42820,10
6,,2014,,,2014,간성읍 상리,"12,700",고성석미모닝파크,4,0,15,84.51,,,443-2,42820,10
7,,2014,,,2014,간성읍 상리,"10,240",고성석미모닝파크,4,11,15,84.51,,,443-2,42820,11
8,,2014,,,2014,간성읍 상리,"6,900",고성석미모닝파크,4,8,15,57.91,,,443-2,42820,6
9,,2014,,,2014,간성읍 상리,"12,700",고성석미모닝파크,4,0,15,84.51,,,443-2,42820,14
10,,2014,,,2014,간성읍 상리,"6,900",고성석미모닝파크,4,8,15,57.91,,,443-2,42820,6
11,,2014,,,2014,간성읍 상리,"8,600",고성석미모닝파크,4,0,15,57.91,,,443-2,42820,13
12,,2014,,,2014,간성읍 상리,"10,240",고성석미모닝파크,4,11,15,84.51,,,443-2,42820,10
13,,2014,,,2014,간성읍 상리,"8,600",고성석미모닝파크,4,10,15,84.51,,,443-2,42820,11
14,,2014,,,2014,간성읍 상리,"12,700",고성석미모닝파크,4,0,15,84.51,,,443-2,42820,11
15,,2014,,,2014,간성읍 상리,"5,800",고성석미모닝파크,4,7,15,57.91,,,443-2,42820,13
16,,2014,,,2014,간성읍 상리,"5,800",고성석미모닝파크,4,7,15,57.91,,,443-2,42820,7
17,,2014,,,2014,간성읍 상리,"5,800",고성석미모닝파크,4,7,16,57.91,,,443-2,42820,7
18,,2014,,,2014,간성읍 상리,"8,600",고성석미모닝파크,4,10,16,84.51,,,443-2,42820,15
19,,2014,,,2014,간성읍 상리,"8,600",고성석미모닝파크,4,10,16,84.51,,,443-2,42820,8
20,,2014,,,2014,간성읍 상리,"8,600",고성석미모닝파크,4,10,16,84.51,,,443-2,42820,11
21,,2014,,,2014,간성읍 상리,"5,800",고성석미모닝파크,4,7,16,57.91,,,443-2,42820,14
22,,2014,,,2014,간성읍 상리,"7,800",고성석미모닝파크,4,9,16,76.9,,,443-2,42820,8
23,,2014,,,2014,간성읍 상리,"8,600",고성석미모닝파크,4,10,16,84.51,,,443-2,42820,3
24,,2014,,,2014,간성읍 상리,"8,600",고성석미모닝파크,4,10,16,84.51,,,443-2,42820,7
25,,2014,,,2014,간성읍 상리,"8,600",고성석미모닝파크,4,10,16,84.51,,,443-2,42820,5
26,,2014,,,2014,간성읍 상리,"10,240",고성석미모닝파크,4,11,16,84.51,,,443-2,42820,11
27,,2014,,,2014,간성읍 상리,"10,240",고성석미모닝파크,4,11,16,84.51,,,443-2,42820,15
28,,2014,,,2014,간성읍 상리,"9,280",고성석미모닝파크,4,10,16,76.9,,,443-2,42820,9
29,,2014,,,2014,간성읍 상리,"9,280",고성석미모닝파크,4,10,16,76.9,,,443-2,42820,9
30,,2014,,,2014,간성읍 상리,"10,240",고성석미모닝파크,4,11,16,84.51,,,443-2,42820,11
31,,2014,,,2014,간성읍 상리,"9,900",고성석미모닝파크,4,11,16,84.51,,,443-2,42820,11
32,,2014,,,2014,간성읍 상리,"9,030",고성석미모닝파크,4,10,16,84.51,,,443-2,42820,3
33,,2014,,,2014,간성읍 상리,"6,090",고성석미모닝파크,4,7,16,57.91,,,443-2,42820,14
34,,2014,,,2014,간성읍 상리,"6,090",고성석미모닝파크,4,7,16,57.91,,,443-2,42820,11
35,,2014,,,2014,간성읍 상리,"9,030",고성석미모닝파크,4,10,16,84.51,,,443-2,42820,7
36,,2014,,,2014,간성읍 상리,"8,600",고성석미모닝파크,4,10,16,84.51,,,443-2,42820,2
37,,2014,,,2014,간성읍 상리,"8,600",고성석미모닝파크,4,10,16,84.51,,,443-2,42820,8
38,,2014,,,2014,간성읍 상리,"7,800",고성석미모닝파크,4,9,16,76.9,,,443-2,42820,11
39,,2014,,,2014,간성읍 상리,"5,800",고성석미모닝파크,4,7,17,57.91,,,443-2,42820,6
40,,2014,,,2014,간성읍 상리,"8,600",고성석미모닝파크,4,10,18,84.51,,,443-2,42820,2
41,,2014,,,2014,간성읍 상리,"5,800",고성석미모닝파크,4,7,22,57.91,,,443-2,42820,3
42,,2014,,,2014,간성읍 상리,"5,800",고성석미모닝파크,4,7,25,57.91,,,443-2,42820,5
43,,2014,,,2014,간성읍 상리,"6,900",고성석미모닝파크,4,8,25,57.91,,,443-2,42820,5
44,,2014,,,2014,간성읍 상리,"8,600",고성석미모닝파크,4,10,25,84.51,,,443-2,42820,4
45,,2014,,,2014,간성읍 상리,"7,800",고성석미모닝파크,4,9,29,76.9,,,443-2,42820,5
46,,2014,,,2014,간성읍 상리,"12,700",고성석미모닝파크,4,0,29,84.51,,,443-2,42820,13
47,,2006,,,2014,거진읍 송포리,"7,000",거진오션상떼빌,4,0,25,84.73,,,165,42820,5
48,,2006,,,2014,거진읍 송포리,"2,000",거진오션상떼빌,4,40,28,84.73,,,165,42820,4
49,,2006,,,2014,토성면 청간리,300,유진클래시움,4,30,8,37.65,,,217,42820,2
50,,2006,,,2014,토성면 청간리,"4,000",유진클래시움,4,0,25,37.65,,,217,42820,14
0,,1998,,,2014,간성읍 신안리,"2,000",고성삼익레스타운,5,0,2,39.36,,,111,42820,12
1,,1998,,,2014,간성읍 신안리,500,고성삼익레스타운,5,30,7,39.36,,,111,42820,2
2,,1998,,,2014,간성읍 신안리,"1,500",고성삼익레스타운,5,20,9,39.36,,,111,42820,12
3,,1998,,,2014,간성읍 신안리,"3,500",고성삼익레스타운,5,0,16,39.36,,,111,42820,15
4,,1998,,,2014,간성읍 신안리,"2,000",고성삼익레스타운,5,50,23,84.92,,,111,42820,1
5,,1998,,,2014,간성읍 신안리,"5,500",고성삼익레스타운,5,0,27,59.68,,,111,42820,14
6,,1998,,,2014,간성읍 신안리,"2,700",고성삼익레스타운,5,0,30,39.36,,,111,42820,1
7,,1998,,,2014,간성읍 신안리,"5,000",고성삼익레스타운,5,0,30,59.68,,,111,42820,15
8,,2014,,,2014,간성읍 상리,"5,800",고성석미모닝파크,5,7,8,57.91,,,443-2,42820,8
9,,2014,,,2014,간성읍 상리,"7,800",고성석미모닝파크,5,9,8,76.9,,,443-2,42820,10
10,,2014,,,2014,간성읍 상리,"8,600",고성석미모닝파크,5,10,20,84.51,,,443-2,42820,7
11,,2014,,,2014,간성읍 상리,"5,800",고성석미모닝파크,5,7,20,57.91,,,443-2,42820,12
12,,2014,,,2014,간성읍 상리,"6,670",고성석미모닝파크,5,10,20,57.91,,,443-2,42820,12
13,,2014,,,2014,간성읍 상리,"8,600",고성석미모닝파크,5,10,27,84.51,,,443-2,42820,6
14,,2014,,,2014,간성읍 상리,"5,800",고성석미모닝파크,5,7,28,57.91,,,443-2,42820,8
15,,2014,,,2014,간성읍 상리,"6,090",고성석미모닝파크,5,7,28,57.91,,,443-2,42820,8
16,,2006,,,2014,토성면 청간리,"4,000",유진클래시움,5,0,1,37.65,,,217,42820,13
17,,2006,,,2014,토성면 청간리,500,유진클래시움,5,30,2,37.65,,,217,42820,9
18,,2006,,,2014,토성면 청간리,500,유진클래시움,5,30,14,37.65,,,217,42820,5
19,,2006,,,2014,토성면 청간리,"1,000",유진클래시움,5,40,22,59.52,,,217,42820,12
0,,1998,,,2014,간성읍 신안리,500,고성삼익레스타운,6,30,17,39.36,,,111,42820,14
1,,1998,,,2014,간성읍 신안리,"5,500",고성삼익레스타운,6,0,25,59.68,,,111,42820,13
2,,1998,,,2014,간성읍 신안리,500,고성삼익레스타운,6,30,27,39.36,,,111,42820,14
3,,1998,,,2014,간성읍 신안리,500,고성삼익레스타운,6,30,28,39.36,,,111,42820,2
4,,2014,,,2014,간성읍 상리,"8,600",고성석미모닝파크,6,10,16,84.51,,,443-2,42820,16
5,,2014,,,2014,간성읍 상리,"7,800",고성석미모닝파크,6,9,23,76.9,,,443-2,42820,7
6,,2014,,,2014,간성읍 상리,"12,700",고성석미모닝파크,6,0,26,84.51,,,443-2,42820,13
7,,2009,,,2014,거진읍 거진리,"9,000",뉴빌리지,6,0,17,84.9812,,,492,42820,2
8,,2009,,,2014,거진읍 거진리,"6,000",뉴빌리지,6,15,25,58.9902,,,492,42820,1
9,,2006,,,2014,거진읍 송포리,"1,000",거진오션상떼빌,6,40,6,70.64,,,165,42820,5
10,,2006,,,2014,거진읍 송포리,"1,000",거진오션상떼빌,6,45,14,70.64,,,165,42820,2
11,,2006,,,2014,토성면 청간리,"6,000",유진클래시움,6,0,12,49.8,,,217,42820,17
0,,1998,,,2014,간성읍 신안리,500,고성삼익레스타운,7,30,11,39.36,,,111,42820,3
1,,1998,,,2014,간성읍 신안리,500,고성삼익레스타운,7,30,16,39.36,,,111,42820,8
2,,1998,,,2014,간성읍 신안리,500,고성삼익레스타운,7,30,30,39.36,,,111,42820,11
3,,1990,,,2014,간성읍 상리,"1,000",동해2,7,30,13,72.42,,,501,42820,5
4,,2014,,,2014,간성읍 상리,"8,710",고성석미모닝파크,7,10,23,81.45,,,443-2,42820,9
5,,2014,,,2014,간성읍 상리,"8,300",고성석미모닝파크,7,9,23,81.45,,,443-2,42820,9
6,,2006,,,2014,토성면 청간리,"2,000",유진클래시움,7,15,14,37.65,,,217,42820,11
7,,2006,,,2014,토성면 청간리,500,유진클래시움,7,30,21,49.8,,,217,42820,3
0,,1998,,,2014,간성읍 신안리,"3,500",고성삼익레스타운,8,0,4,39.36,,,111,42820,2
1,,1998,,,2014,간성읍 신안리,"3,500",고성삼익레스타운,8,0,19,39.36,,,111,42820,3
2,,2014,,,2014,간성읍 상리,"7,800",고성석미모닝파크,8,9,25,76.9,,,443-2,42820,8
3,,2014,,,2014,간성읍 상리,"9,280",고성석미모닝파크,8,10,25,76.9,,,443-2,42820,8
4,,2014,,,2014,간성읍 상리,"5,800",고성석미모닝파크,8,7,28,57.91,,,443-2,42820,15
5,,2014,,,2014,간성읍 상리,"8,300",고성석미모닝파크,8,9,29,81.45,,,443-2,42820,10
6,,2014,,,2014,간성읍 상리,"8,600",고성석미모닝파크,8,0,29,57.91,,,443-2,42820,15
7,,2009,,,2014,거진읍 거진리,"6,000",뉴빌리지,8,15,4,58.9902,,,492,42820,1
8,,2006,,,2014,거진읍 송포리,"2,000",거진오션상떼빌,8,40,7,70.64,,,165,42820,9
9,,2006,,,2014,토성면 청간리,500,유진클래시움,8,45,25,59.52,,,217,42820,12
0,,1998,,,2014,간성읍 신안리,500,고성삼익레스타운,9,30,1,39.36,,,111,42820,15
1,,1998,,,2014,간성읍 신안리,500,고성삼익레스타운,9,30,4,39.36,,,111,42820,2
2,,1998,,,2014,간성읍 신안리,"5,000",고성삼익레스타운,9,0,16,59.68,,,111,42820,5
3,,2014,,,2014,간성읍 상리,"6,090",고성석미모닝파크,9,7,16,57.91,,,443-2,42820,16
4,,2014,,,2014,간성읍 상리,"5,800",고성석미모닝파크,9,7,16,57.91,,,443-2,42820,16
5,,1998,,,2014,간성읍 상리,600,간성대명,9,30,16,39.6,,,483-1,42820,12
6,,2014,,,2014,간성읍 상리,"9,300",고성석미모닝파크,9,0,16,62.58,,,443-2,42820,12
7,,2014,,,2014,간성읍 상리,"5,800",고성석미모닝파크,9,7,22,57.91,,,443-2,42820,2
8,,2009,,,2014,거진읍 거진리,"7,000",뉴빌리지,9,0,12,58.9902,,,492,42820,10
9,,2006,,,2014,토성면 청간리,"6,500",유진클래시움,9,0,12,59.52,,,217,42820,8
10,,2006,,,2014,토성면 청간리,"1,500",유진클래시움,9,30,14,49.8,,,217,42820,10
11,,2006,,,2014,토성면 청간리,"6,500",유진클래시움,9,0,15,59.52,,,217,42820,6
12,,2006,,,2014,토성면 청간리,500,유진클래시움,9,35,17,37.65,,,217,42820,13
0,,1998,,,2014,간성읍 신안리,"6,000",고성삼익레스타운,10,0,7,84.92,,,111,42820,14
1,,1998,,,2014,간성읍 신안리,"6,000",고성삼익레스타운,10,0,7,59.68,,,111,42820,9
2,,1998,,,2014,간성읍 신안리,500,고성삼익레스타운,10,30,11,39.36,,,111,42820,11
3,,1998,,,2014,간성읍 신안리,"7,000",고성삼익레스타운,10,0,14,84.92,,,111,42820,3
4,,1998,,,2014,간성읍 신안리,500,고성삼익레스타운,10,30,16,39.36,,,111,42820,9
5,,1998,,,2014,간성읍 신안리,500,고성삼익레스타운,10,30,17,39.36,,,111,42820,14
6,,1998,,,2014,간성읍 신안리,"5,500",고성삼익레스타운,10,0,20,59.68,,,111,42820,15
7,,1998,,,2014,간성읍 신안리,"2,000",고성삼익레스타운,10,15,20,39.36,,,111,42820,8
8,,1998,,,2014,간성읍 신안리,"3,300",고성삼익레스타운,10,0,25,39.36,,,111,42820,1
9,,2014,,,2014,간성읍 상리,"8,600",고성석미모닝파크,10,10,6,84.51,,,443-2,42820,1
10,,2014,,,2014,간성읍 상리,"9,030",고성석미모닝파크,10,10,6,84.51,,,443-2,42820,1
11,,2014,,,2014,간성읍 상리,"12,420",고성석미모닝파크,10,0,8,82.28,,,443-2,42820,17
12,,2014,,,2014,간성읍 상리,"8,400",고성석미모닝파크,10,9,8,82.28,,,443-2,42820,17
13,,2014,,,2014,간성읍 상리,"6,300",고성석미모닝파크,10,7,10,62.58,,,443-2,42820,13
14,,2014,,,2014,간성읍 상리,"6,610",고성석미모닝파크,10,7,10,62.58,,,443-2,42820,13
15,,2014,,,2014,간성읍 상리,"7,500",고성석미모닝파크,10,8,10,62.58,,,443-2,42820,13
16,,2014,,,2014,간성읍 상리,"6,900",고성석미모닝파크,10,8,16,57.91,,,443-2,42820,1
17,,2014,,,2014,간성읍 상리,"5,800",고성석미모닝파크,10,7,16,57.91,,,443-2,42820,1
18,,2014,,,2014,간성읍 상리,"6,090",고성석미모닝파크,10,7,24,57.91,,,443-2,42820,1
19,,2014,,,2014,간성읍 상리,"5,800",고성석미모닝파크,10,7,24,57.91,,,443-2,42820,1
20,,1998,,,2014,간성읍 상리,"1,000",간성대명,10,30,25,39.6,,,483-1,42820,4
21,,2009,,,2014,거진읍 거진리,"9,000",뉴빌리지,10,0,29,84.9812,,,492,42820,4
22,,2006,,,2014,거진읍 송포리,"7,000",거진오션상떼빌,10,0,2,84.73,,,165,42820,3
23,,2006,,,2014,토성면 청간리,"2,000",유진클래시움,10,28,7,59.52,,,217,42820,5
24,,2006,,,2014,토성면 청간리,"1,400",유진클래시움,10,25,9,49.8,,,217,42820,2
25,,2006,,,2014,토성면 청간리,500,유진클래시움,10,40,27,49.8,,,217,42820,7
26,,2006,,,2014,토성면 청간리,500,유진클래시움,10,40,29,49.8,,,217,42820,12
0,,1998,,,2014,간성읍 신안리,500,고성삼익레스타운,11,30,6,39.36,,,111,42820,2
1,,1998,,,2014,간성읍 신안리,"3,500",고성삼익레스타운,11,0,19,39.36,,,111,42820,9
2,,1998,,,2014,간성읍 신안리,500,고성삼익레스타운,11,30,30,39.36,,,111,42820,11
3,,2014,,,2014,간성읍 상리,"8,600",고성석미모닝파크,11,10,1,84.51,,,443-2,42820,12
4,,2014,,,2014,간성읍 상리,"8,300",고성석미모닝파크,11,9,4,81.45,,,443-2,42820,8
5,,1998,,,2014,간성읍 상리,"2,500",간성대명,11,0,19,39.6,,,483-1,42820,6
6,,2014,,,2014,간성읍 상리,"8,710",고성석미모닝파크,11,10,24,81.45,,,443-2,42820,12
7,,2014,,,2014,간성읍 상리,"9,880",고성석미모닝파크,11,11,24,81.45,,,443-2,42820,12
8,,2014,,,2014,간성읍 상리,"6,610",고성석미모닝파크,11,7,25,62.58,,,443-2,42820,14
9,,2014,,,2014,간성읍 상리,"6,300",고성석미모닝파크,11,7,25,62.58,,,443-2,42820,14
10,,2006,,,2014,토성면 청간리,500,유진클래시움,11,30,6,37.65,,,217,42820,7
0,,1998,,,2014,간성읍 신안리,"3,000",고성삼익레스타운,12,0,21,39.36,,,111,42820,13
1,,1998,,,2014,간성읍 신안리,"2,500",고성삼익레스타운,12,10,24,39.36,,,111,42820,12
2,,1998,,,2014,간성읍 신안리,"2,000",고성삼익레스타운,12,15,26,39.36,,,111,42820,14
3,,1998,,,2014,간성읍 신안리,500,고성삼익레스타운,12,30,29,39.36,,,111,42820,3
4,,2014,,,2014,간성읍 상리,"8,600",고성석미모닝파크,12,10,5,84.51,,,443-2,42820,18
5,,1998,,,2014,간성읍 상리,"2,000",간성대명,12,20,11,39.6,,,483-1,42820,7
6,,2014,,,2014,간성읍 상리,"7,800",고성석미모닝파크,12,9,11,76.9,,,443-2,42820,3
7,,2014,,,2014,간성읍 상리,"11,550",고성석미모닝파크,12,0,18,76.9,,,443-2,42820,2
8,,1998,,,2014,간성읍 상리,"5,000",간성대명,12,0,22,59.4,,,483-1,42820,1
9,,2006,,,2014,토성면 청간리,"4,500",유진클래시움,12,0,8,49.8,,,217,42820,2
10,,2006,,,2014,토성면 청간리,"6,000",유진클래시움,12,0,15,59.52,,,217,42820,5
0,,1998,,,2015,간성읍 신안리,"2,000",고성삼익레스타운,1,20,5,39.36,,,111,42820,4
1,,1998,,,2015,간성읍 신안리,500,고성삼익레스타운,1,30,6,39.36,,,111,42820,15
2,,1998,,,2015,간성읍 신안리,500,고성삼익레스타운,1,30,6,39.36,,,111,42820,10
3,,1998,,,2015,간성읍 신안리,"3,500",고성삼익레스타운,1,0,6,59.68,,,111,42820,11
4,,1998,,,2015,간성읍 신안리,"4,000",고성삼익레스타운,1,0,16,59.68,,,111,42820,14
5,,1998,,,2015,간성읍 상리,300,간성대명,1,30,5,39.6,,,483-1,42820,9
6,,2014,,,2015,간성읍 상리,"4,844",고성석미모닝파크,1,41,5,71.63,,,443-2,42820,15
7,,2014,,,2015,간성읍 상리,"8,300",고성석미모닝파크,1,9,10,81.45,,,443-2,42820,7
8,,2014,,,2015,간성읍 상리,"8,300",고성석미모닝파크,1,9,14,81.45,,,443-2,42820,9
9,,1998,,,2015,간성읍 상리,"1,000",간성대명,1,30,19,59.4,,,483-1,42820,8
10,,2014,,,2015,간성읍 상리,"8,300",고성석미모닝파크,1,9,19,81.38,,,443-2,42820,14
11,,2014,,,2015,간성읍 상리,"8,300",고성석미모닝파크,1,9,20,81.45,,,443-2,42820,4
12,,2014,,,2015,간성읍 상리,"7,800",고성석미모닝파크,1,9,22,76.9,,,443-2,42820,9
13,,2009,,,2015,거진읍 거진리,"6,000",뉴빌리지,1,25,17,58.9902,,,492,42820,5
14,,2006,,,2015,토성면 청간리,"7,000",유진클래시움,1,0,9,59.52,,,217,42820,5
15,,2006,,,2015,토성면 청간리,500,유진클래시움,1,40,22,49.8,,,217,42820,7
0,,1998,,,2015,간성읍 신안리,500,고성삼익레스타운,2,30,7,39.36,,,111,42820,2
1,,1998,,,2015,간성읍 신안리,"5,500",고성삼익레스타운,2,0,10,59.68,,,111,42820,15
2,,1998,,,2015,간성읍 신안리,"4,000",고성삼익레스타운,2,0,11,39.36,,,111,42820,11
3,,1998,,,2015,간성읍 신안리,500,고성삼익레스타운,2,30,20,39.36,,,111,42820,9
4,,1998,,,2015,간성읍 신안리,30,고성삼익레스타운,2,30,23,39.36,,,111,42820,12
5,,1998,,,2015,간성읍 신안리,"2,200",고성삼익레스타운,2,15,27,39.36,,,111,42820,2
6,,1998,,,2015,간성읍 신안리,"1,000",고성삼익레스타운,2,40,28,59.68,,,111,42820,2
7,,2014,,,2015,간성읍 상리,"8,710",고성석미모닝파크,2,10,2,81.45,,,443-2,42820,8
8,,2014,,,2015,간성읍 상리,"7,800",고성석미모닝파크,2,9,3,76.9,,,443-2,42820,6
9,,2014,,,2015,간성읍 상리,"8,300",고성석미모닝파크,2,9,4,81.45,,,443-2,42820,5
10,,2014,,,2015,간성읍 상리,"8,710",고성석미모닝파크,2,10,5,81.45,,,443-2,42820,12
11,,2014,,,2015,간성읍 상리,"8,300",고성석미모닝파크,2,9,5,81.45,,,443-2,42820,12
12,,2014,,,2015,간성읍 상리,"7,800",고성석미모닝파크,2,9,9,76.9,,,443-2,42820,6
13,,2014,,,2015,간성읍 상리,"11,500",고성석미모닝파크,2,0,9,76.9,,,443-2,42820,6
14,,2014,,,2015,간성읍 상리,"8,590",고성석미모닝파크,2,10,9,57.91,,,443-2,42820,6
15,,2014,,,2015,간성읍 상리,"5,800",고성석미모닝파크,2,7,9,57.91,,,443-2,42820,14
16,,2014,,,2015,간성읍 상리,"8,190",고성석미모닝파크,2,9,9,76.9,,,443-2,42820,6
17,,2014,,,2015,간성읍 상리,"8,300",고성석미모닝파크,2,9,11,81.45,,,443-2,42820,3
18,,2014,,,2015,간성읍 상리,"8,300",고성석미모닝파크,2,9,16,81.42,,,443-2,42820,13
19,,2014,,,2015,간성읍 상리,"8,600",고성석미모닝파크,2,10,16,84.51,,,443-2,42820,17
20,,2014,,,2015,간성읍 상리,"8,590",고성석미모닝파크,2,10,17,76.9,,,443-2,42820,3
21,,2014,,,2015,간성읍 상리,"8,190",고성석미모닝파크,2,9,17,76.9,,,443-2,42820,3
22,,2014,,,2015,간성읍 상리,"11,550",고성석미모닝파크,2,0,17,76.9,,,443-2,42820,3
23,,2014,,,2015,간성읍 상리,"11,550",고성석미모닝파크,2,0,17,76.9,,,443-2,42820,3
24,,1998,,,2015,간성읍 상리,"2,000",간성대명,2,20,23,39.6,,,483-1,42820,4
25,,2014,,,2015,간성읍 상리,"8,300",고성석미모닝파크,2,9,24,81.45,,,443-2,42820,2
26,,1998,,,2015,간성읍 상리,"1,500",간성대명,2,20,26,39.6,,,483-1,42820,5
27,,1998,,,2015,간성읍 상리,"1,000",간성대명,2,40,28,39.6,,,483-1,42820,2
28,,2009,,,2015,거진읍 거진리,"7,000",뉴빌리지,2,20,27,58.9902,,,492,42820,6
29,,2006,,,2015,거진읍 송포리,"2,000",거진오션상떼빌,2,40,15,84.73,,,165,42820,2
30,,2006,,,2015,토성면 청간리,500,유진클래시움,2,40,5,59.52,,,217,42820,1
31,,2006,,,2015,토성면 청간리,"1,000",유진클래시움,2,40,17,59.52,,,217,42820,12
32,,2006,,,2015,토성면 청간리,500,유진클래시움,2,30,24,37.65,,,217,42820,1
33,,2006,,,2015,토성면 청간리,"4,000",유진클래시움,2,0,25,37.65,,,217,42820,11
34,,2006,,,2015,토성면 청간리,"2,000",유진클래시움,2,30,27,49.8,,,217,42820,10
35,,2006,,,2015,토성면 청간리,"2,000",유진클래시움,2,40,28,49.8,,,217,42820,6
0,,1998,,,2015,간성읍 신안리,500,고성삼익레스타운,3,30,2,39.36,,,111,42820,11
1,,1998,,,2015,간성읍 신안리,500,고성삼익레스타운,3,30,2,39.36,,,111,42820,4
2,,1998,,,2015,간성읍 신안리,"4,000",고성삼익레스타운,3,25,9,84.92,,,111,42820,9
3,,1998,,,2015,간성읍 신안리,"2,500",고성삼익레스타운,3,0,25,39.36,,,111,42820,3
4,,2014,,,2015,간성읍 상리,"7,300",고성석미모닝파크,3,8,9,71.36,,,443-2,42820,14
5,,2014,,,2015,간성읍 상리,"8,690",고성석미모닝파크,3,0,9,71.36,,,443-2,42820,14
6,,2014,,,2015,간성읍 상리,"8,820",고성석미모닝파크,3,10,11,82.28,,,443-2,42820,16
7,,2014,,,2015,간성읍 상리,"8,400",고성석미모닝파크,3,9,11,82.28,,,443-2,42820,16
8,,1998,,,2015,간성읍 상리,"1,000",간성대명,3,30,11,59.4,,,483-1,42820,10
9,,2014,,,2015,간성읍 상리,"8,300",고성석미모닝파크,3,9,13,81.45,,,443-2,42820,14
10,,2009,,,2015,거진읍 거진리,"8,000",뉴빌리지,3,15,2,58.9902,,,492,42820,4
11,,2009,,,2015,거진읍 거진리,"7,000",뉴빌리지,3,0,4,58.9902,,,492,42820,13
12,,2006,,,2015,토성면 청간리,"1,000",유진클래시움,3,40,11,49.8,,,217,42820,16
13,,2006,,,2015,토성면 청간리,"2,500",유진클래시움,3,30,11,59.52,,,217,42820,4
0,,1998,,,2015,간성읍 신안리,500,고성삼익레스타운,4,30,2,39.36,,,111,42820,1
1,,1998,,,2015,간성읍 신안리,"3,800",고성삼익레스타운,4,0,5,39.36,,,111,42820,11
2,,2009,,,2015,거진읍 거진리,"8,000",뉴빌리지,4,15,20,58.9902,,,492,42820,6
3,,2006,,,2015,거진읍 송포리,"2,000",거진오션상떼빌,4,40,20,70.64,,,165,42820,5
4,,2006,,,2015,거진읍 송포리,"2,000",거진오션상떼빌,4,40,20,70.64,,,165,42820,15
5,,2006,,,2015,거진읍 송포리,"1,000",거진오션상떼빌,4,40,21,70.64,,,165,42820,2
6,,2006,,,2015,토성면 청간리,500,유진클래시움,4,30,2,37.65,,,217,42820,3
7,,2006,,,2015,토성면 청간리,500,유진클래시움,4,30,4,37.65,,,217,42820,5
8,,2006,,,2015,토성면 청간리,"8,500",유진클래시움,4,0,6,59.52,,,217,42820,7
9,,2006,,,2015,토성면 청간리,500,유진클래시움,4,30,14,37.65,,,217,42820,6
0,,1998,,,2015,간성읍 신안리,300,고성삼익레스타운,5,28,28,39.36,,,111,42820,11
1,,1998,,,2015,간성읍 상리,"2,000",간성대명,5,20,2,39.6,,,483-1,42820,12
2,,1998,,,2015,간성읍 상리,"1,500",간성대명,5,20,19,39.6,,,483-1,42820,6
3,,2006,,,2015,토성면 청간리,"7,000",유진클래시움,5,0,5,49.8,,,217,42820,8
4,,2006,,,2015,토성면 청간리,300,유진클래시움,5,30,6,37.65,,,217,42820,4
5,,2006,,,2015,토성면 청간리,"1,000",유진클래시움,5,35,19,59.52,,,217,42820,1
0,,1998,,,2015,간성읍 신안리,500,고성삼익레스타운,6,30,3,39.36,,,111,42820,6
1,,1998,,,2015,간성읍 신안리,500,고성삼익레스타운,6,30,29,39.36,,,111,42820,9
2,,1998,,,2015,간성읍 신안리,"2,500",고성삼익레스타운,6,50,29,84.92,,,111,42820,4
3,,1998,,,2015,간성읍 상리,"3,000",간성대명,6,0,29,39.6,,,483-1,42820,8
4,,2006,,,2015,토성면 청간리,500,유진클래시움,6,50,1,59.52,,,217,42820,7
5,,2006,,,2015,토성면 청간리,"1,400",유진클래시움,6,25,16,49.8,,,217,42820,2
6,,2006,,,2015,토성면 청간리,"2,000",유진클래시움,6,20,29,37.65,,,217,42820,6
0,,1998,,,2015,간성읍 신안리,"6,000",고성삼익레스타운,7,0,15,59.68,,,111,42820,15
1,,1998,,,2015,간성읍 신안리,500,고성삼익레스타운,7,30,27,39.36,,,111,42820,5
2,,2014,,,2015,간성읍 상리,"8,600",고성석미모닝파크,7,10,14,84.51,,,443-2,42820,1
3,,2009,,,2015,거진읍 거진리,"8,000",뉴빌리지,7,15,17,58.9902,,,492,42820,9
4,,2006,,,2015,토성면 청간리,"5,000",유진클래시움,7,0,25,37.65,,,217,42820,10
0,,1998,,,2015,간성읍 신안리,"2,000",고성삼익레스타운,8,40,3,59.68,,,111,42820,15
1,,1998,,,2015,간성읍 신안리,500,고성삼익레스타운,8,30,17,39.36,,,111,42820,8
2,,1998,,,2015,간성읍 신안리,500,고성삼익레스타운,8,30,21,39.36,,,111,42820,3
3,,2006,,,2015,토성면 청간리,"5,000",유진클래시움,8,0,20,37.65,,,217,42820,8
4,,2006,,,2015,토성면 청간리,"4,500",유진클래시움,8,0,22,49.8,,,217,42820,8
5,,2006,,,2015,토성면 청간리,"1,400",유진클래시움,8,35,29,59.52,,,217,42820,6
0,,2014,,,2015,간성읍 상리,"9,030",고성석미모닝파크,9,10,10,84.51,,,443-2,42820,8
1,,2014,,,2015,간성읍 상리,"8,300",고성석미모닝파크,9,9,14,81.38,,,443-2,42820,14
2,,2014,,,2015,간성읍 상리,"8,300",고성석미모닝파크,9,9,16,81.45,,,443-2,42820,2
3,,2006,,,2015,거진읍 송포리,"10,000",거진오션상떼빌,9,0,11,84.73,,,165,42820,5
4,,2006,,,2015,거진읍 송포리,"2,000",거진오션상떼빌,9,45,22,84.73,,,165,42820,8
5,,2006,,,2015,토성면 청간리,"6,000",유진클래시움,9,0,8,49.8,,,217,42820,2
0,,1998,,,2015,간성읍 신안리,"4,000",고성삼익레스타운,10,25,8,84.92,,,111,42820,9
1,,1998,,,2015,간성읍 신안리,"4,000",고성삼익레스타운,10,0,20,39.36,,,111,42820,11
2,,1998,,,2015,간성읍 신안리,500,고성삼익레스타운,10,45,24,59.68,,,111,42820,4
3,,1998,,,2015,간성읍 신안리,"1,000",고성삼익레스타운,10,40,24,59.68,,,111,42820,4
4,,1998,,,2015,간성읍 상리,500,간성대명,10,30,1,39.6,,,483-1,42820,7
5,,2009,,,2015,거진읍 거진리,"8,000",뉴빌리지,10,15,12,58.9902,,,492,42820,9
6,,2006,,,2015,토성면 청간리,"4,500",유진클래시움,10,0,1,49.8,,,217,42820,2
0,,2006,,,2015,토성면 청간리,500,유진클래시움,11,30,14,37.65,,,217,42820,7
0,,1998,,,2015,간성읍 신안리,500,고성삼익레스타운,12,30,7,39.36,,,111,42820,15
1,,1998,,,2015,간성읍 신안리,500,고성삼익레스타운,12,30,16,39.36,,,111,42820,14
2,,1998,,,2015,간성읍 신안리,"4,000",고성삼익레스타운,12,0,18,39.36,,,111,42820,7
3,,1998,,,2015,간성읍 신안리,"1,000",고성삼익레스타운,12,40,18,59.68,,,111,42820,6
4,,2006,,,2015,토성면 청간리,500,유진클래시움,12,30,21,37.65,,,217,42820,2
0,,1998,,,2016,간성읍 신안리,"1,000",고성삼익레스타운,1,40,16,59.68,,,111,42820,10
1,,1998,,,2016,간성읍 신안리,500,고성삼익레스타운,1,28,22,39.36,,,111,42820,3
2,,1998,,,2016,간성읍 신안리,500,고성삼익레스타운,1,30,28,39.36,,,111,42820,13
3,,1998,,,2016,간성읍 신안리,"6,000",고성삼익레스타운,1,0,29,59.68,,,111,42820,1
4,,2014,,,2016,간성읍 상리,"7,800",고성석미모닝파크,1,9,7,76.9,,,443-2,42820,9
5,,2014,,,2016,간성읍 상리,"8,190",고성석미모닝파크,1,9,7,76.9,,,443-2,42820,9
6,,1990,,,2016,간성읍 상리,500,동해2,1,35,14,57.48,,,501,42820,4
7,,2006,,,2016,토성면 청간리,500,유진클래시움,1,35,2,49.8,,,217,42820,3
8,,2006,,,2016,토성면 청간리,700,유진클래시움,1,40,5,49.8,,,217,42820,11
9,,2006,,,2016,토성면 청간리,"4,500",유진클래시움,1,0,15,37.65,,,217,42820,5
10,,2006,,,2016,토성면 청간리,500,유진클래시움,1,30,23,37.65,,,217,42820,9
11,,2006,,,2016,토성면 청간리,"5,000",유진클래시움,1,0,27,37.65,,,217,42820,2
0,,1998,,,2016,간성읍 신안리,500,고성삼익레스타운,2,35,22,39.36,,,111,42820,9
1,,1998,,,2016,간성읍 신안리,500,고성삼익레스타운,2,30,26,39.36,,,111,42820,4
2,,1998,,,2016,간성읍 신안리,500,고성삼익레스타운,2,30,27,39.36,,,111,42820,7
3,,1990,,,2016,간성읍 상리,500,동해2,2,30,4,57.48,,,501,42820,5
4,,1998,,,2016,간성읍 상리,"1,000",간성대명,2,25,20,39.6,,,483-1,42820,5
5,,2014,,,2016,간성읍 상리,"8,710",고성석미모닝파크,2,10,22,81.45,,,443-2,42820,9
6,,2014,,,2016,간성읍 상리,"9,030",고성석미모닝파크,2,10,22,84.51,,,443-2,42820,7
7,,2014,,,2016,간성읍 상리,"6,090",고성석미모닝파크,2,7,23,57.91,,,443-2,42820,3
8,,2014,,,2016,간성읍 상리,"6,090",고성석미모닝파크,2,7,24,57.91,,,443-2,42820,13
9,,2014,,,2016,간성읍 상리,"8,190",고성석미모닝파크,2,9,25,76.9,,,443-2,42820,7
10,,2014,,,2016,간성읍 상리,"6,090",고성석미모닝파크,2,7,26,57.91,,,443-2,42820,1
11,,2014,,,2016,간성읍 상리,"9,030",고성석미모닝파크,2,10,26,84.51,,,443-2,42820,12
12,,2014,,,2016,간성읍 상리,"9,030",고성석미모닝파크,2,10,29,84.51,,,443-2,42820,8
13,,2014,,,2016,간성읍 상리,"8,190",고성석미모닝파크,2,9,29,76.9,,,443-2,42820,8
14,,2014,,,2016,간성읍 상리,"8,710",고성석미모닝파크,2,10,29,81.45,,,443-2,42820,6
15,,1989,,,2016,거진읍 거진리,200,동진,2,20,24,56.04,,,428-5,42820,4
0,,1998,,,2016,간성읍 신안리,500,고성삼익레스타운,3,30,1,39.36,,,111,42820,8
1,,1998,,,2016,간성읍 신안리,500,고성삼익레스타운,3,30,1,39.36,,,111,42820,3
2,,1998,,,2016,간성읍 신안리,500,고성삼익레스타운,3,30,14,39.36,,,111,42820,3
3,,1998,,,2016,간성읍 신안리,"6,000",고성삼익레스타운,3,0,30,59.68,,,111,42820,14
4,,2014,,,2016,간성읍 상리,"7,660",고성석미모닝파크,3,9,3,71.36,,,443-2,42820,14
5,,2014,,,2016,간성읍 상리,"9,030",고성석미모닝파크,3,10,4,84.51,,,443-2,42820,15
6,,2014,,,2016,간성읍 상리,"8,710",고성석미모닝파크,3,10,7,81.45,,,443-2,42820,3
7,,2014,,,2016,간성읍 상리,"8,190",고성석미모닝파크,3,9,8,76.9,,,443-2,42820,9
8,,2014,,,2016,간성읍 상리,"6,090",고성석미모닝파크,3,7,8,57.91,,,443-2,42820,7
9,,2014,,,2016,간성읍 상리,"6,090",고성석미모닝파크,3,7,10,57.91,,,443-2,42820,6
10,,2014,,,2016,간성읍 상리,"6,090",고성석미모닝파크,3,7,14,57.91,,,443-2,42820,5
11,,2014,,,2016,간성읍 상리,"9,280",고성석미모닝파크,3,10,14,76.9,,,443-2,42820,7
12,,2014,,,2016,간성읍 상리,"9,030",고성석미모닝파크,3,10,21,84.51,,,443-2,42820,11
13,,2014,,,2016,간성읍 상리,"6,090",고성석미모닝파크,3,7,23,57.91,,,443-2,42820,15
14,,2014,,,2016,간성읍 상리,"8,190",고성석미모닝파크,3,9,28,76.9,,,443-2,42820,4
15,,2009,,,2016,거진읍 거진리,"8,000",뉴빌리지,3,15,28,58.9902,,,492,42820,4
16,,2006,,,2016,토성면 청간리,"5,500",유진클래시움,3,0,5,59.52,,,217,42820,12
17,,2006,,,2016,토성면 청간리,500,유진클래시움,3,30,12,37.65,,,217,42820,3
18,,2006,,,2016,토성면 청간리,"2,000",유진클래시움,3,30,31,59.52,,,217,42820,12
0,,1998,,,2016,간성읍 신안리,500,고성삼익레스타운,4,30,2,39.36,,,111,42820,2
1,,1998,,,2016,간성읍 신안리,"6,000",고성삼익레스타운,4,0,4,59.68,,,111,42820,10
2,,1998,,,2016,간성읍 신안리,500,고성삼익레스타운,4,30,4,39.36,,,111,42820,14
3,,1998,,,2016,간성읍 신안리,"3,000",고성삼익레스타운,4,15,25,39.36,,,111,42820,12
4,,1998,,,2016,간성읍 신안리,"4,000",고성삼익레스타운,4,0,26,39.36,,,111,42820,4
5,,1998,,,2016,간성읍 신안리,500,고성삼익레스타운,4,35,26,39.36,,,111,42820,9
6,,2006,,,2016,토성면 청간리,"1,000",유진클래시움,4,20,21,37.65,,,217,42820,6
0,,1998,,,2016,간성읍 신안리,"4,000",고성삼익레스타운,5,0,18,39.36,,,111,42820,15
1,,1998,,,2016,간성읍 신안리,"1,000",고성삼익레스타운,5,25,19,39.36,,,111,42820,9
2,,1998,,,2016,간성읍 신안리,500,고성삼익레스타운,5,30,24,39.36,,,111,42820,13
3,,1998,,,2016,간성읍 신안리,"4,000",고성삼익레스타운,5,30,31,84.92,,,111,42820,9
4,,2006,,,2016,토성면 청간리,"5,500",유진클래시움,5,0,14,37.65,,,217,42820,8
5,,2006,,,2016,토성면 청간리,"10,000",유진클래시움,5,0,27,59.52,,,217,42820,13
0,,1998,,,2016,간성읍 신안리,"2,000",고성삼익레스타운,6,15,2,39.36,,,111,42820,4
1,,1998,,,2016,간성읍 신안리,"3,500",고성삼익레스타운,6,40,9,84.92,,,111,42820,4
2,,1998,,,2016,간성읍 신안리,"4,000",고성삼익레스타운,6,0,10,84.92,,,111,42820,9
3,,1998,,,2016,간성읍 신안리,"4,000",고성삼익레스타운,6,0,10,39.36,,,111,42820,2
4,,1998,,,2016,간성읍 신안리,500,고성삼익레스타운,6,30,10,39.36,,,111,42820,1
5,,2014,,,2016,간성읍 상리,"9,030",고성석미모닝파크,6,10,1,84.51,,,443-2,42820,18
6,,2014,,,2016,간성읍 상리,"6,090",고성석미모닝파크,6,7,7,57.91,,,443-2,42820,12
7,,1990,,,2016,간성읍 상리,"1,500",동해2,6,0,10,55.26,,,501,42820,5
8,,2009,,,2016,거진읍 거진리,"10,000",뉴빌리지,6,15,20,84.9812,,,492,42820,2
9,,2006,,,2016,토성면 청간리,"4,500",유진클래시움,6,0,30,37.65,,,217,42820,5
0,,1998,,,2016,간성읍 신안리,"7,500",고성삼익레스타운,7,0,5,59.68,,,111,42820,8
1,,1998,,,2016,간성읍 상리,500,간성대명,7,30,15,39.6,,,483-1,42820,1
2,,2006,,,2016,토성면 청간리,"1,000",유진클래시움,7,40,5,59.52,,,217,42820,6
3,,2006,,,2016,토성면 청간리,"5,000",유진클래시움,7,0,25,49.8,,,217,42820,6
0,,1989,,,2016,간성읍 신안리,"2,500",동해1,8,0,5,47.35,,,183,42820,1
1,,1998,,,2016,간성읍 신안리,500,고성삼익레스타운,8,35,10,39.36,,,111,42820,9
2,,1998,,,2016,간성읍 신안리,"4,000",고성삼익레스타운,8,0,17,39.36,,,111,42820,15
3,,1989,,,2016,간성읍 신안리,"4,000",동해1,8,0,20,59.29,,,183,42820,5
4,,1998,,,2016,간성읍 신안리,"4,000",고성삼익레스타운,8,0,25,39.36,,,111,42820,3
5,,2014,,,2016,간성읍 상리,"9,880",고성석미모닝파크,8,11,8,81.45,,,443-2,42820,4
6,,2009,,,2016,거진읍 거진리,"7,000",뉴빌리지,8,15,5,58.9902,,,492,42820,1
7,,2009,,,2016,거진읍 거진리,"8,000",뉴빌리지,8,20,18,58.9902,,,492,42820,7
8,,1989,,,2016,거진읍 거진리,500,동진,8,20,21,56.04,,,428-5,42820,1
9,,2009,,,2016,거진읍 거진리,"8,000",뉴빌리지,8,20,23,58.9902,,,492,42820,8
10,,2006,,,2016,토성면 청간리,500,유진클래시움,8,35,23,37.65,,,217,42820,8
0,,2006,,,2016,토성면 청간리,500,유진클래시움,9,40,7,49.8,,,217,42820,15
1,,2006,,,2016,토성면 청간리,"1,000",유진클래시움,9,50,21,59.52,,,217,42820,12
0,,1998,,,2016,간성읍 신안리,500,고성삼익레스타운,10,30,13,39.36,,,111,42820,8
1,,1990,,,2016,거진읍 거진리,500,동진,10,30,4,58.26,,,428-5,42820,3
2,,2006,,,2016,거진읍 송포리,"2,000",거진오션상떼빌,10,40,9,84.73,,,165,42820,9
3,,2006,,,2016,토성면 청간리,500,유진클래시움,10,30,1,37.65,,,217,42820,1
4,,2006,,,2016,토성면 청간리,"10,000",유진클래시움,10,0,11,59.52,,,217,42820,11
5,,2006,,,2016,토성면 청간리,"9,000",유진클래시움,10,0,21,59.52,,,217,42820,5
0,,1998,,,2016,간성읍 신안리,"7,000",고성삼익레스타운,11,0,2,59.68,,,111,42820,9
1,,1998,,,2016,간성읍 신안리,500,고성삼익레스타운,11,30,12,39.36,,,111,42820,12
2,,1998,,,2016,간성읍 신안리,"10,000",고성삼익레스타운,11,0,28,84.92,,,111,42820,3
3,,1998,,,2016,간성읍 신안리,"2,000",고성삼익레스타운,11,35,29,59.68,,,111,42820,13
4,,1998,,,2016,간성읍 상리,500,간성대명,11,30,29,39.6,,,483-1,42820,7
5,,2006,,,2016,거진읍 송포리,"2,000",거진오션상떼빌,11,40,8,70.64,,,165,42820,9
0,,1998,,,2016,간성읍 신안리,"4,000",고성삼익레스타운,12,0,9,39.36,,,111,42820,15
1,,1998,,,2016,간성읍 신안리,"4,000",고성삼익레스타운,12,0,26,39.36,,,111,42820,7
2,,1998,,,2016,간성읍 상리,"3,000",간성대명,12,0,5,39.6,,,483-1,42820,2
3,,1998,,,2016,간성읍 상리,"3,500",간성대명,12,0,22,39.6,,,483-1,42820,8
4,,1990,,,2016,거진읍 거진리,"2,000",동진,12,0,12,58.26,,,428-5,42820,5
5,,2006,,,2016,거진읍 송포리,"11,000",거진오션상떼빌,12,0,16,70.64,,,165,42820,7
6,,2006,,,2016,토성면 청간리,"7,500",유진클래시움,12,0,20,59.52,,,217,42820,3
0,,1998,,,2017,간성읍 신안리,"3,000",고성삼익레스타운,1,15,14,39.36,,,111,42820,14
1,,1998,,,2017,간성읍 신안리,500,고성삼익레스타운,1,30,23,39.36,,,111,42820,4
2,,2014,,,2017,간성읍 상리,"9,030",고성석미모닝파크,1,10,4,84.51,,,443-2,42820,1
3,,2006,,,2017,토성면 청간리,500,유진클래시움,1,45,2,37.65,,,217,42820,14
4,,2006,,,2017,토성면 청간리,500,유진클래시움,1,35,10,37.65,,,217,42820,9
5,,2006,,,2017,토성면 청간리,"6,500",유진클래시움,1,0,12,37.65,,,217,42820,11
0,,1998,,,2017,간성읍 신안리,500,고성삼익레스타운,2,30,2,39.36,,,111,42820,4
1,,1998,,,2017,간성읍 신안리,500,고성삼익레스타운,2,30,2,39.36,,,111,42820,13
2,,1998,,,2017,간성읍 신안리,"1,000",고성삼익레스타운,2,40,10,59.68,,,111,42820,10
3,,1998,,,2017,간성읍 신안리,"3,000",고성삼익레스타운,2,15,14,39.36,,,111,42820,8
4,,1998,,,2017,간성읍 신안리,"2,000",고성삼익레스타운,2,20,17,39.36,,,111,42820,2
5,,1998,,,2017,간성읍 신안리,500,고성삼익레스타운,2,30,22,39.36,,,111,42820,5
6,,1998,,,2017,간성읍 신안리,"1,000",고성삼익레스타운,2,40,25,59.68,,,111,42820,2
7,,1998,,,2017,간성읍 신안리,500,고성삼익레스타운,2,30,27,39.36,,,111,42820,7
8,,2014,,,2017,간성읍 상리,"6,090",고성석미모닝파크,2,7,2,57.91,,,443-2,42820,2
9,,2014,,,2017,간성읍 상리,"9,140",고성석미모닝파크,2,10,5,81.45,,,443-2,42820,12
10,,1998,,,2017,간성읍 상리,"2,500",간성대명,2,20,14,39.6,,,483-1,42820,5
11,,2014,,,2017,간성읍 상리,"8,190",고성석미모닝파크,2,9,14,76.9,,,443-2,42820,6
12,,2014,,,2017,간성읍 상리,"11,550",고성석미모닝파크,2,0,14,76.9,,,443-2,42820,6
13,,1998,,,2017,간성읍 상리,500,간성대명,2,30,21,39.6,,,483-1,42820,12
14,,2006,,,2017,거진읍 송포리,"3,000",거진오션상떼빌,2,40,8,70.64,,,165,42820,5
15,,2006,,,2017,거진읍 송포리,"10,000",거진오션상떼빌,2,0,28,70.64,,,165,42820,10
0,,1998,,,2017,간성읍 신안리,"2,500",고성삼익레스타운,3,0,2,39.36,,,111,42820,3
1,,1998,,,2017,간성읍 신안리,"5,000",고성삼익레스타운,3,0,16,59.68,,,111,42820,5
2,,1998,,,2017,간성읍 상리,"1,000",간성대명,3,35,25,59.4,,,483-1,42820,9
3,,2009,,,2017,거진읍 거진리,"8,000",뉴빌리지,3,20,12,58.9902,,,492,42820,6
4,,2006,,,2017,토성면 청간리,"8,000",유진클래시움,3,0,2,49.8,,,217,42820,8
5,,2006,,,2017,토성면 청간리,"1,000",유진클래시움,3,45,30,49.8,,,217,42820,16
0,,1998,,,2017,간성읍 신안리,"3,000",고성삼익레스타운,4,15,3,39.36,,,111,42820,12
1,,1998,,,2017,간성읍 신안리,"1,000",고성삼익레스타운,4,40,19,59.68,,,111,42820,4
2,,1998,,,2017,간성읍 신안리,500,고성삼익레스타운,4,30,22,39.36,,,111,42820,6
3,,1998,,,2017,간성읍 신안리,"4,000",고성삼익레스타운,4,0,25,39.36,,,111,42820,8
4,,2014,,,2017,간성읍 상리,"9,140",고성석미모닝파크,4,10,11,81.45,,,443-2,42820,9
5,,2014,,,2017,간성읍 상리,"9,140",고성석미모닝파크,4,10,11,81.45,,,443-2,42820,9
6,,2014,,,2017,간성읍 상리,"9,140",고성석미모닝파크,4,10,12,81.38,,,443-2,42820,14
7,,2014,,,2017,간성읍 상리,"6,390",고성석미모닝파크,4,7,12,57.91,,,443-2,42820,3
8,,2014,,,2017,간성읍 상리,"8,590",고성석미모닝파크,4,10,12,76.9,,,443-2,42820,9
9,,2014,,,2017,간성읍 상리,"6,390",고성석미모닝파크,4,7,13,57.91,,,443-2,42820,1
10,,1998,,,2017,간성읍 상리,500,간성대명,4,30,13,39.6,,,483-1,42820,5
11,,2014,,,2017,간성읍 상리,"6,390",고성석미모닝파크,4,7,13,57.91,,,443-2,42820,7
12,,2014,,,2017,간성읍 상리,"9,480",고성석미모닝파크,4,11,14,84.51,,,443-2,42820,3
13,,2014,,,2017,간성읍 상리,"6,390",고성석미모닝파크,4,7,14,76.9,,,443-2,42820,10
14,,2014,,,2017,간성읍 상리,"6,390",고성석미모닝파크,4,7,14,57.91,,,443-2,42820,1
15,,2014,,,2017,간성읍 상리,"8,590",고성석미모닝파크,4,10,14,76.9,,,443-2,42820,7
16,,2014,,,2017,간성읍 상리,"8,590",고성석미모닝파크,4,10,18,76.9,,,443-2,42820,7
17,,2014,,,2017,간성읍 상리,"6,390",고성석미모닝파크,4,7,27,57.91,,,443-2,42820,8
18,,2006,,,2017,토성면 청간리,"10,000",유진클래시움,4,0,1,59.52,,,217,42820,7
19,,2006,,,2017,토성면 청간리,"1,000",유진클래시움,4,40,13,49.8,,,217,42820,8
20,,2006,,,2017,토성면 청간리,"5,000",유진클래시움,4,0,19,59.52,,,217,42820,2
21,,2006,,,2017,토성면 청간리,500,유진클래시움,4,30,27,37.65,,,217,42820,3
22,,2006,,,2017,토성면 청간리,"10,000",유진클래시움,4,0,28,49.8,,,217,42820,16
0,,1998,,,2017,간성읍 신안리,"4,000",고성삼익레스타운,5,0,1,39.36,,,111,42820,8
1,,1998,,,2017,간성읍 신안리,500,고성삼익레스타운,5,42,4,59.68,,,111,42820,11
2,,1998,,,2017,간성읍 신안리,500,고성삼익레스타운,5,40,4,59.68,,,111,42820,11
3,,1998,,,2017,간성읍 상리,"1,000",간성대명,5,30,14,39.6,,,483-1,42820,2
4,,2014,,,2017,간성읍 상리,"9,480",고성석미모닝파크,5,11,18,84.51,,,443-2,42820,18
5,,2014,,,2017,간성읍 상리,"9,280",고성석미모닝파크,5,10,22,76.9,,,443-2,42820,11
6,,2014,,,2017,간성읍 상리,"8,590",고성석미모닝파크,5,0,29,76.9,,,443-2,42820,8
7,,2006,,,2017,거진읍 송포리,"2,000",거진오션상떼빌,5,50,2,70.64,,,165,42820,2
8,,2006,,,2017,토성면 청간리,"9,300",유진클래시움,5,0,15,49.8,,,217,42820,11
9,,2006,,,2017,토성면 청간리,"5,000",유진클래시움,5,0,19,59.52,,,217,42820,1
0,,1998,,,2017,간성읍 신안리,500,고성삼익레스타운,6,0,3,39.36,,,111,42820,8
1,,1998,,,2017,간성읍 신안리,"1,000",고성삼익레스타운,6,0,30,59.68,,,111,42820,6
2,,2014,,,2017,간성읍 상리,"11,550",고성석미모닝파크,6,0,26,76.9,,,443-2,42820,9
3,,2014,,,2017,간성읍 상리,"9,280",고성석미모닝파크,6,10,26,76.9,,,443-2,42820,9
4,,2009,,,2017,거진읍 거진리,"3,000",뉴빌리지,6,50,3,84.9812,,,492,42820,5
5,,2006,,,2017,토성면 청간리,"8,000",유진클래시움,6,0,1,49.8,,,217,42820,8
6,,2006,,,2017,토성면 청간리,"7,700",유진클래시움,6,0,7,37.65,,,217,42820,10
0,,1998,,,2017,간성읍 상리,500,간성대명,7,30,6,39.6,,,483-1,42820,5
1,,1990,,,2017,간성읍 상리,"4,000",동해2,7,0,19,57.48,,,501,42820,4
2,,2006,,,2017,토성면 청간리,"7,000",유진클래시움,7,0,24,37.65,,,217,42820,11
0,,1989,,,2017,간성읍 신안리,"2,000",동해1,8,20,2,59.29,,,183,42820,1
1,,1998,,,2017,간성읍 신안리,500,고성삼익레스타운,8,35,10,39.36,,,111,42820,9
2,,1998,,,2017,간성읍 신안리,"3,500",고성삼익레스타운,8,40,11,84.92,,,111,42820,4
3,,1998,,,2017,간성읍 신안리,500,고성삼익레스타운,8,30,22,39.36,,,111,42820,9
4,,1998,,,2017,간성읍 신안리,"3,000",고성삼익레스타운,8,20,29,59.68,,,111,42820,11
5,,2014,,,2017,간성읍 상리,"9,140",고성석미모닝파크,8,10,29,81.45,,,443-2,42820,6
0,,1998,,,2017,간성읍 신안리,500,고성삼익레스타운,9,30,4,39.36,,,111,42820,2
1,,1998,,,2017,간성읍 신안리,"8,500",고성삼익레스타운,9,0,7,59.68,,,111,42820,2
2,,1998,,,2017,간성읍 상리,"2,700",간성대명,9,15,11,39.6,,,483-1,42820,10
3,,1998,,,2017,간성읍 상리,600,간성대명,9,30,11,39.6,,,483-1,42820,3
4,,1998,,,2017,간성읍 상리,"2,000",간성대명,9,20,25,39.6,,,483-1,42820,2
5,,2006,,,2017,토성면 청간리,"6,500",유진클래시움,9,0,14,37.65,,,217,42820,5
6,,2006,,,2017,토성면 청간리,500,유진클래시움,9,35,26,37.65,,,217,42820,4
0,,1998,,,2017,간성읍 신안리,"1,000",고성삼익레스타운,10,40,16,59.68,,,111,42820,9
1,,1998,,,2017,간성읍 신안리,"4,000",고성삼익레스타운,10,0,30,39.36,,,111,42820,11
2,,2014,,,2017,간성읍 상리,"6,390",고성석미모닝파크,10,7,11,57.91,,,443-2,42820,6
3,,2014,,,2017,간성읍 상리,"8,600",고성석미모닝파크,10,0,11,57.91,,,443-2,42820,6
4,,2006,,,2017,토성면 청간리,"9,000",유진클래시움,10,0,24,49.8,,,217,42820,17
5,,2006,,,2017,토성면 청간리,"5,000",유진클래시움,10,0,30,37.65,,,217,42820,2
0,,1998,,,2017,간성읍 신안리,"6,000",고성삼익레스타운,11,0,16,59.68,,,111,42820,14
1,,2014,,,2017,간성읍 상리,"11,550",고성석미모닝파크,11,0,15,76.9,,,443-2,42820,4
2,,2006,,,2017,토성면 청간리,"6,800",유진클래시움,11,0,3,49.8,,,217,42820,2
3,,2006,,,2017,토성면 청간리,"9,000",유진클래시움,11,0,9,49.8,,,217,42820,17
4,,2006,,,2017,토성면 청간리,"5,000",유진클래시움,11,0,20,37.65,,,217,42820,5
0,,1998,,,2017,간성읍 신안리,500,고성삼익레스타운,12,30,2,39.36,,,111,42820,14
1,,1998,,,2017,간성읍 신안리,500,고성삼익레스타운,12,30,21,39.36,,,111,42820,4
2,,2014,,,2017,간성읍 상리,"9,140",고성석미모닝파크,12,10,4,81.45,,,443-2,42820,9
3,,2006,,,2017,토성면 청간리,"6,000",유진클래시움,12,0,4,59.52,,,217,42820,12
4,,2006,,,2017,토성면 청간리,"1,000",유진클래시움,12,40,21,49.8,,,217,42820,4
5,,2006,,,2017,토성면 청간리,"10,000",유진클래시움,12,0,23,49.8,,,217,42820,11
6,,2006,,,2017,토성면 청간리,"6,000",유진클래시움,12,0,29,37.65,,,217,42820,8
0,,1998,,,2018,간성읍 신안리,"4,500",고성삼익레스타운,1,0,15,39.36,,,111,42820,9
1,,1998,,,2018,간성읍 신안리,500,고성삼익레스타운,1,30,23,39.36,,,111,42820,9
2,,1998,,,2018,간성읍 신안리,500,고성삼익레스타운,1,0,25,39.36,,,111,42820,10
3,,1998,,,2018,간성읍 신안리,"4,000",고성삼익레스타운,1,0,31,39.36,,,111,42820,3
4,,2014,,,2018,간성읍 상리,"9,480",고성석미모닝파크,1,11,3,84.51,,,443-2,42820,6
5,,2014,,,2018,간성읍 상리,"10,240",고성석미모닝파크,1,11,5,84.51,,,443-2,42820,18
6,,2014,,,2018,간성읍 상리,"10,240",고성석미모닝파크,1,11,5,84.51,,,443-2,42820,18
7,,2014,,,2018,간성읍 상리,"9,480",고성석미모닝파크,1,11,5,84.51,,,443-2,42820,18
8,,2014,,,2018,간성읍 상리,"6,390",고성석미모닝파크,1,7,16,57.91,,,443-2,42820,14
9,,2014,,,2018,간성읍 상리,"9,480",고성석미모닝파크,1,11,30,84.51,,,443-2,42820,16
10,,2006,,,2018,토성면 청간리,"7,000",유진클래시움,1,0,23,37.65,,,217,42820,11
0,,1998,,,2018,간성읍 신안리,500,고성삼익레스타운,2,30,1,39.36,,,111,42820,8
1,,1998,,,2018,간성읍 신안리,"10,000",고성삼익레스타운,2,0,12,84.92,,,111,42820,3
2,,1998,,,2018,간성읍 신안리,"9,140",고성삼익레스타운,2,10,12,84.92,,,111,42820,3
3,,1998,,,2018,간성읍 신안리,500,고성삼익레스타운,2,30,20,39.36,,,111,42820,12
4,,2014,,,2018,간성읍 상리,"6,390",고성석미모닝파크,2,7,9,57.91,,,443-2,42820,15
5,,2014,,,2018,간성읍 상리,"12,300",고성석미모닝파크,2,0,12,81.45,,,443-2,42820,3
6,,2014,,,2018,간성읍 상리,"9,550",고성석미모닝파크,2,10,12,81.45,,,443-2,42820,3
7,,2014,,,2018,간성읍 상리,"9,140",고성석미모닝파크,2,10,22,81.45,,,443-2,42820,10
8,,1990,,,2018,간성읍 상리,"2,200",동해2,2,0,22,57.48,,,501,42820,5
9,,1998,,,2018,간성읍 상리,"2,500",간성대명,2,0,23,39.6,,,483-1,42820,5
0,,1998,,,2018,간성읍 신안리,"4,000",고성삼익레스타운,3,0,12,39.36,,,111,42820,4
1,,1998,,,2018,간성읍 신안리,"7,500",고성삼익레스타운,3,0,29,59.68,,,111,42820,15
2,,1998,,,2018,간성읍 신안리,500,고성삼익레스타운,3,30,30,39.36,,,111,42820,7
3,,2006,,,2018,거진읍 송포리,"11,000",거진오션상떼빌,3,0,24,84.73,,,165,42820,2
4,,2006,,,2018,거진읍 송포리,"10,000",거진오션상떼빌,3,0,27,70.64,,,165,42820,12
5,,2006,,,2018,토성면 청간리,"13,000",유진클래시움,3,0,27,59.52,,,217,42820,10
0,,1998,,,2018,간성읍 신안리,"8,000",고성삼익레스타운,4,0,11,59.68,,,111,42820,1
1,,1998,,,2018,간성읍 신안리,"1,000",고성삼익레스타운,4,25,19,39.36,,,111,42820,9
2,,2014,,,2018,간성읍 상리,"9,480",고성석미모닝파크,4,11,16,84.51,,,443-2,42820,11
3,,2014,,,2018,간성읍 상리,"7,250",고성석미모닝파크,4,8,23,62.58,,,443-2,42820,13
4,,2014,,,2018,간성읍 상리,"6,670",고성석미모닝파크,4,7,24,57.91,,,443-2,42820,1
5,,2014,,,2018,간성읍 상리,"8,970",고성석미모닝파크,4,10,24,76.9,,,443-2,42820,4
6,,2014,,,2018,간성읍 상리,"6,670",고성석미모닝파크,4,7,24,57.91,,,443-2,42820,1
7,,2014,,,2018,간성읍 상리,"9,550",고성석미모닝파크,4,10,25,81.45,,,443-2,42820,9
8,,2014,,,2018,간성읍 상리,"9,900",고성석미모닝파크,4,11,25,84.51,,,443-2,42820,7
9,,2014,,,2018,간성읍 상리,"9,550",고성석미모닝파크,4,10,26,81.45,,,443-2,42820,12
10,,2014,,,2018,간성읍 상리,"9,550",고성석미모닝파크,4,10,26,81.45,,,443-2,42820,6
11,,2014,,,2018,간성읍 상리,"6,670",고성석미모닝파크,4,7,26,57.91,,,443-2,42820,6
12,,2014,,,2018,간성읍 상리,"9,900",고성석미모닝파크,4,11,26,84.51,,,443-2,42820,18
13,,2014,,,2018,간성읍 상리,"6,670",고성석미모닝파크,4,7,27,57.91,,,443-2,42820,6
14,,2014,,,2018,간성읍 상리,"9,900",고성석미모닝파크,4,11,27,84.51,,,443-2,42820,3
15,,2014,,,2018,간성읍 상리,"8,970",고성석미모닝파크,4,10,27,76.9,,,443-2,42820,8
16,,2014,,,2018,간성읍 상리,"6,670",고성석미모닝파크,4,7,27,57.91,,,443-2,42820,10
17,,2014,,,2018,간성읍 상리,"9,550",고성석미모닝파크,4,10,27,81.45,,,443-2,42820,13
18,,2014,,,2018,간성읍 상리,"8,970",고성석미모닝파크,4,10,27,76.9,,,443-2,42820,9
19,,2014,,,2018,간성읍 상리,"8,970",고성석미모닝파크,4,10,27,76.9,,,443-2,42820,7
20,,2014,,,2018,간성읍 상리,"12,700",고성석미모닝파크,4,0,30,84.51,,,443-2,42820,16
0,,1998,,,2018,간성읍 신안리,"1,000",고성삼익레스타운,5,45,10,59.68,,,111,42820,11
1,,1998,,,2018,간성읍 신안리,"7,000",고성삼익레스타운,5,0,17,59.68,,,111,42820,15
2,,1998,,,2018,간성읍 신안리,"3,000",고성삼익레스타운,5,0,18,84.92,,,111,42820,4
3,,2014,,,2018,간성읍 상리,"8,970",고성석미모닝파크,5,10,4,76.9,,,443-2,42820,6
4,,2014,,,2018,간성읍 상리,"9,900",고성석미모닝파크,5,11,8,84.51,,,443-2,42820,2
5,,1998,,,2018,간성읍 상리,500,간성대명,5,35,12,39.6,,,483-1,42820,5
6,,2014,,,2018,간성읍 상리,"6,670",고성석미모닝파크,5,7,15,57.91,,,443-2,42820,5
7,,1998,,,2018,간성읍 상리,"2,000",간성대명,5,20,23,39.6,,,483-1,42820,7
8,,2006,,,2018,토성면 청간리,"9,000",유진클래시움,5,0,27,49.8,,,217,42820,8
0,,1998,,,2018,간성읍 신안리,500,고성삼익레스타운,6,30,1,39.36,,,111,42820,3
1,,1998,,,2018,간성읍 신안리,"8,000",고성삼익레스타운,6,0,5,59.68,,,111,42820,8
2,,2014,,,2018,간성읍 상리,"9,550",고성석미모닝파크,6,10,7,81.45,,,443-2,42820,12
3,,2006,,,2018,토성면 청간리,"6,500",유진클래시움,6,0,18,49.8,,,217,42820,6
4,,2006,,,2018,토성면 청간리,"5,000",유진클래시움,6,0,21,37.65,,,217,42820,6
5,,2006,,,2018,토성면 청간리,"8,000",유진클래시움,6,0,27,49.8,,,217,42820,10
0,,1998,,,2018,간성읍 신안리,"7,000",고성삼익레스타운,7,0,5,59.68,,,111,42820,7
1,,1998,,,2018,간성읍 신안리,300,고성삼익레스타운,7,28,26,39.36,,,111,42820,11
2,,2014,,,2018,간성읍 상리,"9,900",고성석미모닝파크,7,11,10,84.51,,,443-2,42820,8
3,,2014,,,2018,간성읍 상리,"6,670",고성석미모닝파크,7,7,11,57.91,,,443-2,42820,12
4,,1990,,,2018,간성읍 상리,"3,000",동해2,7,0,17,57.48,,,501,42820,5
5,,2014,,,2018,간성읍 상리,"9,550",고성석미모닝파크,7,10,24,81.45,,,443-2,42820,9
6,,2006,,,2018,거진읍 송포리,"14,000",거진오션상떼빌,7,0,13,84.73,,,165,42820,13
7,,2006,,,2018,토성면 청간리,500,유진클래시움,7,35,13,37.65,,,217,42820,9
0,,1998,,,2018,간성읍 신안리,"1,000",고성삼익레스타운,8,40,9,59.68,,,111,42820,5
1,,1998,,,2018,간성읍 신안리,500,고성삼익레스타운,8,30,13,39.36,,,111,42820,4
2,,1998,,,2018,간성읍 신안리,"4,500",고성삼익레스타운,8,0,22,39.36,,,111,42820,15
3,,2006,,,2018,토성면 청간리,200,유진클래시움,8,45,15,37.65,,,217,42820,15
0,,1998,,,2018,간성읍 신안리,"5,000",고성삼익레스타운,9,0,14,59.68,,,111,42820,5
1,,1998,,,2018,간성읍 신안리,500,고성삼익레스타운,9,30,29,39.36,,,111,42820,13
2,,2006,,,2018,거진읍 송포리,"1,000",거진오션상떼빌,9,50,3,84.73,,,165,42820,11
3,,2006,,,2018,거진읍 송포리,"10,000",거진오션상떼빌,9,0,13,70.64,,,165,42820,10
4,,2006,,,2018,토성면 청간리,"3,000",유진클래시움,9,0,3,37.65,,,217,42820,5
5,,2006,,,2018,토성면 청간리,500,유진클래시움,9,45,15,59.52,,,217,42820,13
0,,1998,,,2018,간성읍 신안리,"1,000",고성삼익레스타운,10,40,9,84.92,,,111,42820,15
1,,1990,,,2018,간성읍 상리,"2,500",동해2,10,0,12,51,,,501,42820,4
2,,2006,,,2018,토성면 청간리,500,유진클래시움,10,0,17,59.52,,,217,42820,9
3,,2006,,,2018,토성면 청간리,"12,000",유진클래시움,10,0,29,59.52,,,217,42820,11
0,,1998,,,2018,간성읍 신안리,500,고성삼익레스타운,11,30,22,39.36,,,111,42820,7
1,,2014,,,2018,간성읍 상리,"9,550",고성석미모닝파크,11,10,23,81.45,,,443-2,42820,1
2,,2014,,,2018,간성읍 상리,"9,880",고성석미모닝파크,11,11,23,81.45,,,443-2,42820,1
3,,2014,,,2018,간성읍 상리,"9,900",고성석미모닝파크,11,11,30,84.51,,,443-2,42820,1
4,,2006,,,2018,토성면 청간리,"2,000",유진클래시움,11,40,30,59.52,,,217,42820,12
0,,1998,,,2018,간성읍 신안리,500,고성삼익레스타운,12,30,7,39.36,,,111,42820,5
1,,1998,,,2018,간성읍 신안리,500,고성삼익레스타운,12,0,11,39.36,,,111,42820,15
2,,1998,,,2018,간성읍 신안리,"4,000",고성삼익레스타운,12,0,16,39.36,,,111,42820,7
3,,1998,,,2018,간성읍 신안리,"3,000",고성삼익레스타운,12,15,20,39.36,,,111,42820,14
4,,1990,,,2018,간성읍 상리,750,동해2,12,35,10,57.48,,,501,42820,3
5,,2014,,,2018,간성읍 상리,"7,500",고성석미모닝파크,12,0,17,50.75,,,443-2,42820,12
6,,2014,,,2018,간성읍 상리,"5,860",고성석미모닝파크,12,6,17,50.75,,,443-2,42820,12
7,,1998,,,2018,간성읍 상리,500,간성대명,12,30,25,39.6,,,483-1,42820,11
8,,1998,,,2018,간성읍 상리,"2,000",간성대명,12,21,27,39.6,,,483-1,42820,2
9,,2006,,,2018,거진읍 송포리,"2,000",거진오션상떼빌,12,60,13,70.64,,,165,42820,5
10,,2006,,,2018,토성면 청간리,500,유진클래시움,12,45,20,37.65,,,217,42820,9
0,,1998,,,2019,간성읍 신안리,500,고성삼익레스타운,1,30,2,39.36,,,111,42820,9
1,,1998,,,2019,간성읍 신안리,"2,000",고성삼익레스타운,1,19,7,39.36,,,111,42820,12
2,,1998,,,2019,간성읍 신안리,500,고성삼익레스타운,1,30,9,39.36,,,111,42820,13
3,,1998,,,2019,간성읍 신안리,"1,000",고성삼익레스타운,1,25,14,39.36,,,111,42820,11
4,,1998,,,2019,간성읍 상리,500,간성대명,1,30,2,39.6,,,483-1,42820,7
5,,1998,,,2019,간성읍 상리,500,간성대명,1,35,20,39.6,,,483-1,42820,2
6,,1998,,,2019,간성읍 상리,500,간성대명,1,30,30,39.6,,,483-1,42820,9
0,,1998,,,2019,간성읍 신안리,500,고성삼익레스타운,2,30,7,39.36,,,111,42820,8
1,,1998,,,2019,간성읍 신안리,500,고성삼익레스타운,2,30,8,39.36,,,111,42820,9
2,,1998,,,2019,간성읍 신안리,500,고성삼익레스타운,2,30,8,39.36,,,111,42820,9
3,,1998,,,2019,간성읍 신안리,"4,000",고성삼익레스타운,2,0,8,39.36,,,111,42820,15
4,,1998,,,2019,간성읍 신안리,500,고성삼익레스타운,2,30,12,39.36,,,111,42820,13
5,,1998,,,2019,간성읍 신안리,500,고성삼익레스타운,2,30,13,39.36,,,111,42820,12
6,,1998,,,2019,간성읍 신안리,"1,000",고성삼익레스타운,2,40,18,59.68,,,111,42820,2
7,,1998,,,2019,간성읍 신안리,500,고성삼익레스타운,2,50,22,59.68,,,111,42820,9
8,,1998,,,2019,간성읍 신안리,"4,000",고성삼익레스타운,2,30,25,84.92,,,111,42820,9
9,,1998,,,2019,간성읍 신안리,"4,500",고성삼익레스타운,2,0,25,39.36,,,111,42820,15
10,,1998,,,2019,간성읍 신안리,"1,000",고성삼익레스타운,2,40,26,59.68,,,111,42820,9
11,,2014,,,2019,간성읍 상리,"9,550",고성석미모닝파크,2,10,7,81.45,,,443-2,42820,3
12,,2014,,,2019,간성읍 상리,"10,240",고성석미모닝파크,2,11,8,84.51,,,443-2,42820,4
13,,2014,,,2019,간성읍 상리,"9,900",고성석미모닝파크,2,11,8,84.51,,,443-2,42820,4
14,,2014,,,2019,간성읍 상리,"8,970",고성석미모닝파크,2,10,12,76.9,,,443-2,42820,2
15,,2014,,,2019,간성읍 상리,"9,280",고성석미모닝파크,2,10,12,76.9,,,443-2,42820,2
16,,1998,,,2019,간성읍 상리,"4,000",간성대명,2,0,13,59.4,,,483-1,42820,3
17,,1998,,,2019,간성읍 상리,"2,000",간성대명,2,20,14,39.6,,,483-1,42820,4
18,,2006,,,2019,거진읍 송포리,"8,000",거진오션상떼빌,2,20,16,70.64,,,165,42820,7
19,,2006,,,2019,토성면 청간리,"1,000",유진클래시움,2,40,7,49.8,,,217,42820,6
20,,2006,,,2019,토성면 청간리,"5,000",유진클래시움,2,10,9,37.65,,,217,42820,11
21,,2006,,,2019,토성면 청간리,"5,000",유진클래시움,2,0,13,59.52,,,217,42820,2
0,,1998,,,2019,간성읍 신안리,500,고성삼익레스타운,3,30,11,39.36,,,111,42820,4
1,,1998,,,2019,간성읍 신안리,500,고성삼익레스타운,3,30,14,39.36,,,111,42820,9
2,,1998,,,2019,간성읍 신안리,"2,500",고성삼익레스타운,3,0,20,39.36,,,111,42820,3
3,,1998,,,2019,간성읍 상리,500,간성대명,3,30,30,39.6,,,483-1,42820,4
4,,2006,,,2019,거진읍 송포리,"2,000",거진오션상떼빌,3,50,15,70.64,,,165,42820,9
5,,2006,,,2019,토성면 청간리,500,유진클래시움,3,35,7,37.65,,,217,42820,1
0,,1998,,,2019,간성읍 신안리,"1,000",고성삼익레스타운,4,25,18,39.36,,,111,42820,9
1,,1998,,,2019,간성읍 신안리,500,고성삼익레스타운,4,30,25,39.36,,,111,42820,3
2,,2014,,,2019,간성읍 상리,"9,280",고성석미모닝파크,4,10,16,76.9,,,443-2,42820,7
3,,2014,,,2019,간성읍 상리,"9,880",고성석미모닝파크,4,11,22,81.45,,,443-2,42820,3
4,,2014,,,2019,간성읍 상리,"10,240",고성석미모닝파크,4,11,22,84.51,,,443-2,42820,10
5,,2014,,,2019,간성읍 상리,"7,500",고성석미모닝파크,4,8,23,62.58,,,443-2,42820,13
6,,2014,,,2019,간성읍 상리,"6,900",고성석미모닝파크,4,8,23,57.91,,,443-2,42820,1
7,,2014,,,2019,간성읍 상리,"9,880",고성석미모닝파크,4,11,23,81.45,,,443-2,42820,12
8,,2014,,,2019,간성읍 상리,"10,240",고성석미모닝파크,4,11,23,84.51,,,443-2,42820,7
9,,1998,,,2019,간성읍 상리,"1,000",간성대명,4,30,23,39.6,,,483-1,42820,12
10,,2014,,,2019,간성읍 상리,"6,900",고성석미모닝파크,4,8,23,57.91,,,443-2,42820,3
11,,2014,,,2019,간성읍 상리,"10,240",고성석미모닝파크,4,11,24,84.51,,,443-2,42820,3
12,,2014,,,2019,간성읍 상리,"9,280",고성석미모닝파크,4,10,24,76.9,,,443-2,42820,2
13,,2014,,,2019,간성읍 상리,"9,280",고성석미모닝파크,4,10,24,76.9,,,443-2,42820,4
14,,2014,,,2019,간성읍 상리,"6,900",고성석미모닝파크,4,8,24,57.91,,,443-2,42820,1
15,,2014,,,2019,간성읍 상리,"10,240",고성석미모닝파크,4,11,24,84.51,,,443-2,42820,15
16,,2014,,,2019,간성읍 상리,"6,900",고성석미모닝파크,4,8,25,57.91,,,443-2,42820,6
17,,2014,,,2019,간성읍 상리,"6,900",고성석미모닝파크,4,8,25,57.91,,,443-2,42820,11
18,,2014,,,2019,간성읍 상리,"10,240",고성석미모닝파크,4,11,25,84.51,,,443-2,42820,16
19,,2014,,,2019,간성읍 상리,"9,880",고성석미모닝파크,4,11,25,81.38,,,443-2,42820,14
20,,2014,,,2019,간성읍 상리,"9,280",고성석미모닝파크,4,10,26,76.9,,,443-2,42820,3
21,,2014,,,2019,간성읍 상리,"6,900",고성석미모닝파크,4,8,26,76.9,,,443-2,42820,10
0,,1998,,,2019,간성읍 신안리,500,고성삼익레스타운,5,30,3,39.36,,,111,42820,14
1,,1998,,,2019,간성읍 신안리,"6,000",고성삼익레스타운,5,0,23,59.68,,,111,42820,1
2,,1998,,,2019,간성읍 신안리,"3,000",고성삼익레스타운,5,20,23,59.68,,,111,42820,1
3,,2014,,,2019,간성읍 상리,"10,240",고성석미모닝파크,5,11,3,84.51,,,443-2,42820,1
4,,2014,,,2019,간성읍 상리,"9,280",고성석미모닝파크,5,10,23,57.91,,,443-2,42820,5
0,,1998,,,2019,간성읍 신안리,"4,000",고성삼익레스타운,6,0,24,39.36,,,111,42820,7
1,,2014,,,2019,간성읍 상리,"12,700",고성석미모닝파크,6,0,17,84.51,,,443-2,42820,14
2,,2014,,,2019,간성읍 상리,"7,500",고성석미모닝파크,6,0,18,50.75,,,443-2,42820,12
0,,1998,,,2019,간성읍 신안리,500,고성삼익레스타운,7,30,6,39.36,,,111,42820,15
1,,1998,,,2019,간성읍 신안리,500,고성삼익레스타운,7,30,15,39.36,,,111,42820,8
2,,1998,,,2019,간성읍 신안리,500,고성삼익레스타운,7,30,16,39.36,,,111,42820,8
3,,1998,,,2019,간성읍 신안리,"4,000",고성삼익레스타운,7,0,22,59.68,,,111,42820,14
4,,1990,,,2019,간성읍 상리,"4,000",동해2,7,0,2,57.48,,,501,42820,4
5,,2014,,,2019,간성읍 상리,"9,880",고성석미모닝파크,7,11,2,81.45,,,443-2,42820,13
6,,2006,,,2019,토성면 청간리,"2,000",유진클래시움,7,25,1,37.65,,,217,42820,6
0,,1998,,,2019,간성읍 신안리,500,고성삼익레스타운,9,30,17,39.36,,,111,42820,3
1,,1998,,,2019,간성읍 상리,500,간성대명,9,30,4,39.6,,,483-1,42820,9
2,,2014,,,2019,간성읍 상리,"8,600",고성석미모닝파크,9,0,9,57.91,,,443-2,42820,17
3,,2006,,,2019,토성면 청간리,"4,500",유진클래시움,9,0,6,49.8,,,217,42820,8
4,,2006,,,2019,토성면 청간리,"9,500",유진클래시움,9,0,8,49.8,,,217,42820,13
0,,1998,,,2019,간성읍 신안리,"7,000",고성삼익레스타운,10,0,4,59.68,,,111,42820,9
1,,1998,,,2019,간성읍 신안리,"3,000",고성삼익레스타운,10,20,20,59.68,,,111,42820,11
2,,2014,,,2019,간성읍 상리,"12,300",고성석미모닝파크,10,0,1,81.45,,,443-2,42820,12
3,,2014,,,2019,간성읍 상리,"12,300",고성석미모닝파크,10,0,22,81.45,,,443-2,42820,2
0,,1998,,,2019,간성읍 상리,"1,000",간성대명,11,40,25,59.4,,,483-1,42820,5
0,,1998,,,2019,간성읍 신안리,"4,000",고성삼익레스타운,12,0,4,39.36,,,111,42820,12
1,,1998,,,2019,간성읍 상리,500,간성대명,12,30,12,39.6,,,483-1,42820,7
2,,2014,,,2019,간성읍 상리,"9,880",고성석미모닝파크,12,11,16,81.45,,,443-2,42820,9
3,,2014,,,2019,간성읍 상리,"8,600",고성석미모닝파크,12,0,17,57.91,,,443-2,42820,5
4,,2014,,,2019,간성읍 상리,"6,900",고성석미모닝파크,12,8,18,76.9,,,443-2,42820,10
5,,1998,,,2019,간성읍 상리,"1,000",간성대명,12,30,28,39.6,,,483-1,42820,11
0,,1989,,,2020,간성읍 신안리,"3,500",동해1,1,0,2,47.35,,,183,42820,1
1,,2014,,,2020,간성읍 상리,"6,900",고성석미모닝파크,1,8,2,57.91,,,443-2,42820,14
2,,2014,,,2020,간성읍 상리,"8,600",고성석미모닝파크,1,0,3,57.91,,,443-2,42820,5
3,,2014,,,2020,간성읍 상리,"12,300",고성석미모닝파크,1,0,3,81.45,,,443-2,42820,3
4,,1998,,,2020,간성읍 상리,"1,000",간성대명,1,30,6,39.6,,,483-1,42820,12
5,,2014,,,2020,간성읍 상리,"12,700",고성석미모닝파크,1,0,14,84.51,,,443-2,42820,4
6,,2014,,,2020,간성읍 상리,"8,600",고성석미모닝파크,1,0,16,57.91,,,443-2,42820,7
7,,2014,,,2020,간성읍 상리,"8,600",고성석미모닝파크,1,0,16,57.91,,,443-2,42820,7
8,,2014,,,2020,간성읍 상리,"8,600",고성석미모닝파크,1,0,17,57.91,,,443-2,42820,14
9,,2014,,,2020,간성읍 상리,"12,420",고성석미모닝파크,1,0,17,82.28,,,443-2,42820,16
10,,2014,,,2020,간성읍 상리,"6,900",고성석미모닝파크,1,8,20,57.91,,,443-2,42820,14
11,,1998,,,2020,간성읍 상리,"12,300",간성대명,1,0,20,59.4,,,483-1,42820,5
12,,2014,,,2020,간성읍 상리,"12,700",고성석미모닝파크,1,0,28,84.51,,,443-2,42820,17
13,,2014,,,2020,간성읍 상리,"11,000",고성석미모닝파크,1,0,29,81.45,,,443-2,42820,14
14,,2006,,,2020,토성면 청간리,"1,500",유진클래시움,1,40,26,49.8,,,217,42820,3
0,,1998,,,2020,간성읍 신안리,"6,000",고성삼익레스타운,2,0,17,59.68,,,111,42820,10
1,,1998,,,2020,간성읍 신안리,"7,400",고성삼익레스타운,2,0,19,59.68,,,111,42820,3
2,,2014,,,2020,간성읍 상리,"12,700",고성석미모닝파크,2,0,4,84.51,,,443-2,42820,1
3,,1998,,,2020,간성읍 상리,"2,000",간성대명,2,20,7,39.6,,,483-1,42820,12
4,,1998,,,2020,간성읍 상리,"2,500",간성대명,2,15,24,39.6,,,483-1,42820,5
5,,2006,,,2020,거진읍 송포리,"1,000",거진오션상떼빌,2,55,10,70.64,,,165,42820,2
6,,2006,,,2020,거진읍 송포리,"2,000",거진오션상떼빌,2,70,16,84.73,,,165,42820,4
7,,2006,,,2020,토성면 청간리,500,유진클래시움,2,50,4,59.52,,,217,42820,9
8,,2006,,,2020,토성면 청간리,"9,000",유진클래시움,2,0,5,49.8,,,217,42820,8
0,,1998,,,2020,간성읍 신안리,500,고성삼익레스타운,3,30,2,39.36,,,111,42820,9
1,,1998,,,2020,간성읍 신안리,500,고성삼익레스타운,3,30,14,39.36,,,111,42820,15
2,,1998,,,2020,간성읍 신안리,"4,200",고성삼익레스타운,3,0,29,39.36,,,111,42820,4
3,,2014,,,2020,간성읍 상리,"9,880",고성석미모닝파크,3,11,9,81.45,,,443-2,42820,10
4,,2014,,,2020,간성읍 상리,"12,700",고성석미모닝파크,3,0,11,84.51,,,443-2,42820,16
5,,2014,,,2020,간성읍 상리,"8,600",고성석미모닝파크,3,0,24,57.91,,,443-2,42820,10
6,,2014,,,2020,간성읍 상리,"11,550",고성석미모닝파크,3,0,31,76.9,,,443-2,42820,3
7,,2014,,,2020,간성읍 상리,"6,900",고성석미모닝파크,3,8,31,57.91,,,443-2,42820,15
8,,2006,,,2020,토성면 청간리,"2,000",유진클래시움,3,45,16,59.52,,,217,42820,8
9,,2006,,,2020,토성면 청간리,500,유진클래시움,3,35,28,37.65,,,217,42820,14
0,,1998,,,2020,간성읍 신안리,500,고성삼익레스타운,4,30,9,39.36,,,111,42820,11
1,,1998,,,2020,간성읍 신안리,500,고성삼익레스타운,4,30,24,39.36,,,111,42820,3
2,,1998,,,2020,간성읍 상리,500,간성대명,4,30,6,39.6,,,483-1,42820,8
3,,1998,,,2020,간성읍 상리,"2,000",간성대명,4,30,7,59.4,,,483-1,42820,12
4,,2014,,,2020,간성읍 상리,"8,600",고성석미모닝파크,4,0,10,57.91,,,443-2,42820,14
5,,1998,,,2020,간성읍 상리,"1,500",간성대명,4,35,20,59.4,,,483-1,42820,4
0,,2006,,,2020,거진읍 송포리,"2,000",거진오션상떼빌,5,60,16,70.64,,,165,42820,8
1,,2006,,,2020,토성면 청간리,"7,000",유진클래시움,5,0,4,37.65,,,217,42820,12
2,,2006,,,2020,토성면 청간리,"5,000",유진클래시움,5,0,11,37.65,,,217,42820,6
3,,2006,,,2020,토성면 청간리,500,유진클래시움,5,40,17,37.65,,,217,42820,9
0,,1998,,,2020,간성읍 신안리,"8,000",고성삼익레스타운,6,0,8,59.68,,,111,42820,8
1,,1998,,,2020,간성읍 신안리,"2,000",고성삼익레스타운,6,25,10,39.36,,,111,42820,13
2,,2014,,,2020,간성읍 상리,"12,700",고성석미모닝파크,6,0,9,84.51,,,443-2,42820,6
3,,1998,,,2020,간성읍 상리,"1,000",간성대명,6,30,20,39.6,,,483-1,42820,10
4,,2014,,,2020,간성읍 상리,"12,300",고성석미모닝파크,6,0,29,81.45,,,443-2,42820,7
5,,2006,,,2020,토성면 청간리,"1,000",유진클래시움,6,40,1,49.8,,,217,42820,6
6,,2006,,,2020,토성면 청간리,"9,000",유진클래시움,6,0,5,59.52,,,217,42820,6
7,,2020,,,2020,토성면 봉포리,"2,000",봉포스위트엠오션파크,6,50,2,80.4353,,,381,42820,15
8,,2020,,,2020,토성면 봉포리,"2,000",봉포스위트엠오션파크,6,55,20,80.4353,,,381,42820,2
9,,2020,,,2020,토성면 봉포리,"2,000",봉포스위트엠오션파크,6,55,28,80.4353,,,381,42820,15
0,,1998,,,2020,간성읍 신안리,500,고성삼익레스타운,7,30,9,39.36,,,111,42820,11
1,,1998,,,2020,간성읍 신안리,"5,000",고성삼익레스타운,7,0,13,59.68,,,111,42820,1
2,,1998,,,2020,간성읍 신안리,"5,000",고성삼익레스타운,7,0,13,59.68,,,111,42820,1
3,,1998,,,2020,간성읍 신안리,"1,000",고성삼익레스타운,7,40,24,59.68,,,111,42820,14
4,,2014,,,2020,간성읍 상리,"9,880",고성석미모닝파크,7,11,2,81.45,,,443-2,42820,3
5,,2014,,,2020,간성읍 상리,"12,300",고성석미모닝파크,7,0,16,81.45,,,443-2,42820,12
6,,2014,,,2020,간성읍 상리,"11,550",고성석미모닝파크,7,0,23,76.9,,,443-2,42820,6
7,,1998,,,2020,간성읍 상리,500,간성대명,7,30,24,39.6,,,483-1,42820,12
8,,2006,,,2020,거진읍 송포리,"18,000",거진오션상떼빌,7,0,28,84.73,,,165,42820,9
9,,2006,,,2020,토성면 청간리,"1,000",유진클래시움,7,50,27,59.52,,,217,42820,11
10,,2006,,,2020,토성면 청간리,"8,000",유진클래시움,7,0,30,49.8,,,217,42820,15
11,,2020,,,2020,토성면 봉포리,"13,000",봉포스위트엠오션파크,7,0,1,80.4353,,,381,42820,2
12,,2020,,,2020,토성면 봉포리,"15,000",봉포스위트엠오션파크,7,0,17,80.4353,,,381,42820,17
13,,2020,,,2020,토성면 봉포리,"3,000",봉포스위트엠오션파크,7,55,21,80.4353,,,381,42820,14
14,,2020,,,2020,토성면 봉포리,"15,000",봉포스위트엠오션파크,7,0,23,80.4353,,,381,42820,14
15,,2020,,,2020,토성면 봉포리,"17,000",봉포스위트엠오션파크,7,0,25,80.4353,,,381,42820,9
16,,2020,,,2020,토성면 봉포리,"15,000",봉포스위트엠오션파크,7,0,28,80.3048,,,381,42820,20
17,,2020,,,2020,토성면 봉포리,"14,000",봉포스위트엠오션파크,7,0,30,80.4353,,,381,42820,13
0,,1998,,,2020,간성읍 신안리,"2,000",고성삼익레스타운,8,0,6,59.68,,,111,42820,1
1,,1998,,,2020,간성읍 신안리,500,고성삼익레스타운,8,30,13,39.36,,,111,42820,14
2,,1998,,,2020,간성읍 신안리,500,고성삼익레스타운,8,30,17,39.36,,,111,42820,1
3,,1998,,,2020,간성읍 신안리,"2,000",고성삼익레스타운,8,25,19,39.36,,,111,42820,14
4,,2014,,,2020,간성읍 상리,"12,700",고성석미모닝파크,8,0,10,84.51,,,443-2,42820,9
5,,2020,,,2020,토성면 봉포리,"2,000",봉포스위트엠오션파크,8,60,4,80.4353,,,381,42820,18
6,,2020,,,2020,토성면 봉포리,"2,000",봉포스위트엠오션파크,8,60,5,80.3048,,,381,42820,12
7,,2020,,,2020,토성면 봉포리,"1,000",봉포스위트엠오션파크,8,60,5,80.4353,,,381,42820,3
8,,2020,,,2020,토성면 봉포리,"13,500",봉포스위트엠오션파크,8,0,10,80.4353,,,381,42820,4
9,,2020,,,2020,토성면 봉포리,"12,000",봉포스위트엠오션파크,8,0,18,80.4353,,,381,42820,4
10,,2020,,,2020,토성면 봉포리,"14,500",봉포스위트엠오션파크,8,0,21,80.4353,,,381,42820,9
11,,2020,,,2020,토성면 봉포리,"15,000",봉포스위트엠오션파크,8,0,22,80.4353,,,381,42820,5
12,,2020,,,2020,토성면 봉포리,"18,000",봉포스위트엠오션파크,8,0,26,80.4353,,,381,42820,20
0,,1998,,,2020,간성읍 신안리,500,고성삼익레스타운,9,30,25,39.36,,,111,42820,11
1,,2006,,,2020,거진읍 송포리,"4,000",거진오션상떼빌,9,50,5,70.64,,,165,42820,2
2,,2006,,,2020,토성면 청간리,"8,000",유진클래시움,9,0,1,49.8,,,217,42820,10
3,,2006,,,2020,토성면 청간리,"12,000",유진클래시움,9,0,28,59.52,,,217,42820,11
4,,2020,,,2020,토성면 봉포리,"14,000",봉포스위트엠오션파크,9,0,1,80.4353,,,381,42820,3
5,,2020,,,2020,토성면 봉포리,"17,000",봉포스위트엠오션파크,9,0,18,80.3048,,,381,42820,4
6,,2020,,,2020,토성면 봉포리,"15,000",봉포스위트엠오션파크,9,0,21,80.4353,,,381,42820,5
7,,2020,,,2020,토성면 봉포리,"16,000",봉포스위트엠오션파크,9,0,22,80.4353,,,381,42820,3
0,,1998,,,2020,간성읍 신안리,500,고성삼익레스타운,10,30,13,39.36,,,111,42820,10
1,,1998,,,2020,간성읍 신안리,"10,000",고성삼익레스타운,10,0,21,84.92,,,111,42820,14
2,,2006,,,2020,토성면 청간리,500,유진클래시움,10,45,17,59.52,,,217,42820,8
3,,2020,,,2020,토성면 봉포리,"3,000",봉포스위트엠오션파크,10,80,4,80.4353,,,381,42820,6
4,,2020,,,2020,토성면 봉포리,"18,000",봉포스위트엠오션파크,10,0,9,80.4353,,,381,42820,6
0,,1998,,,2020,간성읍 신안리,500,고성삼익레스타운,11,30,22,39.36,,,111,42820,2
1,,2014,,,2020,간성읍 상리,"12,300",고성석미모닝파크,11,0,3,81.45,,,443-2,42820,2
2,,2006,,,2020,토성면 청간리,"11,000",유진클래시움,11,0,3,59.52,,,217,42820,12
3,,2006,,,2020,토성면 청간리,"11,000",유진클래시움,11,0,3,59.52,,,217,42820,12
4,,2020,,,2020,토성면 봉포리,"16,000",봉포스위트엠오션파크,11,0,3,80.4353,,,381,42820,9
5,,2020,,,2020,토성면 봉포리,0,봉포스위트엠오션파크,11,75,5,80.4353,,,381,42820,12
0,,1998,,,2020,간성읍 신안리,500,고성삼익레스타운,12,30,2,39.36,,,111,42820,1
1,,1998,,,2020,간성읍 상리,500,간성대명,12,30,23,39.6,,,483-1,42820,8
2,,2014,,,2020,간성읍 상리,"9,300",고성석미모닝파크,12,0,31,62.58,,,443-2,42820,14
3,,2006,,,2020,토성면 청간리,"7,000",유진클래시움,12,0,1,37.65,,,217,42820,11
4,,2006,,,2020,토성면 청간리,"10,000",유진클래시움,12,0,2,59.52,,,217,42820,7
5,,2006,,,2020,토성면 청간리,500,유진클래시움,12,40,8,37.65,,,217,42820,9
6,,2006,,,2020,토성면 청간리,100,유진클래시움,12,45,9,37.65,,,217,42820,1
7,,2006,,,2020,토성면 청간리,"7,000",유진클래시움,12,0,21,37.65,,,217,42820,11
8,,2006,,,2020,토성면 청간리,500,유진클래시움,12,45,21,37.65,,,217,42820,10
9,,2006,,,2020,토성면 청간리,500,유진클래시움,12,40,23,37.65,,,217,42820,4
0,,1989,,,2021,간성읍 신안리,"4,000",동해1,1,0,5,47.35,,,183,42820,3
1,,1998,,,2021,간성읍 상리,500,간성대명,1,30,30,39.6,,,483-1,42820,7
2,,2006,,,2021,거진읍 송포리,"5,000",거진오션상떼빌,1,60,9,84.73,,,165,42820,2
3,,2006,,,2021,토성면 청간리,"9,000",유진클래시움,1,0,14,49.8,,,217,42820,6
4,,2006,,,2021,토성면 청간리,"10,000",유진클래시움,1,0,29,49.8,,,217,42820,8
5,,2020,,,2021,토성면 봉포리,"3,000",봉포스위트엠오션파크,1,0,6,80.4353,,,381,42820,6
6,,2020,,,2021,토성면 봉포리,"3,000",봉포스위트엠오션파크,1,75,7,80.4353,,,381,42820,10
7,,2020,,,2021,토성면 봉포리,"2,000",봉포스위트엠오션파크,1,65,19,80.3048,,,381,42820,16
8,,2021,,,2021,토성면 봉포리,"15,500",고성봉포코아루오션비치,1,0,27,63.8634,,,384,42820,16
0,,1998,,,2021,간성읍 신안리,"7,000",고성삼익레스타운,2,15,24,59.68,,,111,42820,9
1,,1998,,,2021,간성읍 신안리,"1,000",고성삼익레스타운,2,50,25,59.68,,,111,42820,15
2,,2014,,,2021,간성읍 상리,"12,700",고성석미모닝파크,2,0,4,84.51,,,443-2,42820,3
3,,1998,,,2021,간성읍 상리,"1,000",간성대명,2,45,15,59.4,,,483-1,42820,8
4,,1998,,,2021,간성읍 상리,"4,000",간성대명,2,0,16,59.4,,,483-1,42820,3
5,,2006,,,2021,거진읍 송포리,"8,000",거진오션상떼빌,2,20,2,70.64,,,165,42820,7
6,,2006,,,2021,토성면 청간리,"10,000",유진클래시움,2,0,1,59.52,,,217,42820,8
7,,2006,,,2021,토성면 청간리,500,유진클래시움,2,45,24,37.65,,,217,42820,2
8,,2020,,,2021,토성면 봉포리,"18,000",봉포스위트엠오션파크,2,0,4,80.4353,,,381,42820,12
9,,2020,,,2021,토성면 봉포리,"15,000",봉포스위트엠오션파크,2,0,17,80.4353,,,381,42820,9
10,,2021,,,2021,토성면 봉포리,"17,000",고성봉포코아루오션비치,2,0,25,63.8634,,,384,42820,12
11,,2020,,,2021,토성면 봉포리,"18,000",봉포스위트엠오션파크,2,0,26,80.4353,,,381,42820,6
12,,2021,,,2021,토성면 봉포리,"2,000",고성봉포코아루오션비치,2,60,26,63.8634,,,384,42820,16
0,,1989,,,2021,간성읍 신안리,"1,000",동해1,3,25,6,59.29,,,183,42820,1
1,,1998,,,2021,간성읍 신안리,"8,600",고성삼익레스타운,3,0,9,84.92,,,111,42820,14
2,,1998,,,2021,간성읍 상리,"1,000",간성대명,3,45,15,59.4,,,483-1,42820,4
3,,2014,,,2021,간성읍 상리,"9,880",고성석미모닝파크,3,11,31,81.45,,,443-2,42820,9
4,,2021,,,2021,토성면 천진리,"2,000",고성천진한신더휴,3,60,6,75.8793,,,476,42820,18
5,,2021,,,2021,토성면 천진리,"19,000",고성천진한신더휴,3,0,26,75.7237,,,476,42820,12
6,,2021,,,2021,토성면 봉포리,"20,000",고성봉포코아루오션비치,3,0,19,84.9767,,,384,42820,10
7,,2020,,,2021,토성면 봉포리,"17,000",봉포스위트엠오션파크,3,0,25,80.3048,,,381,42820,8
0,,1998,,,2021,간성읍 신안리,"10,000",고성삼익레스타운,4,0,21,84.92,,,111,42820,1
1,,1998,,,2021,간성읍 상리,500,간성대명,4,30,9,39.6,,,483-1,42820,8
2,,2014,,,2021,간성읍 상리,"12,700",고성석미모닝파크,4,0,29,84.51,,,443-2,42820,5
3,,2021,,,2021,토성면 천진리,"23,000",고성천진한신더휴,4,0,19,84.9721,,,476,42820,19
4,,2006,,,2021,토성면 청간리,"1,000",유진클래시움,4,50,1,49.8,,,217,42820,6
5,,2020,,,2021,토성면 봉포리,"18,000",봉포스위트엠오션파크,4,0,6,80.4353,,,381,42820,9
6,,2020,,,2021,토성면 봉포리,"2,000",봉포스위트엠오션파크,4,70,17,80.4353,,,381,42820,14
7,,2020,,,2021,토성면 봉포리,"19,000",봉포스위트엠오션파크,4,0,18,80.4353,,,381,42820,14
0,,1998,,,2021,간성읍 신안리,"1,000",고성삼익레스타운,5,40,20,59.68,,,111,42820,12
1,,2014,,,2021,간성읍 상리,"12,700",고성석미모닝파크,5,0,3,84.51,,,443-2,42820,5
2,,1998,,,2021,간성읍 상리,500,간성대명,5,30,30,39.6,,,483-1,42820,6
3,,2021,,,2021,토성면 천진리,"2,000",고성천진한신더휴,5,60,10,75.8793,,,476,42820,8
4,,2021,,,2021,토성면 천진리,"2,000",고성천진한신더휴,5,70,11,75.7237,,,476,42820,18
5,,2021,,,2021,토성면 천진리,"2,000",고성천진한신더휴,5,80,15,84.9721,,,476,42820,16
6,,2021,,,2021,토성면 천진리,"5,000",고성천진한신더휴,5,45,21,75.8793,,,476,42820,6
7,,2021,,,2021,토성면 천진리,"20,000",고성천진한신더휴,5,0,29,84.9657,,,476,42820,12
8,,2021,,,2021,토성면 봉포리,"19,000",고성봉포코아루오션비치,5,0,4,63.8634,,,384,42820,14
9,,2021,,,2021,토성면 봉포리,"2,000",고성봉포코아루오션비치,5,80,20,75.9201,,,384,42820,16
10,,2021,,,2021,토성면 봉포리,"1,000",고성봉포코아루오션비치,5,70,25,63.8634,,,384,42820,14
0,,1989,,,2021,간성읍 신안리,500,동해1,6,35,4,59.29,,,183,42820,3
1,,2021,,,2021,토성면 천진리,"21,000",고성천진한신더휴,6,0,8,84.9721,,,476,42820,4
2,,2021,,,2021,토성면 천진리,"25,000",고성천진한신더휴,6,0,18,84.9721,,,476,42820,22
3,,2021,,,2021,토성면 천진리,"22,000",고성천진한신더휴,6,0,19,84.9657,,,476,42820,10
4,,2021,,,2021,토성면 천진리,"3,000",고성천진한신더휴,6,7,22,84.9721,,,476,42820,7
5,,2021,,,2021,토성면 천진리,"2,000",고성천진한신더휴,6,80,27,84.9721,,,476,42820,13
6,,2021,,,2021,토성면 천진리,"19,000",고성천진한신더휴,6,0,29,84.9721,,,476,42820,8
7,,2020,,,2021,토성면 봉포리,"3,000",봉포스위트엠오션파크,6,70,15,80.4353,,,381,42820,3
8,,2021,,,2021,토성면 봉포리,"3,000",고성봉포코아루오션비치,6,80,15,75.9201,,,384,42820,4
0,,1998,,,2021,간성읍 신안리,"8,000",고성삼익레스타운,7,0,9,59.68,,,111,42820,15
1,,1998,,,2021,간성읍 신안리,"10,000",고성삼익레스타운,7,0,10,84.92,,,111,42820,5
2,,1989,,,2021,간성읍 신안리,500,동해1,7,35,29,59.29,,,183,42820,5
3,,1998,,,2021,간성읍 상리,"2,000",간성대명,7,20,5,39.6,,,483-1,42820,7
4,,2014,,,2021,간성읍 상리,"8,600",고성석미모닝파크,7,0,8,57.91,,,443-2,42820,6
5,,2014,,,2021,간성읍 상리,"11,550",고성석미모닝파크,7,0,19,76.9,,,443-2,42820,6
6,,1998,,,2021,간성읍 상리,"2,000",간성대명,7,20,23,39.6,,,483-1,42820,7
7,,2021,,,2021,토성면 천진리,"10,000",고성천진한신더휴,7,0,5,84.9721,,,476,42820,4
8,,2021,,,2021,토성면 천진리,"23,000",고성천진한신더휴,7,0,7,84.9657,,,476,42820,24
9,,2021,,,2021,토성면 천진리,"21,000",고성천진한신더휴,7,0,10,84.9657,,,476,42820,6
10,,2021,,,2021,토성면 천진리,"18,000",고성천진한신더휴,7,0,24,84.9721,,,476,42820,4
11,,2021,,,2021,토성면 천진리,"29,000",고성천진한신더휴,7,0,27,84.9721,,,476,42820,16
12,,2021,,,2021,토성면 천진리,"19,000",고성천진한신더휴,7,0,29,75.7237,,,476,42820,12
13,,2006,,,2021,토성면 청간리,"12,000",유진클래시움,7,0,24,59.52,,,217,42820,7
14,,2021,,,2021,토성면 봉포리,"24,000",고성봉포코아루오션비치,7,0,9,81.4465,,,384,42820,10
15,,2021,,,2021,토성면 봉포리,"7,000",고성봉포코아루오션비치,7,0,17,63.8634,,,384,42820,15
16,,2020,,,2021,토성면 봉포리,"19,000",봉포스위트엠오션파크,7,0,23,80.3048,,,381,42820,19
17,,2020,,,2021,토성면 봉포리,"19,000",봉포스위트엠오션파크,7,0,23,80.3048,,,381,42820,19
18,,2021,,,2021,토성면 봉포리,"20,000",고성봉포코아루오션비치,7,0,30,63.8634,,,384,42820,19
0,,1998,,,2021,간성읍 신안리,500,고성삼익레스타운,8,35,3,39.36,,,111,42820,15
1,,1998,,,2021,간성읍 신안리,"9,000",고성삼익레스타운,8,0,20,59.68,,,111,42820,12
2,,2021,,,2021,토성면 천진리,"22,000",고성천진한신더휴,8,0,11,75.8793,,,476,42820,3
3,,2021,,,2021,토성면 천진리,"26,500",고성천진한신더휴,8,0,13,84.9721,,,476,42820,15
4,,2021,,,2021,토성면 천진리,"27,000",고성천진한신더휴,8,0,13,84.9721,,,476,42820,17
5,,2021,,,2021,토성면 천진리,"35,000",고성천진한신더휴,8,0,16,84.9721,,,476,42820,16
6,,2021,,,2021,토성면 천진리,"30,000",고성천진한신더휴,8,0,18,84.9721,,,476,42820,21
7,,2021,,,2021,토성면 천진리,"2,000",고성천진한신더휴,8,75,22,84.9721,,,476,42820,7
8,,2021,,,2021,토성면 봉포리,"10,000",고성봉포코아루오션비치,8,0,8,63.5467,,,384,42820,9
9,,2020,,,2021,토성면 봉포리,"18,000",봉포스위트엠오션파크,8,0,10,80.4353,,,381,42820,3
10,,2020,,,2021,토성면 봉포리,"20,000",봉포스위트엠오션파크,8,0,14,80.4353,,,381,42820,12
11,,2021,,,2021,토성면 봉포리,"18,000",고성봉포코아루오션비치,8,0,21,63.8634,,,384,42820,2
0,,1998,,,2021,간성읍 신안리,500,고성삼익레스타운,9,40,5,39.36,,,111,42820,9
1,,1998,,,2021,간성읍 신안리,500,고성삼익레스타운,9,55,13,59.68,,,111,42820,9
2,,1998,,,2021,간성읍 신안리,"4,000",고성삼익레스타운,9,0,24,59.68,,,111,42820,14
3,,1998,,,2021,간성읍 신안리,"4,000",고성삼익레스타운,9,0,24,59.68,,,111,42820,14
4,,2014,,,2021,간성읍 상리,"12,300",고성석미모닝파크,9,0,14,81.45,,,443-2,42820,8
5,,2014,,,2021,간성읍 상리,"8,600",고성석미모닝파크,9,0,17,57.91,,,443-2,42820,8
6,,2014,,,2021,간성읍 상리,"8,600",고성석미모닝파크,9,0,17,57.91,,,443-2,42820,8
7,,2014,,,2021,간성읍 상리,"12,420",고성석미모닝파크,9,0,27,82.28,,,443-2,42820,17
8,,2014,,,2021,간성읍 상리,"8,600",고성석미모닝파크,9,0,29,57.91,,,443-2,42820,17
9,,2021,,,2021,토성면 천진리,"29,000",고성천진한신더휴,9,0,2,84.9721,,,476,42820,18
10,,2021,,,2021,토성면 천진리,"26,000",고성천진한신더휴,9,0,3,84.9721,,,476,42820,6
11,,2021,,,2021,토성면 천진리,"25,000",고성천진한신더휴,9,0,4,84.9721,,,476,42820,4
12,,2021,,,2021,토성면 천진리,"2,000",고성천진한신더휴,9,100,4,84.9657,,,476,42820,15
13,,2021,,,2021,토성면 천진리,"2,000",고성천진한신더휴,9,100,6,75.7237,,,476,42820,2
14,,2021,,,2021,토성면 천진리,"27,000",고성천진한신더휴,9,0,9,84.9721,,,476,42820,20
15,,2021,,,2021,토성면 천진리,"25,000",고성천진한신더휴,9,0,27,75.7237,,,476,42820,4
16,,2006,,,2021,토성면 청간리,"7,000",유진클래시움,9,0,1,37.65,,,217,42820,9
17,,2006,,,2021,토성면 청간리,500,유진클래시움,9,50,13,49.8,,,217,42820,8
18,,2006,,,2021,토성면 청간리,"15,500",유진클래시움,9,0,17,49.8,,,217,42820,13
0,,2021,,,2021,간성읍 신안리,"21,000",간성스위트엠센트럴,10,0,4,84.2949,,,620,42820,20
1,,1998,,,2021,간성읍 신안리,500,고성삼익레스타운,10,30,22,39.36,,,111,42820,3
2,,1998,,,2021,간성읍 신안리,500,고성삼익레스타운,10,35,27,39.36,,,111,42820,11
3,,2021,,,2021,간성읍 신안리,"15,500",간성스위트엠센트럴,10,0,27,75.3428,,,620,42820,18
4,,1998,,,2021,간성읍 상리,500,간성대명,10,30,1,39.6,,,483-1,42820,10
5,,2014,,,2021,간성읍 상리,"8,600",고성석미모닝파크,10,0,14,57.91,,,443-2,42820,14
6,,2014,,,2021,간성읍 상리,"12,300",고성석미모닝파크,10,0,20,81.45,,,443-2,42820,11
7,,2014,,,2021,간성읍 상리,"12,700",고성석미모닝파크,10,0,27,84.51,,,443-2,42820,4
8,,2014,,,2021,간성읍 상리,"6,900",고성석미모닝파크,10,8,27,57.91,,,443-2,42820,13
9,,2014,,,2021,간성읍 상리,"8,600",고성석미모닝파크,10,0,27,57.91,,,443-2,42820,1
10,,1990,,,2021,간성읍 상리,"4,000",동해2,10,0,29,57.48,,,501,42820,1
11,,1990,,,2021,간성읍 상리,300,동해2,10,30,30,57.48,,,501,42820,5
12,,2006,,,2021,거진읍 송포리,"20,000",거진오션상떼빌,10,0,12,84.73,,,165,42820,6
13,,2021,,,2021,토성면 천진리,"2,000",고성천진한신더휴,10,100,5,84.9721,,,476,42820,14
14,,2021,,,2021,토성면 천진리,"24,000",고성천진한신더휴,10,0,26,84.9721,,,476,42820,7
15,,2006,,,2021,토성면 청간리,"9,450",유진클래시움,10,0,11,49.8,,,217,42820,17
16,,2006,,,2021,토성면 청간리,"15,000",유진클래시움,10,0,15,49.8,,,217,42820,11
17,,2006,,,2021,토성면 청간리,"15,000",유진클래시움,10,0,15,49.8,,,217,42820,11
18,,2006,,,2021,토성면 청간리,"14,500",유진클래시움,10,0,16,59.52,,,217,42820,11
19,,2006,,,2021,토성면 청간리,"1,000",유진클래시움,10,60,22,59.52,,,217,42820,3
20,,2020,,,2021,토성면 봉포리,"15,000",봉포스위트엠오션파크,10,0,23,80.4353,,,381,42820,17
21,,2020,,,2021,토성면 봉포리,"20,000",봉포스위트엠오션파크,10,0,27,80.3048,,,381,42820,6
0,,1998,,,2021,간성읍 신안리,500,고성삼익레스타운,11,35,3,39.36,,,111,42820,14
1,,1989,,,2021,간성읍 신안리,500,동해1,11,40,9,59.29,,,183,42820,5
2,,1998,,,2021,간성읍 신안리,"1,000",고성삼익레스타운,11,45,10,59.68,,,111,42820,6
3,,1998,,,2021,간성읍 신안리,500,고성삼익레스타운,11,40,29,59.68,,,111,42820,6
4,,2014,,,2021,간성읍 상리,"8,600",고성석미모닝파크,11,0,3,57.91,,,443-2,42820,11
5,,2014,,,2021,간성읍 상리,"8,600",고성석미모닝파크,11,0,17,57.91,,,443-2,42820,5
6,,2014,,,2021,간성읍 상리,"12,300",고성석미모닝파크,11,0,17,81.38,,,443-2,42820,14
7,,2014,,,2021,간성읍 상리,"1,000",고성석미모닝파크,11,0,18,76.9,,,443-2,42820,11
8,,1998,,,2021,간성읍 상리,"2,000",간성대명,11,30,21,39.6,,,483-1,42820,2
9,,2021,,,2021,토성면 천진리,"29,000",고성천진한신더휴,11,0,20,84.9657,,,476,42820,10
10,,2021,,,2021,토성면 천진리,"30,000",고성천진한신더휴,11,0,27,84.9721,,,476,42820,17
11,,2006,,,2021,토성면 청간리,"16,000",유진클래시움,11,0,22,49.8,,,217,42820,16
12,,2006,,,2021,토성면 청간리,"14,000",유진클래시움,11,0,27,49.8,,,217,42820,9
13,,2021,,,2021,토성면 봉포리,"5,500",고성봉포코아루오션비치,11,40,4,63.8634,,,384,42820,16
14,,2021,,,2021,토성면 봉포리,"2,000",고성봉포코아루오션비치,11,85,14,63.8634,,,384,42820,19
15,,2021,,,2021,토성면 봉포리,"5,500",고성봉포코아루오션비치,11,40,16,63.8634,,,384,42820,16
0,,1998,,,2021,간성읍 신안리,500,고성삼익레스타운,12,30,5,39.36,,,111,42820,6
1,,2021,,,2021,간성읍 신안리,"18,000",간성스위트엠센트럴,12,0,13,66.9415,,,620,42820,20
2,,1998,,,2021,간성읍 신안리,"1,000",고성삼익레스타운,12,40,15,59.68,,,111,42820,6
3,,1998,,,2021,간성읍 신안리,"5,000",고성삼익레스타운,12,20,18,59.68,,,111,42820,7
4,,1998,,,2021,간성읍 신안리,"1,500",고성삼익레스타운,12,35,25,39.36,,,111,42820,4
5,,1998,,,2021,간성읍 신안리,"3,000",고성삼익레스타운,12,35,29,84.92,,,111,42820,9
6,,2014,,,2021,간성읍 상리,"6,900",고성석미모닝파크,12,8,3,57.91,,,443-2,42820,7
7,,2014,,,2021,간성읍 상리,"11,550",고성석미모닝파크,12,0,6,76.9,,,443-2,42820,7
8,,2014,,,2021,간성읍 상리,"12,300",고성석미모닝파크,12,0,10,81.45,,,443-2,42820,9
9,,2014,,,2021,간성읍 상리,"11,550",고성석미모닝파크,12,0,17,76.9,,,443-2,42820,5
10,,1998,,,2021,간성읍 상리,500,간성대명,12,45,23,59.4,,,483-1,42820,11
11,,2014,,,2021,간성읍 상리,"12,300",고성석미모닝파크,12,0,23,81.45,,,443-2,42820,3
12,,2014,,,2021,간성읍 상리,"12,300",고성석미모닝파크,12,0,26,81.45,,,443-2,42820,4
13,,2014,,,2021,간성읍 상리,"12,700",고성석미모닝파크,12,0,30,84.51,,,443-2,42820,1
14,,2006,,,2021,거진읍 송포리,"23,000",거진오션상떼빌,12,0,1,84.73,,,165,42820,6
15,,2021,,,2021,토성면 천진리,"27,000",고성천진한신더휴,12,0,5,84.9657,,,476,42820,5
16,,2021,,,2021,토성면 천진리,"30,000",고성천진한신더휴,12,0,24,84.9657,,,476,42820,8
17,,2006,,,2021,토성면 청간리,"14,000",유진클래시움,12,0,30,59.52,,,217,42820,3
18,,2020,,,2021,토성면 봉포리,"2,000",봉포스위트엠오션파크,12,85,11,80.4353,,,381,42820,17
19,,2021,,,2021,토성면 봉포리,"3,000",고성봉포코아루오션비치,12,90,11,84.9767,,,384,42820,4
20,,2021,,,2021,토성면 봉포리,"18,000",고성봉포코아루오션비치,12,0,27,63.8634,,,384,42820,12
0,,1998,,,2022,간성읍 신안리,500,고성삼익레스타운,1,35,3,39.36,,,111,42820,5
1,,1998,,,2022,간성읍 신안리,"1,200",고성삼익레스타운,1,50,31,59.68,,,111,42820,11
2,,1998,,,2022,간성읍 상리,500,간성대명,1,40,3,39.6,,,483-1,42820,8
3,,2014,,,2022,간성읍 상리,"10,800",고성석미모닝파크,1,0,11,71.36,,,443-2,42820,14
4,,2021,,,2022,토성면 천진리,"23,000",고성천진한신더휴,1,0,6,84.9721,,,476,42820,1
5,,2021,,,2022,토성면 천진리,"20,000",고성천진한신더휴,1,0,14,84.9657,,,476,42820,1
6,,2021,,,2022,토성면 천진리,"28,000",고성천진한신더휴,1,0,18,84.9721,,,476,42820,3
7,,2006,,,2022,토성면 청간리,"2,000",유진클래시움,1,50,5,37.65,,,217,42820,9
8,,2006,,,2022,토성면 청간리,"10,000",유진클래시움,1,0,13,37.65,,,217,42820,9
9,,2021,,,2022,토성면 봉포리,"21,000",고성봉포코아루오션비치,1,0,22,63.8634,,,384,42820,18
0,,1998,,,2022,간성읍 상리,500,간성대명,2,35,26,39.6,,,483-1,42820,5
1,,2006,,,2022,거진읍 송포리,"18,000",거진오션상떼빌,2,0,5,84.73,,,165,42820,3
2,,2021,,,2022,토성면 천진리,"26,000",고성천진한신더휴,2,0,12,84.9721,,,476,42820,14
3,,2021,,,2022,토성면 천진리,"30,000",고성천진한신더휴,2,0,25,84.9657,,,476,42820,14
4,,2006,,,2022,토성면 청간리,"15,000",유진클래시움,2,0,26,59.52,,,217,42820,6
5,,2020,,,2022,토성면 봉포리,"3,000",봉포스위트엠오션파크,2,80,8,80.3048,,,381,42820,8
6,,2020,,,2022,토성면 봉포리,"23,000",봉포스위트엠오션파크,2,0,11,80.4353,,,381,42820,4
7,,2020,,,2022,토성면 봉포리,"1,000",봉포스위트엠오션파크,2,100,27,80.4353,,,381,42820,13
0,,1998,,,2022,간성읍 신안리,"10,000",고성삼익레스타운,3,0,15,59.68,,,111,42820,8
1,,1998,,,2022,간성읍 신안리,"4,400",고성삼익레스타운,3,0,29,39.36,,,111,42820,4
2,,2014,,,2022,간성읍 상리,"12,300",고성석미모닝파크,3,0,2,81.45,,,443-2,42820,12
3,,1998,,,2022,간성읍 상리,"1,000",간성대명,3,45,4,59.4,,,483-1,42820,12
4,,2014,,,2022,간성읍 상리,"12,300",고성석미모닝파크,3,0,31,81.45,,,443-2,42820,1
5,,1990,,,2022,거진읍 거진리,"1,000",동진,3,30,23,49.44,,,428-5,42820,5
6,,2021,,,2022,토성면 천진리,"25,000",고성천진한신더휴,3,0,4,84.9721,,,476,42820,4
7,,2021,,,2022,토성면 천진리,"30,000",고성천진한신더휴,3,0,10,84.9721,,,476,42820,21
8,,2021,,,2022,토성면 천진리,"28,500",고성천진한신더휴,3,0,25,84.9657,,,476,42820,14
9,,2006,,,2022,토성면 청간리,"13,000",유진클래시움,3,0,26,49.8,,,217,42820,7
10,,2021,,,2022,토성면 봉포리,"26,000",고성봉포코아루오션비치,3,0,2,81.4465,,,384,42820,20
11,,2021,,,2022,토성면 봉포리,"5,000",고성봉포코아루오션비치,3,150,5,84.9767,,,384,42820,17
12,,2020,,,2022,토성면 봉포리,"20,000",봉포스위트엠오션파크,3,0,11,80.4353,,,381,42820,3
13,,2020,,,2022,토성면 봉포리,"19,000",봉포스위트엠오션파크,3,0,18,80.4353,,,381,42820,16
14,,2020,,,2022,토성면 봉포리,"24,000",봉포스위트엠오션파크,3,0,23,80.4353,,,381,42820,20
15,,2021,,,2022,토성면 봉포리,"3,000",고성봉포코아루오션비치,3,120,24,75.9201,,,384,42820,15
16,,2020,,,2022,토성면 봉포리,"20,000",봉포스위트엠오션파크,3,0,26,80.4353,,,381,42820,4
0,,1998,,,2022,간성읍 신안리,500,고성삼익레스타운,4,35,21,39.36,,,111,42820,4
1,,2021,,,2022,토성면 봉포리,"3,000",고성봉포코아루오션비치,4,100,2,75.9201,,,384,42820,2
2,,2021,,,2022,토성면 봉포리,"17,000",고성봉포코아루오션비치,4,0,12,63.8634,,,384,42820,2
3,,2021,,,2022,토성면 봉포리,"3,000",고성봉포코아루오션비치,4,115,15,81.4465,,,384,42820,14
4,,2020,,,2022,토성면 봉포리,"2,000",봉포스위트엠오션파크,4,80,18,80.4353,,,381,42820,3
5,,2020,,,2022,토성면 봉포리,"24,000",봉포스위트엠오션파크,4,0,20,80.4353,,,381,42820,13
6,,2021,,,2022,토성면 봉포리,"2,000",고성봉포코아루오션비치,4,85,24,63.8634,,,384,42820,15
7,,2020,,,2022,토성면 봉포리,"25,000",봉포스위트엠오션파크,4,0,25,80.4353,,,381,42820,14
8,,2021,,,2022,토성면 봉포리,"1,500",고성봉포코아루오션비치,4,80,26,63.8634,,,384,42820,3
9,,2021,,,2022,토성면 봉포리,"22,000",고성봉포코아루오션비치,4,0,29,63.8634,,,384,42820,16
10,,2020,,,2022,토성면 봉포리,"5,000",봉포스위트엠오션파크,4,90,30,80.4353,,,381,42820,6
0,,2021,,,2022,간성읍 신안리,"17,000",간성스위트엠센트럴,5,0,2,75.3428,,,620,42820,11
1,,1998,,,2022,간성읍 신안리,500,고성삼익레스타운,5,30,11,39.36,,,111,42820,12
2,,1998,,,2022,간성읍 신안리,500,고성삼익레스타운,5,35,13,39.36,,,111,42820,8
3,,1998,,,2022,간성읍 신안리,"10,000",고성삼익레스타운,5,0,23,84.92,,,111,42820,5
4,,1998,,,2022,간성읍 상리,500,간성대명,5,30,30,39.6,,,483-1,42820,7
5,,2021,,,2022,토성면 천진리,"25,000",고성천진한신더휴,5,0,11,75.8793,,,476,42820,17
6,,2021,,,2022,토성면 천진리,"25,000",고성천진한신더휴,5,0,28,84.9657,,,476,42820,7
7,,2021,,,2022,토성면 천진리,"26,000",고성천진한신더휴,5,0,28,84.9657,,,476,42820,4
8,,2006,,,2022,토성면 청간리,"13,000",유진클래시움,5,0,20,37.65,,,217,42820,9
9,,2006,,,2022,토성면 청간리,"8,500",유진클래시움,5,0,20,37.65,,,217,42820,2
10,,2006,,,2022,토성면 청간리,"12,000",유진클래시움,5,0,21,37.65,,,217,42820,9
11,,2006,,,2022,토성면 청간리,"9,450",유진클래시움,5,0,31,59.52,,,217,42820,6
12,,2021,,,2022,토성면 봉포리,"3,000",고성봉포코아루오션비치,5,90,2,84.6702,,,384,42820,3
13,,2021,,,2022,토성면 봉포리,"29,000",고성봉포코아루오션비치,5,0,10,81.4465,,,384,42820,4
14,,2020,,,2022,토성면 봉포리,"3,000",봉포스위트엠오션파크,5,70,12,80.4353,,,381,42820,14
15,,2021,,,2022,토성면 봉포리,"27,000",고성봉포코아루오션비치,5,0,20,81.4465,,,384,42820,5
16,,2020,,,2022,토성면 봉포리,"2,000",봉포스위트엠오션파크,5,85,29,80.4353,,,381,42820,5
0,,1998,,,2022,간성읍 상리,"2,000",간성대명,6,30,18,39.6,,,483-1,42820,6
1,,2021,,,2022,토성면 천진리,"27,000",고성천진한신더휴,6,0,13,84.9721,,,476,42820,7
2,,2021,,,2022,토성면 천진리,"25,000",고성천진한신더휴,6,0,16,84.9721,,,476,42820,8
3,,2020,,,2022,토성면 봉포리,"3,000",봉포스위트엠오션파크,6,90,10,80.4353,,,381,42820,12
4,,2021,,,2022,토성면 봉포리,"10,000",고성봉포코아루오션비치,6,45,11,75.9201,,,384,42820,6
5,,2020,,,2022,토성면 봉포리,"19,400",봉포스위트엠오션파크,6,0,21,80.4353,,,381,42820,20
6,,2021,,,2022,토성면 봉포리,"23,000",고성봉포코아루오션비치,6,0,25,63.8634,,,384,42820,18
7,,2020,,,2022,토성면 봉포리,"25,000",봉포스위트엠오션파크,6,0,25,80.4353,,,381,42820,15
8,,2020,,,2022,토성면 봉포리,"1,000",봉포스위트엠오션파크,6,63,27,80.4353,,,381,42820,3
0,,1998,,,2022,간성읍 신안리,"1,000",고성삼익레스타운,7,50,8,59.68,,,111,42820,2
1,,2014,,,2022,간성읍 상리,"6,900",고성석미모닝파크,7,8,28,57.91,,,443-2,42820,8
2,,2006,,,2022,거진읍 송포리,"4,000",거진오션상떼빌,7,60,30,70.64,,,165,42820,2
3,,2021,,,2022,토성면 천진리,"27,000",고성천진한신더휴,7,0,1,75.8793,,,476,42820,19
4,,2021,,,2022,토성면 천진리,"25,000",고성천진한신더휴,7,0,6,84.9657,,,476,42820,3
5,,2021,,,2022,토성면 천진리,"3,000",고성천진한신더휴,7,110,16,84.9657,,,476,42820,13
6,,2021,,,2022,토성면 천진리,"25,000",고성천진한신더휴,7,0,22,84.9721,,,476,42820,1
0,,1998,,,2022,간성읍 신안리,"1,000",고성삼익레스타운,8,45,9,59.68,,,111,42820,6
1,,1998,,,2022,간성읍 상리,"3,500",간성대명,8,0,31,39.6,,,483-1,42820,2
2,,2021,,,2022,토성면 천진리,"27,000",고성천진한신더휴,8,0,2,84.9721,,,476,42820,15
3,,2021,,,2022,토성면 천진리,"2,000",고성천진한신더휴,8,110,5,84.9657,,,476,42820,12
4,,2021,,,2022,토성면 천진리,"3,000",고성천진한신더휴,8,80,17,75.8793,,,476,42820,8
5,,2021,,,2022,토성면 천진리,"31,000",고성천진한신더휴,8,0,18,84.9721,,,476,42820,13
6,,2021,,,2022,토성면 천진리,"30,000",고성천진한신더휴,8,0,20,84.9721,,,476,42820,17
7,,2021,,,2022,토성면 천진리,"30,000",고성천진한신더휴,8,0,23,84.9657,,,476,42820,13
8,,2021,,,2022,토성면 봉포리,"10,000",고성봉포코아루오션비치,8,30,18,63.8634,,,384,42820,14
9,,2020,,,2022,토성면 봉포리,"16,000",봉포스위트엠오션파크,8,0,23,80.4353,,,381,42820,5
10,,2020,,,2022,토성면 봉포리,"16,000",봉포스위트엠오션파크,8,0,23,80.4353,,,381,42820,5
11,,2020,,,2022,토성면 봉포리,"24,000",봉포스위트엠오션파크,8,0,29,80.4353,,,381,42820,13
12,,2020,,,2022,토성면 봉포리,"24,000",봉포스위트엠오션파크,8,0,29,80.4353,,,381,42820,13
13,,2021,,,2022,토성면 봉포리,"3,000",고성봉포코아루오션비치,8,80,30,75.9201,,,384,42820,4
0,,1998,,,2022,간성읍 신안리,"1,000",고성삼익레스타운,9,50,29,84.92,,,111,42820,7
1,,2014,,,2022,간성읍 상리,"6,900",고성석미모닝파크,9,8,14,57.91,,,443-2,42820,16
2,,1998,,,2022,간성읍 상리,500,간성대명,9,35,28,39.6,,,483-1,42820,1
3,,2021,,,2022,토성면 천진리,"2,000",고성천진한신더휴,9,90,2,75.7237,,,476,42820,7
4,,2021,,,2022,토성면 천진리,"24,500",고성천진한신더휴,9,0,5,84.9657,,,476,42820,16
5,,2021,,,2022,토성면 천진리,"24,500",고성천진한신더휴,9,0,5,84.9657,,,476,42820,16
6,,2006,,,2022,토성면 청간리,"1,000",유진클래시움,9,55,5,37.65,,,217,42820,15
7,,2006,,,2022,토성면 청간리,"1,000",유진클래시움,9,55,7,37.65,,,217,42820,7
8,,2006,,,2022,토성면 청간리,500,유진클래시움,9,50,21,37.65,,,217,42820,4
0,,1998,,,2022,간성읍 신안리,"1,000",고성삼익레스타운,10,40,24,59.68,,,111,42820,13
1,,2014,,,2022,간성읍 상리,"11,550",고성석미모닝파크,10,0,4,76.9,,,443-2,42820,5
2,,1998,,,2022,간성읍 상리,500,간성대명,10,40,28,39.6,,,483-1,42820,3
3,,2021,,,2022,토성면 천진리,"27,000",고성천진한신더휴,10,0,30,84.9721,,,476,42820,8
4,,2020,,,2022,토성면 봉포리,"17,850",봉포스위트엠오션파크,10,0,1,80.3048,,,381,42820,4
5,,2020,,,2022,토성면 봉포리,"2,000",봉포스위트엠오션파크,10,90,9,80.4353,,,381,42820,5
6,,2021,,,2022,토성면 봉포리,"1,000",고성봉포코아루오션비치,10,90,10,75.9201,,,384,42820,5
0,,1998,,,2022,간성읍 신안리,500,고성삼익레스타운,11,30,3,39.36,,,111,42820,10
1,,1989,,,2022,간성읍 신안리,300,동해1,11,35,14,41.75,,,183,42820,5
2,,1998,,,2022,간성읍 신안리,"2,000",고성삼익레스타운,11,50,17,84.92,,,111,42820,10
3,,2014,,,2022,간성읍 상리,"1,000",고성석미모닝파크,11,50,23,57.91,,,443-2,42820,6
4,,2021,,,2022,토성면 천진리,"30,000",고성천진한신더휴,11,0,17,75.7237,,,476,42820,15
5,,2021,,,2022,토성면 천진리,"23,000",고성천진한신더휴,11,0,22,84.9721,,,476,42820,14
6,,2021,,,2022,토성면 천진리,"10,000",고성천진한신더휴,11,70,26,84.9721,,,476,42820,22
7,,2020,,,2022,토성면 봉포리,"22,000",봉포스위트엠오션파크,11,0,5,80.4353,,,381,42820,5
8,,2020,,,2022,토성면 봉포리,"3,000",봉포스위트엠오션파크,11,85,7,80.4353,,,381,42820,10
9,,2020,,,2022,토성면 봉포리,"2,000",봉포스위트엠오션파크,11,85,12,80.3048,,,381,42820,7
0,,2021,,,2022,간성읍 신안리,"25,000",간성스위트엠센트럴,12,0,9,84.2949,,,620,42820,20
1,,1998,,,2022,간성읍 신안리,"2,500",고성삼익레스타운,12,25,15,39.36,,,111,42820,14
2,,1998,,,2022,간성읍 신안리,"2,500",고성삼익레스타운,12,25,15,39.36,,,111,42820,14
3,,1998,,,2022,간성읍 신안리,500,고성삼익레스타운,12,35,26,39.36,,,111,42820,14
4,,2021,,,2022,간성읍 신안리,"15,000",간성스위트엠센트럴,12,0,27,75.3428,,,620,42820,18
5,,2014,,,2022,간성읍 상리,"9,880",고성석미모닝파크,12,11,13,81.45,,,443-2,42820,3
6,,1998,,,2022,간성읍 상리,"3,500",간성대명,12,0,23,39.6,,,483-1,42820,2
7,,2006,,,2022,거진읍 송포리,"4,000",거진오션상떼빌,12,80,3,70.64,,,165,42820,8
8,,2006,,,2022,거진읍 송포리,"20,000",거진오션상떼빌,12,0,27,84.73,,,165,42820,10
9,,2021,,,2022,토성면 천진리,"3,000",고성천진한신더휴,12,110,1,84.9657,,,476,42820,17
10,,2021,,,2022,토성면 봉포리,"2,000",고성봉포코아루오션비치,12,85,9,63.8634,,,384,42820,7
0,,1998,,,2023,간성읍 신안리,"1,000",고성삼익레스타운,1,50,6,59.68,,,111,42820,15
1,,2021,,,2023,간성읍 신안리,"3,000",간성스위트엠센트럴,1,50,19,66.9415,,,620,42820,17
2,,1998,,,2023,간성읍 신안리,"2,500",고성삼익레스타운,1,25,27,39.36,,,111,42820,9
3,,2014,,,2023,간성읍 상리,"12,300",고성석미모닝파크,1,0,3,81.45,,,443-2,42820,2
4,,1990,,,2023,간성읍 상리,"5,000",동해2,1,0,5,57.48,,,501,42820,5
5,,1990,,,2023,간성읍 상리,"4,700",동해2,1,0,5,57.48,,,501,42820,5
6,,1998,,,2023,간성읍 상리,"4,000",간성대명,1,0,19,39.6,,,483-1,42820,12
7,,2014,,,2023,간성읍 상리,"10,800",고성석미모닝파크,1,0,26,71.36,,,443-2,42820,14
8,,2014,,,2023,간성읍 상리,"10,240",고성석미모닝파크,1,11,26,84.51,,,443-2,42820,2
9,,2006,,,2023,거진읍 송포리,"8,000",거진오션상떼빌,1,20,9,70.64,,,165,42820,7
10,,2006,,,2023,거진읍 송포리,"20,000",거진오션상떼빌,1,0,30,84.73,,,165,42820,3
11,,2021,,,2023,토성면 천진리,"6,000",고성천진한신더휴,1,60,14,84.9721,,,476,42820,12
12,,2006,,,2023,토성면 청간리,"11,000",유진클래시움,1,0,6,37.65,,,217,42820,14
13,,2006,,,2023,토성면 청간리,"1,000",유진클래시움,1,55,28,37.65,,,217,42820,10
14,,2006,,,2023,토성면 청간리,"20,000",유진클래시움,1,0,31,59.52,,,217,42820,15
15,,2021,,,2023,토성면 봉포리,"21,000",고성봉포코아루오션비치,1,0,20,84.9767,,,384,42820,3
16,,2021,,,2023,토성면 봉포리,"3,000",고성봉포코아루오션비치,1,110,22,81.4465,,,384,42820,10
0,,1989,,,2023,간성읍 신안리,200,동해1,2,35,1,41.75,,,183,42820,2
1,,2014,,,2023,간성읍 상리,"8,600",고성석미모닝파크,2,0,16,57.91,,,443-2,42820,7
2,,2006,,,2023,거진읍 송포리,"1,000",거진오션상떼빌,2,100,10,84.73,,,165,42820,11
3,,2021,,,2023,토성면 천진리,"10,000",고성천진한신더휴,2,55,23,84.9657,,,476,42820,18
4,,2006,,,2023,토성면 청간리,"12,000",유진클래시움,2,0,24,49.8,,,217,42820,9
5,,2021,,,2023,토성면 봉포리,"3,000",고성봉포코아루오션비치,2,100,2,81.4465,,,384,42820,11
6,,2021,,,2023,토성면 봉포리,"20,000",고성봉포코아루오션비치,2,0,13,63.8634,,,384,42820,15
7,,2021,,,2023,토성면 봉포리,"2,000",고성봉포코아루오션비치,2,80,26,63.5467,,,384,42820,15
0,,2021,,,2023,토성면 천진리,"26,000",고성천진한신더휴,3,0,2,84.9657,,,476,42820,10
1,,2021,,,2023,토성면 천진리,"2,000",고성천진한신더휴,3,110,22,84.9721,,,476,42820,16
2,,2021,,,2023,토성면 봉포리,"19,500",고성봉포코아루오션비치,3,0,24,63.5467,,,384,42820,19
