,거래금액,거래유형,건축년도,년,도로명,도로명건물본번호코드,도로명건물부번호코드,도로명시군구코드,도로명일련번호코드,도로명지상지하코드,도로명코드,법정동,법정동본번코드,법정동부번코드,법정동시군구코드,법정동읍면동코드,법정동지번코드,아파트,월,일,일련번호,전용면적,중개사소재지,지번,지역코드,층,해제사유발생일,해제여부,history_date,history_price,graph_history_date,graph_history_price,max_price,min_price_from_2019,code,y,x
0,"10,300",직거래,1996,2023,차옥로,00081,00000,41800,01,0,3215044,연천읍 옥산리,0459,0001,41800,25025,1,조흥,3,3,41800-2,59.85,,459-1,41800,5,,,"['2012-03-24', '2012-03-26', '2012-04-03', '2012-05-25', '2012-10-17', '2012-11-02', '2012-11-05', '2013-01-15', '2013-02-18', '2013-03-07', '2013-04-22', '2013-06-20', '2013-07-19', '2013-08-26', '2013-09-03', '2013-10-31', '2014-05-20', '2014-06-14', '2014-07-08', '2015-01-15', '2015-01-21', '2015-03-04', '2015-03-11', '2015-04-01', '2015-05-22', '2015-08-05', '2015-09-10', '2015-12-02', '2016-01-20', '2016-01-21', '2016-02-18', '2016-03-16', '2016-03-16', '2016-05-31', '2016-08-01', '2016-09-01', '2016-10-14', '2016-10-25', '2016-12-14', '2016-12-26', '2017-01-19', '2017-03-30', '2017-06-05', '2017-06-06', '2017-07-04', '2017-07-04', '2017-08-21', '2017-10-07', '2017-11-14', '2017-12-14', '2018-03-19', '2018-05-31', '2018-06-02', '2018-07-02', '2018-08-17', '2018-10-01', '2018-10-10', '2018-10-12', '2018-10-25', '2018-11-19', '2019-02-28', '2019-06-20', '2019-08-09', '2019-09-02', '2019-11-18', '2020-02-03', '2020-08-18', '2020-08-26', '2020-09-02', '2020-09-22', '2020-09-23', '2020-10-29', '2021-02-19', '2021-02-27', '2021-03-20', '2021-05-31', '2021-06-16', '2021-06-24', '2021-06-26', '2021-07-30', '2021-08-05', '2021-10-26', '2021-11-09', '2021-11-09', '2022-01-19', '2022-02-12', '2022-04-25', '2022-05-16', '2022-06-28', '2022-06-29', '2022-07-12', '2022-09-15', '2022-09-22', '2022-10-12', '2022-11-23', '2022-12-02', '2022-12-04', '2023-01-06', '2023-02-14', '2023-02-22', '2023-03-03']","['8500', '8500', '7250', '8600', '8500', '8500', '8000', '8200', '8500', '8400', '9000', '8800', '8500', '8000', '8700', '9000', '10000', '8700', '8300', '9000', '8750', '8600', '8700', '8000', '8000', '8100', '7100', '7900', '7500', '6980', '7900', '8400', '7900', '9300', '8200', '8900', '8450', '7500', '8000', '8000', '8500', '7500', '8700', '8650', '8600', '7500', '8700', '8350', '8500', '8400', '8950', '8900', '8800', '8900', '7400', '8950', '9000', '8000', '9000', '9400', '8700', '10000', '9900', '8000', '10000', '10000', '9000', '9800', '9300', '9000', '9900', '9000', '10000', '10000', '11100', '11000', '10900', '10600', '10800', '11000', '11200', '10300', '10000', '10800', '10000', '12000', '10500', '10800', '10000', '9000', '10800', '10200', '12000', '10100', '10500', '10000', '9000', '9800', '11000', '9600', '10300']","['2012-01', '2012-02', '2012-03', '2012-04', '2012-05', '2012-06', '2012-07', '2012-08', '2012-09', '2012-10', '2012-11', '2012-12', '2013-01', '2013-02', '2013-03', '2013-04', '2013-05', '2013-06', '2013-07', '2013-08', '2013-09', '2013-10', '2013-11', '2013-12', '2014-01', '2014-02', '2014-03', '2014-04', '2014-05', '2014-06', '2014-07', '2014-08', '2014-09', '2014-10', '2014-11', '2014-12', '2015-01', '2015-02', '2015-03', '2015-04', '2015-05', '2015-06', '2015-07', '2015-08', '2015-09', '2015-10', '2015-11', '2015-12', '2016-01', '2016-02', '2016-03', '2016-04', '2016-05', '2016-06', '2016-07', '2016-08', '2016-09', '2016-10', '2016-11', '2016-12', '2017-01', '2017-02', '2017-03', '2017-04', '2017-05', '2017-06', '2017-07', '2017-08', '2017-09', '2017-10', '2017-11', '2017-12', '2018-01', '2018-02', '2018-03', '2018-04', '2018-05', '2018-06', '2018-07', '2018-08', '2018-09', '2018-10', '2018-11', '2018-12', '2019-01', '2019-02', '2019-03', '2019-04', '2019-05', '2019-06', '2019-07', '2019-08', '2019-09', '2019-10', '2019-11', '2019-12', '2020-01', '2020-02', '2020-03', '2020-04', '2020-05', '2020-06', '2020-07', '2020-08', '2020-09', '2020-10', '2020-11', '2020-12', '2021-01', '2021-02', '2021-03', '2021-04', '2021-05', '2021-06', '2021-07', '2021-08', '2021-09', '2021-10', '2021-11', '2021-12', '2022-01', '2022-02', '2022-03', '2022-04', '2022-05', '2022-06', '2022-07', '2022-08', '2022-09', '2022-10', '2022-11', '2022-12', '2023-01', '2023-02', '2023-03', '2023-04']","[0, 0, 8500.0, 7250.0, 8600.0, 8600.0, 8600.0, 8600.0, 8600.0, 8500.0, 8250.0, 8250.0, 8200.0, 8500.0, 8400.0, 9000.0, 9000.0, 8800.0, 8500.0, 8000.0, 8700.0, 9000.0, 9000.0, 9000.0, 9000.0, 9000.0, 9000.0, 9000.0, 10000.0, 8700.0, 8300.0, 8300.0, 8300.0, 8300.0, 8300.0, 8300.0, 8875.0, 8875.0, 8650.0, 8000.0, 8000.0, 8000.0, 8000.0, 8100.0, 7100.0, 7100.0, 7100.0, 7900.0, 7240.0, 7900.0, 8150.0, 8150.0, 9300.0, 9300.0, 9300.0, 8200.0, 8900.0, 7975.0, 7975.0, 8000.0, 8500.0, 8500.0, 7500.0, 7500.0, 7500.0, 8675.0, 8050.0, 8700.0, 8700.0, 8350.0, 8500.0, 8400.0, 8400.0, 8400.0, 8950.0, 8950.0, 8900.0, 8800.0, 8900.0, 7400.0, 7400.0, 8737.5, 9400.0, 9400.0, 9400.0, 8700.0, 8700.0, 8700.0, 8700.0, 10000.0, 10000.0, 9900.0, 8000.0, 8000.0, 10000.0, 10000.0, 10000.0, 10000.0, 10000.0, 10000.0, 10000.0, 10000.0, 10000.0, 9400.0, 9400.0, 9000.0, 9000.0, 9000.0, 9000.0, 10000.0, 11100.0, 11100.0, 11000.0, 10766.666666666666, 11000.0, 11200.0, 11200.0, 10300.0, 10400.0, 10400.0, 10000.0, 12000.0, 12000.0, 10500.0, 10800.0, 9500.0, 10800.0, 10800.0, 11100.0, 10100.0, 10500.0, 9500.0, 9800.0, 10300.0, 10300.0, 10300.0]","['2022-02-12', '12000']","['2019-09-02', '8000']",14933,38.10197,127.07932
1,"10,900",중개거래,1996,2023,차옥로,00081,00000,41800,01,0,3215044,연천읍 옥산리,0459,0001,41800,25025,1,조흥,3,29,41800-2,59.85,경기 연천군,459-1,41800,8,,,"['2012-03-24', '2012-03-26', '2012-04-03', '2012-05-25', '2012-10-17', '2012-11-02', '2012-11-05', '2013-01-15', '2013-02-18', '2013-03-07', '2013-04-22', '2013-06-20', '2013-07-19', '2013-08-26', '2013-09-03', '2013-10-31', '2014-05-20', '2014-06-14', '2014-07-08', '2015-01-15', '2015-01-21', '2015-03-04', '2015-03-11', '2015-04-01', '2015-05-22', '2015-08-05', '2015-09-10', '2015-12-02', '2016-01-20', '2016-01-21', '2016-02-18', '2016-03-16', '2016-03-16', '2016-05-31', '2016-08-01', '2016-09-01', '2016-10-14', '2016-10-25', '2016-12-14', '2016-12-26', '2017-01-19', '2017-03-30', '2017-06-05', '2017-06-06', '2017-07-04', '2017-07-04', '2017-08-21', '2017-10-07', '2017-11-14', '2017-12-14', '2018-03-19', '2018-05-31', '2018-06-02', '2018-07-02', '2018-08-17', '2018-10-01', '2018-10-10', '2018-10-12', '2018-10-25', '2018-11-19', '2019-02-28', '2019-06-20', '2019-08-09', '2019-09-02', '2019-11-18', '2020-02-03', '2020-08-18', '2020-08-26', '2020-09-02', '2020-09-22', '2020-09-23', '2020-10-29', '2021-02-19', '2021-02-27', '2021-03-20', '2021-05-31', '2021-06-16', '2021-06-24', '2021-06-26', '2021-07-30', '2021-08-05', '2021-10-26', '2021-11-09', '2021-11-09', '2022-01-19', '2022-02-12', '2022-04-25', '2022-05-16', '2022-06-28', '2022-06-29', '2022-07-12', '2022-09-15', '2022-09-22', '2022-10-12', '2022-11-23', '2022-12-02', '2022-12-04', '2023-01-06', '2023-02-14', '2023-02-22', '2023-03-03']","['8500', '8500', '7250', '8600', '8500', '8500', '8000', '8200', '8500', '8400', '9000', '8800', '8500', '8000', '8700', '9000', '10000', '8700', '8300', '9000', '8750', '8600', '8700', '8000', '8000', '8100', '7100', '7900', '7500', '6980', '7900', '8400', '7900', '9300', '8200', '8900', '8450', '7500', '8000', '8000', '8500', '7500', '8700', '8650', '8600', '7500', '8700', '8350', '8500', '8400', '8950', '8900', '8800', '8900', '7400', '8950', '9000', '8000', '9000', '9400', '8700', '10000', '9900', '8000', '10000', '10000', '9000', '9800', '9300', '9000', '9900', '9000', '10000', '10000', '11100', '11000', '10900', '10600', '10800', '11000', '11200', '10300', '10000', '10800', '10000', '12000', '10500', '10800', '10000', '9000', '10800', '10200', '12000', '10100', '10500', '10000', '9000', '9800', '11000', '9600', '10300']","['2012-01', '2012-02', '2012-03', '2012-04', '2012-05', '2012-06', '2012-07', '2012-08', '2012-09', '2012-10', '2012-11', '2012-12', '2013-01', '2013-02', '2013-03', '2013-04', '2013-05', '2013-06', '2013-07', '2013-08', '2013-09', '2013-10', '2013-11', '2013-12', '2014-01', '2014-02', '2014-03', '2014-04', '2014-05', '2014-06', '2014-07', '2014-08', '2014-09', '2014-10', '2014-11', '2014-12', '2015-01', '2015-02', '2015-03', '2015-04', '2015-05', '2015-06', '2015-07', '2015-08', '2015-09', '2015-10', '2015-11', '2015-12', '2016-01', '2016-02', '2016-03', '2016-04', '2016-05', '2016-06', '2016-07', '2016-08', '2016-09', '2016-10', '2016-11', '2016-12', '2017-01', '2017-02', '2017-03', '2017-04', '2017-05', '2017-06', '2017-07', '2017-08', '2017-09', '2017-10', '2017-11', '2017-12', '2018-01', '2018-02', '2018-03', '2018-04', '2018-05', '2018-06', '2018-07', '2018-08', '2018-09', '2018-10', '2018-11', '2018-12', '2019-01', '2019-02', '2019-03', '2019-04', '2019-05', '2019-06', '2019-07', '2019-08', '2019-09', '2019-10', '2019-11', '2019-12', '2020-01', '2020-02', '2020-03', '2020-04', '2020-05', '2020-06', '2020-07', '2020-08', '2020-09', '2020-10', '2020-11', '2020-12', '2021-01', '2021-02', '2021-03', '2021-04', '2021-05', '2021-06', '2021-07', '2021-08', '2021-09', '2021-10', '2021-11', '2021-12', '2022-01', '2022-02', '2022-03', '2022-04', '2022-05', '2022-06', '2022-07', '2022-08', '2022-09', '2022-10', '2022-11', '2022-12', '2023-01', '2023-02', '2023-03', '2023-04']","[0, 0, 8500.0, 7250.0, 8600.0, 8600.0, 8600.0, 8600.0, 8600.0, 8500.0, 8250.0, 8250.0, 8200.0, 8500.0, 8400.0, 9000.0, 9000.0, 8800.0, 8500.0, 8000.0, 8700.0, 9000.0, 9000.0, 9000.0, 9000.0, 9000.0, 9000.0, 9000.0, 10000.0, 8700.0, 8300.0, 8300.0, 8300.0, 8300.0, 8300.0, 8300.0, 8875.0, 8875.0, 8650.0, 8000.0, 8000.0, 8000.0, 8000.0, 8100.0, 7100.0, 7100.0, 7100.0, 7900.0, 7240.0, 7900.0, 8150.0, 8150.0, 9300.0, 9300.0, 9300.0, 8200.0, 8900.0, 7975.0, 7975.0, 8000.0, 8500.0, 8500.0, 7500.0, 7500.0, 7500.0, 8675.0, 8050.0, 8700.0, 8700.0, 8350.0, 8500.0, 8400.0, 8400.0, 8400.0, 8950.0, 8950.0, 8900.0, 8800.0, 8900.0, 7400.0, 7400.0, 8737.5, 9400.0, 9400.0, 9400.0, 8700.0, 8700.0, 8700.0, 8700.0, 10000.0, 10000.0, 9900.0, 8000.0, 8000.0, 10000.0, 10000.0, 10000.0, 10000.0, 10000.0, 10000.0, 10000.0, 10000.0, 10000.0, 9400.0, 9400.0, 9000.0, 9000.0, 9000.0, 9000.0, 10000.0, 11100.0, 11100.0, 11000.0, 10766.666666666666, 11000.0, 11200.0, 11200.0, 10300.0, 10400.0, 10400.0, 10000.0, 12000.0, 12000.0, 10500.0, 10800.0, 9500.0, 10800.0, 10800.0, 11100.0, 10100.0, 10500.0, 9500.0, 9800.0, 10300.0, 10300.0, 10300.0]","['2022-02-12', '12000']","['2019-09-02', '8000']",14933,38.10197,127.07932
2,"10,200",직거래,1996,2023,차옥로,00081,00000,41800,01,0,3215044,연천읍 옥산리,0459,0001,41800,25025,1,조흥,3,29,41800-2,59.85,,459-1,41800,6,,,"['2012-03-24', '2012-03-26', '2012-04-03', '2012-05-25', '2012-10-17', '2012-11-02', '2012-11-05', '2013-01-15', '2013-02-18', '2013-03-07', '2013-04-22', '2013-06-20', '2013-07-19', '2013-08-26', '2013-09-03', '2013-10-31', '2014-05-20', '2014-06-14', '2014-07-08', '2015-01-15', '2015-01-21', '2015-03-04', '2015-03-11', '2015-04-01', '2015-05-22', '2015-08-05', '2015-09-10', '2015-12-02', '2016-01-20', '2016-01-21', '2016-02-18', '2016-03-16', '2016-03-16', '2016-05-31', '2016-08-01', '2016-09-01', '2016-10-14', '2016-10-25', '2016-12-14', '2016-12-26', '2017-01-19', '2017-03-30', '2017-06-05', '2017-06-06', '2017-07-04', '2017-07-04', '2017-08-21', '2017-10-07', '2017-11-14', '2017-12-14', '2018-03-19', '2018-05-31', '2018-06-02', '2018-07-02', '2018-08-17', '2018-10-01', '2018-10-10', '2018-10-12', '2018-10-25', '2018-11-19', '2019-02-28', '2019-06-20', '2019-08-09', '2019-09-02', '2019-11-18', '2020-02-03', '2020-08-18', '2020-08-26', '2020-09-02', '2020-09-22', '2020-09-23', '2020-10-29', '2021-02-19', '2021-02-27', '2021-03-20', '2021-05-31', '2021-06-16', '2021-06-24', '2021-06-26', '2021-07-30', '2021-08-05', '2021-10-26', '2021-11-09', '2021-11-09', '2022-01-19', '2022-02-12', '2022-04-25', '2022-05-16', '2022-06-28', '2022-06-29', '2022-07-12', '2022-09-15', '2022-09-22', '2022-10-12', '2022-11-23', '2022-12-02', '2022-12-04', '2023-01-06', '2023-02-14', '2023-02-22', '2023-03-03']","['8500', '8500', '7250', '8600', '8500', '8500', '8000', '8200', '8500', '8400', '9000', '8800', '8500', '8000', '8700', '9000', '10000', '8700', '8300', '9000', '8750', '8600', '8700', '8000', '8000', '8100', '7100', '7900', '7500', '6980', '7900', '8400', '7900', '9300', '8200', '8900', '8450', '7500', '8000', '8000', '8500', '7500', '8700', '8650', '8600', '7500', '8700', '8350', '8500', '8400', '8950', '8900', '8800', '8900', '7400', '8950', '9000', '8000', '9000', '9400', '8700', '10000', '9900', '8000', '10000', '10000', '9000', '9800', '9300', '9000', '9900', '9000', '10000', '10000', '11100', '11000', '10900', '10600', '10800', '11000', '11200', '10300', '10000', '10800', '10000', '12000', '10500', '10800', '10000', '9000', '10800', '10200', '12000', '10100', '10500', '10000', '9000', '9800', '11000', '9600', '10300']","['2012-01', '2012-02', '2012-03', '2012-04', '2012-05', '2012-06', '2012-07', '2012-08', '2012-09', '2012-10', '2012-11', '2012-12', '2013-01', '2013-02', '2013-03', '2013-04', '2013-05', '2013-06', '2013-07', '2013-08', '2013-09', '2013-10', '2013-11', '2013-12', '2014-01', '2014-02', '2014-03', '2014-04', '2014-05', '2014-06', '2014-07', '2014-08', '2014-09', '2014-10', '2014-11', '2014-12', '2015-01', '2015-02', '2015-03', '2015-04', '2015-05', '2015-06', '2015-07', '2015-08', '2015-09', '2015-10', '2015-11', '2015-12', '2016-01', '2016-02', '2016-03', '2016-04', '2016-05', '2016-06', '2016-07', '2016-08', '2016-09', '2016-10', '2016-11', '2016-12', '2017-01', '2017-02', '2017-03', '2017-04', '2017-05', '2017-06', '2017-07', '2017-08', '2017-09', '2017-10', '2017-11', '2017-12', '2018-01', '2018-02', '2018-03', '2018-04', '2018-05', '2018-06', '2018-07', '2018-08', '2018-09', '2018-10', '2018-11', '2018-12', '2019-01', '2019-02', '2019-03', '2019-04', '2019-05', '2019-06', '2019-07', '2019-08', '2019-09', '2019-10', '2019-11', '2019-12', '2020-01', '2020-02', '2020-03', '2020-04', '2020-05', '2020-06', '2020-07', '2020-08', '2020-09', '2020-10', '2020-11', '2020-12', '2021-01', '2021-02', '2021-03', '2021-04', '2021-05', '2021-06', '2021-07', '2021-08', '2021-09', '2021-10', '2021-11', '2021-12', '2022-01', '2022-02', '2022-03', '2022-04', '2022-05', '2022-06', '2022-07', '2022-08', '2022-09', '2022-10', '2022-11', '2022-12', '2023-01', '2023-02', '2023-03', '2023-04']","[0, 0, 8500.0, 7250.0, 8600.0, 8600.0, 8600.0, 8600.0, 8600.0, 8500.0, 8250.0, 8250.0, 8200.0, 8500.0, 8400.0, 9000.0, 9000.0, 8800.0, 8500.0, 8000.0, 8700.0, 9000.0, 9000.0, 9000.0, 9000.0, 9000.0, 9000.0, 9000.0, 10000.0, 8700.0, 8300.0, 8300.0, 8300.0, 8300.0, 8300.0, 8300.0, 8875.0, 8875.0, 8650.0, 8000.0, 8000.0, 8000.0, 8000.0, 8100.0, 7100.0, 7100.0, 7100.0, 7900.0, 7240.0, 7900.0, 8150.0, 8150.0, 9300.0, 9300.0, 9300.0, 8200.0, 8900.0, 7975.0, 7975.0, 8000.0, 8500.0, 8500.0, 7500.0, 7500.0, 7500.0, 8675.0, 8050.0, 8700.0, 8700.0, 8350.0, 8500.0, 8400.0, 8400.0, 8400.0, 8950.0, 8950.0, 8900.0, 8800.0, 8900.0, 7400.0, 7400.0, 8737.5, 9400.0, 9400.0, 9400.0, 8700.0, 8700.0, 8700.0, 8700.0, 10000.0, 10000.0, 9900.0, 8000.0, 8000.0, 10000.0, 10000.0, 10000.0, 10000.0, 10000.0, 10000.0, 10000.0, 10000.0, 10000.0, 9400.0, 9400.0, 9000.0, 9000.0, 9000.0, 9000.0, 10000.0, 11100.0, 11100.0, 11000.0, 10766.666666666666, 11000.0, 11200.0, 11200.0, 10300.0, 10400.0, 10400.0, 10000.0, 12000.0, 12000.0, 10500.0, 10800.0, 9500.0, 10800.0, 10800.0, 11100.0, 10100.0, 10500.0, 9500.0, 9800.0, 10300.0, 10300.0, 10300.0]","['2022-02-12', '12000']","['2019-09-02', '8000']",14933,38.10197,127.07932
3,"5,000",중개거래,1993,2023,전곡로75번길,00044,00000,41800,01,0,4445352,전곡읍 전곡리,0267,0006,41800,25321,1,진상,3,2,41800-23,45.99,경기 연천군,267-6,41800,1,,,"['2020-05-12', '2020-07-28', '2020-11-30', '2023-03-02']","['2600', '3500', '3600', '5000']","['2012-01', '2012-02', '2012-03', '2012-04', '2012-05', '2012-06', '2012-07', '2012-08', '2012-09', '2012-10', '2012-11', '2012-12', '2013-01', '2013-02', '2013-03', '2013-04', '2013-05', '2013-06', '2013-07', '2013-08', '2013-09', '2013-10', '2013-11', '2013-12', '2014-01', '2014-02', '2014-03', '2014-04', '2014-05', '2014-06', '2014-07', '2014-08', '2014-09', '2014-10', '2014-11', '2014-12', '2015-01', '2015-02', '2015-03', '2015-04', '2015-05', '2015-06', '2015-07', '2015-08', '2015-09', '2015-10', '2015-11', '2015-12', '2016-01', '2016-02', '2016-03', '2016-04', '2016-05', '2016-06', '2016-07', '2016-08', '2016-09', '2016-10', '2016-11', '2016-12', '2017-01', '2017-02', '2017-03', '2017-04', '2017-05', '2017-06', '2017-07', '2017-08', '2017-09', '2017-10', '2017-11', '2017-12', '2018-01', '2018-02', '2018-03', '2018-04', '2018-05', '2018-06', '2018-07', '2018-08', '2018-09', '2018-10', '2018-11', '2018-12', '2019-01', '2019-02', '2019-03', '2019-04', '2019-05', '2019-06', '2019-07', '2019-08', '2019-09', '2019-10', '2019-11', '2019-12', '2020-01', '2020-02', '2020-03', '2020-04', '2020-05', '2020-06', '2020-07', '2020-08', '2020-09', '2020-10', '2020-11', '2020-12', '2021-01', '2021-02', '2021-03', '2021-04', '2021-05', '2021-06', '2021-07', '2021-08', '2021-09', '2021-10', '2021-11', '2021-12', '2022-01', '2022-02', '2022-03', '2022-04', '2022-05', '2022-06', '2022-07', '2022-08', '2022-09', '2022-10', '2022-11', '2022-12', '2023-01', '2023-02', '2023-03', '2023-04']","[0, 0, 0, 0, 0, 0, 0, 0, 0, 0, 0, 0, 0, 0, 0, 0, 0, 0, 0, 0, 0, 0, 0, 0, 0, 0, 0, 0, 0, 0, 0, 0, 0, 0, 0, 0, 0, 0, 0, 0, 0, 0, 0, 0, 0, 0, 0, 0, 0, 0, 0, 0, 0, 0, 0, 0, 0, 0, 0, 0, 0, 0, 0, 0, 0, 0, 0, 0, 0, 0, 0, 0, 0, 0, 0, 0, 0, 0, 0, 0, 0, 0, 0, 0, 0, 0, 0, 0, 0, 0, 0, 0, 0, 0, 0, 0, 0, 0, 0, 0, 2600.0, 2600.0, 3500.0, 3500.0, 3500.0, 3500.0, 3600.0, 3600.0, 3600.0, 3600.0, 3600.0, 3600.0, 3600.0, 3600.0, 3600.0, 3600.0, 3600.0, 3600.0, 3600.0, 3600.0, 3600.0, 3600.0, 3600.0, 3600.0, 3600.0, 3600.0, 3600.0, 3600.0, 3600.0, 3600.0, 3600.0, 3600.0, 3600.0, 3600.0, 5000.0, 5000.0]","['2023-03-02', '5000']","['2020-05-12', '2600']",,,
4,"16,000",중개거래,1995,2023,전영로11번길,00002,00020,41800,01,0,4445358,전곡읍 전곡리,0449,0001,41800,25321,1,삼민,3,3,41800-18,106.82,경기 연천군,449-1,41800,5,,,"['2013-09-26', '2013-12-03', '2016-07-14', '2016-09-26', '2021-04-12', '2022-05-12', '2023-03-03']","['13500', '11000', '12000', '11500', '13000', '14600', '16000']","['2012-01', '2012-02', '2012-03', '2012-04', '2012-05', '2012-06', '2012-07', '2012-08', '2012-09', '2012-10', '2012-11', '2012-12', '2013-01', '2013-02', '2013-03', '2013-04', '2013-05', '2013-06', '2013-07', '2013-08', '2013-09', '2013-10', '2013-11', '2013-12', '2014-01', '2014-02', '2014-03', '2014-04', '2014-05', '2014-06', '2014-07', '2014-08', '2014-09', '2014-10', '2014-11', '2014-12', '2015-01', '2015-02', '2015-03', '2015-04', '2015-05', '2015-06', '2015-07', '2015-08', '2015-09', '2015-10', '2015-11', '2015-12', '2016-01', '2016-02', '2016-03', '2016-04', '2016-05', '2016-06', '2016-07', '2016-08', '2016-09', '2016-10', '2016-11', '2016-12', '2017-01', '2017-02', '2017-03', '2017-04', '2017-05', '2017-06', '2017-07', '2017-08', '2017-09', '2017-10', '2017-11', '2017-12', '2018-01', '2018-02', '2018-03', '2018-04', '2018-05', '2018-06', '2018-07', '2018-08', '2018-09', '2018-10', '2018-11', '2018-12', '2019-01', '2019-02', '2019-03', '2019-04', '2019-05', '2019-06', '2019-07', '2019-08', '2019-09', '2019-10', '2019-11', '2019-12', '2020-01', '2020-02', '2020-03', '2020-04', '2020-05', '2020-06', '2020-07', '2020-08', '2020-09', '2020-10', '2020-11', '2020-12', '2021-01', '2021-02', '2021-03', '2021-04', '2021-05', '2021-06', '2021-07', '2021-08', '2021-09', '2021-10', '2021-11', '2021-12', '2022-01', '2022-02', '2022-03', '2022-04', '2022-05', '2022-06', '2022-07', '2022-08', '2022-09', '2022-10', '2022-11', '2022-12', '2023-01', '2023-02', '2023-03', '2023-04']","[0, 0, 0, 0, 0, 0, 0, 0, 0, 0, 0, 0, 0, 0, 0, 0, 0, 0, 0, 0, 13500.0, 13500.0, 13500.0, 11000.0, 11000.0, 11000.0, 11000.0, 11000.0, 11000.0, 11000.0, 11000.0, 11000.0, 11000.0, 11000.0, 11000.0, 11000.0, 11000.0, 11000.0, 11000.0, 11000.0, 11000.0, 11000.0, 11000.0, 11000.0, 11000.0, 11000.0, 11000.0, 11000.0, 11000.0, 11000.0, 11000.0, 11000.0, 11000.0, 11000.0, 12000.0, 12000.0, 11500.0, 11500.0, 11500.0, 11500.0, 11500.0, 11500.0, 11500.0, 11500.0, 11500.0, 11500.0, 11500.0, 11500.0, 11500.0, 11500.0, 11500.0, 11500.0, 11500.0, 11500.0, 11500.0, 11500.0, 11500.0, 11500.0, 11500.0, 11500.0, 11500.0, 11500.0, 11500.0, 11500.0, 11500.0, 11500.0, 11500.0, 11500.0, 11500.0, 11500.0, 11500.0, 11500.0, 11500.0, 11500.0, 11500.0, 11500.0, 11500.0, 11500.0, 11500.0, 11500.0, 11500.0, 11500.0, 11500.0, 11500.0, 11500.0, 11500.0, 11500.0, 11500.0, 11500.0, 11500.0, 11500.0, 13000.0, 13000.0, 13000.0, 13000.0, 13000.0, 13000.0, 13000.0, 13000.0, 13000.0, 13000.0, 13000.0, 13000.0, 13000.0, 14600.0, 14600.0, 14600.0, 14600.0, 14600.0, 14600.0, 14600.0, 14600.0, 14600.0, 14600.0, 16000.0, 16000.0]","['2023-03-03', '16000']","['2021-04-12', '13000']",,,
5,"9,300",중개거래,2002,2023,선사로,00415,00000,41800,01,0,3215024,전곡읍 전곡리,0330,0003,41800,25321,1,전곡석미한아름,3,14,41800-5,38.094,경기 연천군,330-3,41800,10,,,"['2012-02-22', '2012-02-27', '2012-02-28', '2012-03-06', '2012-04-17', '2012-06-11', '2012-06-28', '2012-08-10', '2012-09-27', '2012-10-13', '2012-11-06', '2012-11-06', '2013-01-10', '2013-03-06', '2013-05-22', '2013-06-26', '2013-08-28', '2014-02-10', '2014-02-11', '2014-02-11', '2014-02-19', '2014-03-22', '2014-03-24', '2014-04-04', '2014-04-07', '2014-05-10', '2014-09-11', '2014-09-26', '2014-10-23', '2014-11-21', '2014-12-09', '2015-03-24', '2015-04-22', '2015-07-11', '2015-07-16', '2015-08-07', '2016-01-08', '2016-01-08', '2016-06-03', '2016-11-01', '2017-04-05', '2017-06-17', '2017-07-15', '2017-07-26', '2017-09-11', '2017-10-26', '2017-11-14', '2018-03-23', '2018-04-13', '2018-07-06', '2018-12-12', '2019-07-14', '2019-12-02', '2020-02-01', '2020-04-24', '2020-06-03', '2020-08-25', '2020-09-07', '2020-10-14', '2020-10-21', '2021-05-04', '2021-07-27', '2021-09-30', '2021-10-12', '2021-10-13', '2021-12-23', '2022-04-11', '2022-05-14', '2022-09-07', '2022-10-12', '2022-10-12', '2022-12-30', '2023-03-14']","['5500', '6200', '6200', '6965', '5500', '5400', '6450', '6500', '6000', '6250', '6400', '6500', '6400', '6500', '6460', '6200', '6800', '6800', '6900', '6300', '6000', '7150', '5900', '6880', '6700', '6550', '6000', '7000', '6900', '7050', '7200', '7100', '8000', '5000', '7100', '7200', '7300', '7500', '7400', '7400', '7500', '7200', '7500', '7800', '8000', '7900', '7500', '7800', '7000', '8000', '8300', '8300', '8500', '7500', '8000', '8200', '8200', '7900', '8000', '8300', '8800', '8750', '9500', '9000', '9000', '9000', '10000', '9500', '9500', '8500', '9500', '8500', '9300']","['2012-01', '2012-02', '2012-03', '2012-04', '2012-05', '2012-06', '2012-07', '2012-08', '2012-09', '2012-10', '2012-11', '2012-12', '2013-01', '2013-02', '2013-03', '2013-04', '2013-05', '2013-06', '2013-07', '2013-08', '2013-09', '2013-10', '2013-11', '2013-12', '2014-01', '2014-02', '2014-03', '2014-04', '2014-05', '2014-06', '2014-07', '2014-08', '2014-09', '2014-10', '2014-11', '2014-12', '2015-01', '2015-02', '2015-03', '2015-04', '2015-05', '2015-06', '2015-07', '2015-08', '2015-09', '2015-10', '2015-11', '2015-12', '2016-01', '2016-02', '2016-03', '2016-04', '2016-05', '2016-06', '2016-07', '2016-08', '2016-09', '2016-10', '2016-11', '2016-12', '2017-01', '2017-02', '2017-03', '2017-04', '2017-05', '2017-06', '2017-07', '2017-08', '2017-09', '2017-10', '2017-11', '2017-12', '2018-01', '2018-02', '2018-03', '2018-04', '2018-05', '2018-06', '2018-07', '2018-08', '2018-09', '2018-10', '2018-11', '2018-12', '2019-01', '2019-02', '2019-03', '2019-04', '2019-05', '2019-06', '2019-07', '2019-08', '2019-09', '2019-10', '2019-11', '2019-12', '2020-01', '2020-02', '2020-03', '2020-04', '2020-05', '2020-06', '2020-07', '2020-08', '2020-09', '2020-10', '2020-11', '2020-12', '2021-01', '2021-02', '2021-03', '2021-04', '2021-05', '2021-06', '2021-07', '2021-08', '2021-09', '2021-10', '2021-11', '2021-12', '2022-01', '2022-02', '2022-03', '2022-04', '2022-05', '2022-06', '2022-07', '2022-08', '2022-09', '2022-10', '2022-11', '2022-12', '2023-01', '2023-02', '2023-03', '2023-04']","[0, 5966.666666666667, 6965.0, 5500.0, 5500.0, 5925.0, 5925.0, 6500.0, 6000.0, 6250.0, 6450.0, 6450.0, 6400.0, 6400.0, 6500.0, 6500.0, 6460.0, 6200.0, 6200.0, 6800.0, 6800.0, 6800.0, 6800.0, 6800.0, 6800.0, 6500.0, 6525.0, 6790.0, 6550.0, 6550.0, 6550.0, 6550.0, 6500.0, 6900.0, 7050.0, 7200.0, 7200.0, 7200.0, 7100.0, 8000.0, 8000.0, 8000.0, 6050.0, 7200.0, 7200.0, 7200.0, 7200.0, 7200.0, 7400.0, 7400.0, 7400.0, 7400.0, 7400.0, 7400.0, 7400.0, 7400.0, 7400.0, 7400.0, 7400.0, 7400.0, 7400.0, 7400.0, 7400.0, 7500.0, 7500.0, 7200.0, 7650.0, 7650.0, 8000.0, 7900.0, 7500.0, 7500.0, 7500.0, 7500.0, 7800.0, 7000.0, 7000.0, 7000.0, 8000.0, 8000.0, 8000.0, 8000.0, 8000.0, 8300.0, 8300.0, 8300.0, 8300.0, 8300.0, 8300.0, 8300.0, 8300.0, 8300.0, 8300.0, 8300.0, 8300.0, 8500.0, 8500.0, 7500.0, 7500.0, 8000.0, 8000.0, 8200.0, 8200.0, 8200.0, 7900.0, 8150.0, 8150.0, 8150.0, 8150.0, 8150.0, 8150.0, 8150.0, 8800.0, 8800.0, 8750.0, 8750.0, 9500.0, 9000.0, 9000.0, 9000.0, 9000.0, 9000.0, 9000.0, 10000.0, 9500.0, 9500.0, 9500.0, 9500.0, 9500.0, 9000.0, 9000.0, 8500.0, 8500.0, 8500.0, 9300.0, 9300.0]","['2022-04-11', '10000']","['2020-02-01', '7500']",16195,38.02572,127.07311
6,"11,000",중개거래,1995,2023,전은길,00024,00000,41800,01,0,4445375,전곡읍 전곡리,0411,0003,41800,25321,1,명정,3,17,41800-3,59.99,경기 연천군,411-3,41800,13,,,"['2012-02-17', '2012-10-17', '2013-01-29', '2013-04-23', '2013-08-07', '2013-09-04', '2013-09-16', '2013-09-25', '2014-03-14', '2014-04-10', '2014-05-14', '2014-12-28', '2015-04-01', '2015-06-22', '2015-08-03', '2016-02-03', '2016-03-03', '2016-03-07', '2016-06-30', '2016-10-17', '2016-10-22', '2016-11-01', '2017-03-04', '2017-04-04', '2017-04-26', '2017-09-26', '2017-11-20', '2018-07-13', '2018-08-08', '2018-10-17', '2018-11-13', '2018-12-04', '2018-12-26', '2019-02-11', '2019-07-04', '2020-03-05', '2020-03-05', '2020-06-13', '2020-07-16', '2020-10-20', '2020-11-04', '2021-03-12', '2021-03-27', '2021-05-20', '2021-06-19', '2021-07-15', '2021-09-15', '2022-02-12', '2022-04-06', '2022-10-07', '2022-11-14', '2023-01-30', '2023-03-17']","['9700', '9100', '8600', '9400', '9000', '9900', '9900', '9800', '10000', '8500', '9500', '10450', '9350', '10300', '10300', '9250', '10000', '9300', '11500', '10400', '10500', '8800', '9800', '9200', '11000', '8500', '10700', '10000', '9000', '10000', '10000', '10500', '10450', '10350', '9700', '7300', '9000', '9000', '9800', '8900', '9000', '9200', '9400', '10000', '9400', '9900', '8900', '10000', '10500', '10000', '10500', '9700', '11000']","['2012-01', '2012-02', '2012-03', '2012-04', '2012-05', '2012-06', '2012-07', '2012-08', '2012-09', '2012-10', '2012-11', '2012-12', '2013-01', '2013-02', '2013-03', '2013-04', '2013-05', '2013-06', '2013-07', '2013-08', '2013-09', '2013-10', '2013-11', '2013-12', '2014-01', '2014-02', '2014-03', '2014-04', '2014-05', '2014-06', '2014-07', '2014-08', '2014-09', '2014-10', '2014-11', '2014-12', '2015-01', '2015-02', '2015-03', '2015-04', '2015-05', '2015-06', '2015-07', '2015-08', '2015-09', '2015-10', '2015-11', '2015-12', '2016-01', '2016-02', '2016-03', '2016-04', '2016-05', '2016-06', '2016-07', '2016-08', '2016-09', '2016-10', '2016-11', '2016-12', '2017-01', '2017-02', '2017-03', '2017-04', '2017-05', '2017-06', '2017-07', '2017-08', '2017-09', '2017-10', '2017-11', '2017-12', '2018-01', '2018-02', '2018-03', '2018-04', '2018-05', '2018-06', '2018-07', '2018-08', '2018-09', '2018-10', '2018-11', '2018-12', '2019-01', '2019-02', '2019-03', '2019-04', '2019-05', '2019-06', '2019-07', '2019-08', '2019-09', '2019-10', '2019-11', '2019-12', '2020-01', '2020-02', '2020-03', '2020-04', '2020-05', '2020-06', '2020-07', '2020-08', '2020-09', '2020-10', '2020-11', '2020-12', '2021-01', '2021-02', '2021-03', '2021-04', '2021-05', '2021-06', '2021-07', '2021-08', '2021-09', '2021-10', '2021-11', '2021-12', '2022-01', '2022-02', '2022-03', '2022-04', '2022-05', '2022-06', '2022-07', '2022-08', '2022-09', '2022-10', '2022-11', '2022-12', '2023-01', '2023-02', '2023-03', '2023-04']","[0, 9700.0, 9700.0, 9700.0, 9700.0, 9700.0, 9700.0, 9700.0, 9700.0, 9100.0, 9100.0, 9100.0, 8600.0, 8600.0, 8600.0, 9400.0, 9400.0, 9400.0, 9400.0, 9000.0, 9866.666666666666, 9866.666666666666, 9866.666666666666, 9866.666666666666, 9866.666666666666, 9866.666666666666, 10000.0, 8500.0, 9500.0, 9500.0, 9500.0, 9500.0, 9500.0, 9500.0, 9500.0, 10450.0, 10450.0, 10450.0, 10450.0, 9350.0, 9350.0, 10300.0, 10300.0, 10300.0, 10300.0, 10300.0, 10300.0, 10300.0, 10300.0, 9250.0, 9650.0, 9650.0, 9650.0, 11500.0, 11500.0, 11500.0, 11500.0, 10450.0, 8800.0, 8800.0, 8800.0, 8800.0, 9800.0, 10100.0, 10100.0, 10100.0, 10100.0, 10100.0, 8500.0, 8500.0, 10700.0, 10700.0, 10700.0, 10700.0, 10700.0, 10700.0, 10700.0, 10700.0, 10000.0, 9000.0, 9000.0, 10000.0, 10000.0, 10475.0, 10475.0, 10350.0, 10350.0, 10350.0, 10350.0, 10350.0, 9700.0, 9700.0, 9700.0, 9700.0, 9700.0, 9700.0, 9700.0, 9700.0, 8150.0, 8150.0, 8150.0, 9000.0, 9800.0, 9800.0, 9800.0, 8900.0, 9000.0, 9000.0, 9000.0, 9000.0, 9300.0, 9300.0, 10000.0, 9400.0, 9900.0, 9900.0, 8900.0, 8900.0, 8900.0, 8900.0, 8900.0, 10000.0, 10000.0, 10500.0, 10500.0, 10500.0, 10500.0, 10500.0, 10500.0, 10000.0, 10500.0, 10500.0, 9700.0, 9700.0, 11000.0, 11000.0]","['2016-06-30', '11500']","['2020-03-05', '7300']",14934,38.03172,127.07174
7,"4,500",중개거래,1993,2023,전곡로75번길,00044,00000,41800,01,0,4445352,전곡읍 전곡리,0267,0006,41800,25321,1,진상,3,21,41800-23,47.49,경기 연천군,267-6,41800,1,,,"['2012-01-09', '2013-07-06', '2016-04-01', '2019-04-01', '2021-03-03', '2022-10-12', '2023-03-21']","['3500', '5150', '5500', '4400', '3500', '5800', '4500']","['2012-01', '2012-02', '2012-03', '2012-04', '2012-05', '2012-06', '2012-07', '2012-08', '2012-09', '2012-10', '2012-11', '2012-12', '2013-01', '2013-02', '2013-03', '2013-04', '2013-05', '2013-06', '2013-07', '2013-08', '2013-09', '2013-10', '2013-11', '2013-12', '2014-01', '2014-02', '2014-03', '2014-04', '2014-05', '2014-06', '2014-07', '2014-08', '2014-09', '2014-10', '2014-11', '2014-12', '2015-01', '2015-02', '2015-03', '2015-04', '2015-05', '2015-06', '2015-07', '2015-08', '2015-09', '2015-10', '2015-11', '2015-12', '2016-01', '2016-02', '2016-03', '2016-04', '2016-05', '2016-06', '2016-07', '2016-08', '2016-09', '2016-10', '2016-11', '2016-12', '2017-01', '2017-02', '2017-03', '2017-04', '2017-05', '2017-06', '2017-07', '2017-08', '2017-09', '2017-10', '2017-11', '2017-12', '2018-01', '2018-02', '2018-03', '2018-04', '2018-05', '2018-06', '2018-07', '2018-08', '2018-09', '2018-10', '2018-11', '2018-12', '2019-01', '2019-02', '2019-03', '2019-04', '2019-05', '2019-06', '2019-07', '2019-08', '2019-09', '2019-10', '2019-11', '2019-12', '2020-01', '2020-02', '2020-03', '2020-04', '2020-05', '2020-06', '2020-07', '2020-08', '2020-09', '2020-10', '2020-11', '2020-12', '2021-01', '2021-02', '2021-03', '2021-04', '2021-05', '2021-06', '2021-07', '2021-08', '2021-09', '2021-10', '2021-11', '2021-12', '2022-01', '2022-02', '2022-03', '2022-04', '2022-05', '2022-06', '2022-07', '2022-08', '2022-09', '2022-10', '2022-11', '2022-12', '2023-01', '2023-02', '2023-03', '2023-04']","[3500.0, 3500.0, 3500.0, 3500.0, 3500.0, 3500.0, 3500.0, 3500.0, 3500.0, 3500.0, 3500.0, 3500.0, 3500.0, 3500.0, 3500.0, 3500.0, 3500.0, 3500.0, 5150.0, 5150.0, 5150.0, 5150.0, 5150.0, 5150.0, 5150.0, 5150.0, 5150.0, 5150.0, 5150.0, 5150.0, 5150.0, 5150.0, 5150.0, 5150.0, 5150.0, 5150.0, 5150.0, 5150.0, 5150.0, 5150.0, 5150.0, 5150.0, 5150.0, 5150.0, 5150.0, 5150.0, 5150.0, 5150.0, 5150.0, 5150.0, 5150.0, 5500.0, 5500.0, 5500.0, 5500.0, 5500.0, 5500.0, 5500.0, 5500.0, 5500.0, 5500.0, 5500.0, 5500.0, 5500.0, 5500.0, 5500.0, 5500.0, 5500.0, 5500.0, 5500.0, 5500.0, 5500.0, 5500.0, 5500.0, 5500.0, 5500.0, 5500.0, 5500.0, 5500.0, 5500.0, 5500.0, 5500.0, 5500.0, 5500.0, 5500.0, 5500.0, 5500.0, 4400.0, 4400.0, 4400.0, 4400.0, 4400.0, 4400.0, 4400.0, 4400.0, 4400.0, 4400.0, 4400.0, 4400.0, 4400.0, 4400.0, 4400.0, 4400.0, 4400.0, 4400.0, 4400.0, 4400.0, 4400.0, 4400.0, 4400.0, 3500.0, 3500.0, 3500.0, 3500.0, 3500.0, 3500.0, 3500.0, 3500.0, 3500.0, 3500.0, 3500.0, 3500.0, 3500.0, 3500.0, 3500.0, 3500.0, 3500.0, 3500.0, 3500.0, 5800.0, 5800.0, 5800.0, 5800.0, 5800.0, 4500.0, 4500.0]","['2022-10-12', '5800']","['2021-03-03', '3500']",,,
8,"14,200",중개거래,1995,2023,전은길,00024,00000,41800,01,0,4445375,전곡읍 전곡리,0411,0003,41800,25321,1,명정,3,27,41800-3,84.91,경기 연천군,411-3,41800,1,,,"['2012-04-16', '2012-05-14', '2012-08-14', '2012-08-27', '2012-09-08', '2013-10-10', '2014-02-19', '2014-03-04', '2014-05-22', '2014-09-25', '2014-11-12', '2015-04-30', '2015-09-15', '2015-10-15', '2016-06-22', '2016-06-29', '2016-08-28', '2016-09-05', '2017-06-09', '2017-08-01', '2017-12-05', '2018-01-23', '2018-10-01', '2019-02-08', '2019-03-31', '2019-04-23', '2019-09-21', '2019-10-15', '2019-12-18', '2020-06-15', '2020-07-02', '2020-08-03', '2020-12-16', '2021-04-17', '2021-08-05', '2021-08-31', '2022-03-02', '2022-05-07', '2022-07-12', '2022-10-13', '2023-03-27']","['12500', '13000', '12300', '12000', '11500', '12500', '13500', '10000', '13350', '13500', '13300', '13000', '13900', '13100', '12700', '13000', '11900', '13500', '12000', '13000', '12000', '14550', '14500', '13800', '14500', '14000', '14400', '13200', '13700', '12500', '12125', '14000', '11500', '10000', '14900', '15000', '13000', '14500', '14500', '15700', '14200']","['2012-01', '2012-02', '2012-03', '2012-04', '2012-05', '2012-06', '2012-07', '2012-08', '2012-09', '2012-10', '2012-11', '2012-12', '2013-01', '2013-02', '2013-03', '2013-04', '2013-05', '2013-06', '2013-07', '2013-08', '2013-09', '2013-10', '2013-11', '2013-12', '2014-01', '2014-02', '2014-03', '2014-04', '2014-05', '2014-06', '2014-07', '2014-08', '2014-09', '2014-10', '2014-11', '2014-12', '2015-01', '2015-02', '2015-03', '2015-04', '2015-05', '2015-06', '2015-07', '2015-08', '2015-09', '2015-10', '2015-11', '2015-12', '2016-01', '2016-02', '2016-03', '2016-04', '2016-05', '2016-06', '2016-07', '2016-08', '2016-09', '2016-10', '2016-11', '2016-12', '2017-01', '2017-02', '2017-03', '2017-04', '2017-05', '2017-06', '2017-07', '2017-08', '2017-09', '2017-10', '2017-11', '2017-12', '2018-01', '2018-02', '2018-03', '2018-04', '2018-05', '2018-06', '2018-07', '2018-08', '2018-09', '2018-10', '2018-11', '2018-12', '2019-01', '2019-02', '2019-03', '2019-04', '2019-05', '2019-06', '2019-07', '2019-08', '2019-09', '2019-10', '2019-11', '2019-12', '2020-01', '2020-02', '2020-03', '2020-04', '2020-05', '2020-06', '2020-07', '2020-08', '2020-09', '2020-10', '2020-11', '2020-12', '2021-01', '2021-02', '2021-03', '2021-04', '2021-05', '2021-06', '2021-07', '2021-08', '2021-09', '2021-10', '2021-11', '2021-12', '2022-01', '2022-02', '2022-03', '2022-04', '2022-05', '2022-06', '2022-07', '2022-08', '2022-09', '2022-10', '2022-11', '2022-12', '2023-01', '2023-02', '2023-03', '2023-04']","[0, 0, 0, 12500.0, 13000.0, 13000.0, 13000.0, 12150.0, 11500.0, 11500.0, 11500.0, 11500.0, 11500.0, 11500.0, 11500.0, 11500.0, 11500.0, 11500.0, 11500.0, 11500.0, 11500.0, 12500.0, 12500.0, 12500.0, 12500.0, 13500.0, 10000.0, 10000.0, 13350.0, 13350.0, 13350.0, 13350.0, 13500.0, 13500.0, 13300.0, 13300.0, 13300.0, 13300.0, 13300.0, 13000.0, 13000.0, 13000.0, 13000.0, 13000.0, 13900.0, 13100.0, 13100.0, 13100.0, 13100.0, 13100.0, 13100.0, 13100.0, 13100.0, 12850.0, 12850.0, 11900.0, 13500.0, 13500.0, 13500.0, 13500.0, 13500.0, 13500.0, 13500.0, 13500.0, 13500.0, 12000.0, 12000.0, 13000.0, 13000.0, 13000.0, 13000.0, 12000.0, 14550.0, 14550.0, 14550.0, 14550.0, 14550.0, 14550.0, 14550.0, 14550.0, 14550.0, 14500.0, 14500.0, 14500.0, 14500.0, 13800.0, 14500.0, 14000.0, 14000.0, 14000.0, 14000.0, 14000.0, 14400.0, 13200.0, 13200.0, 13700.0, 13700.0, 13700.0, 13700.0, 13700.0, 13700.0, 12500.0, 12125.0, 14000.0, 14000.0, 14000.0, 14000.0, 11500.0, 11500.0, 11500.0, 11500.0, 10000.0, 10000.0, 10000.0, 10000.0, 14950.0, 14950.0, 14950.0, 14950.0, 14950.0, 14950.0, 14950.0, 13000.0, 13000.0, 14500.0, 14500.0, 14500.0, 14500.0, 14500.0, 15700.0, 15700.0, 15700.0, 15700.0, 15700.0, 14200.0, 14200.0]","['2022-10-13', '15700']","['2021-04-17', '10000']",14934,38.03172,127.07174
9,"6,500",중개거래,1992,2023,밤골로,00007,00000,41800,01,0,3215016,전곡읍 전곡리,0263,0000,41800,25321,1,조흥,3,27,41800-4,77.38,경기 연천군,263,41800,5,,,"['2012-11-15', '2013-06-10', '2014-10-13', '2015-09-16', '2017-08-12', '2020-07-30', '2020-10-09', '2020-12-16', '2021-04-03', '2021-09-05', '2021-09-05', '2021-09-12', '2021-09-26', '2022-01-04', '2022-04-12', '2022-08-23', '2022-09-21', '2023-03-27']","['4500', '7000', '6000', '8500', '7900', '5700', '6000', '4500', '6000', '8500', '8500', '6250', '6100', '8000', '9100', '7500', '7500', '6500']","['2012-01', '2012-02', '2012-03', '2012-04', '2012-05', '2012-06', '2012-07', '2012-08', '2012-09', '2012-10', '2012-11', '2012-12', '2013-01', '2013-02', '2013-03', '2013-04', '2013-05', '2013-06', '2013-07', '2013-08', '2013-09', '2013-10', '2013-11', '2013-12', '2014-01', '2014-02', '2014-03', '2014-04', '2014-05', '2014-06', '2014-07', '2014-08', '2014-09', '2014-10', '2014-11', '2014-12', '2015-01', '2015-02', '2015-03', '2015-04', '2015-05', '2015-06', '2015-07', '2015-08', '2015-09', '2015-10', '2015-11', '2015-12', '2016-01', '2016-02', '2016-03', '2016-04', '2016-05', '2016-06', '2016-07', '2016-08', '2016-09', '2016-10', '2016-11', '2016-12', '2017-01', '2017-02', '2017-03', '2017-04', '2017-05', '2017-06', '2017-07', '2017-08', '2017-09', '2017-10', '2017-11', '2017-12', '2018-01', '2018-02', '2018-03', '2018-04', '2018-05', '2018-06', '2018-07', '2018-08', '2018-09', '2018-10', '2018-11', '2018-12', '2019-01', '2019-02', '2019-03', '2019-04', '2019-05', '2019-06', '2019-07', '2019-08', '2019-09', '2019-10', '2019-11', '2019-12', '2020-01', '2020-02', '2020-03', '2020-04', '2020-05', '2020-06', '2020-07', '2020-08', '2020-09', '2020-10', '2020-11', '2020-12', '2021-01', '2021-02', '2021-03', '2021-04', '2021-05', '2021-06', '2021-07', '2021-08', '2021-09', '2021-10', '2021-11', '2021-12', '2022-01', '2022-02', '2022-03', '2022-04', '2022-05', '2022-06', '2022-07', '2022-08', '2022-09', '2022-10', '2022-11', '2022-12', '2023-01', '2023-02', '2023-03', '2023-04']","[0, 0, 0, 0, 0, 0, 0, 0, 0, 0, 4500.0, 4500.0, 4500.0, 4500.0, 4500.0, 4500.0, 4500.0, 7000.0, 7000.0, 7000.0, 7000.0, 7000.0, 7000.0, 7000.0, 7000.0, 7000.0, 7000.0, 7000.0, 7000.0, 7000.0, 7000.0, 7000.0, 7000.0, 6000.0, 6000.0, 6000.0, 6000.0, 6000.0, 6000.0, 6000.0, 6000.0, 6000.0, 6000.0, 6000.0, 8500.0, 8500.0, 8500.0, 8500.0, 8500.0, 8500.0, 8500.0, 8500.0, 8500.0, 8500.0, 8500.0, 8500.0, 8500.0, 8500.0, 8500.0, 8500.0, 8500.0, 8500.0, 8500.0, 8500.0, 8500.0, 8500.0, 8500.0, 7900.0, 7900.0, 7900.0, 7900.0, 7900.0, 7900.0, 7900.0, 7900.0, 7900.0, 7900.0, 7900.0, 7900.0, 7900.0, 7900.0, 7900.0, 7900.0, 7900.0, 7900.0, 7900.0, 7900.0, 7900.0, 7900.0, 7900.0, 7900.0, 7900.0, 7900.0, 7900.0, 7900.0, 7900.0, 7900.0, 7900.0, 7900.0, 7900.0, 7900.0, 7900.0, 5700.0, 5700.0, 5700.0, 6000.0, 6000.0, 4500.0, 4500.0, 4500.0, 4500.0, 6000.0, 6000.0, 6000.0, 6000.0, 6000.0, 7337.5, 7337.5, 7337.5, 7337.5, 8000.0, 8000.0, 8000.0, 9100.0, 9100.0, 9100.0, 9100.0, 7500.0, 7500.0, 7500.0, 7500.0, 7500.0, 7500.0, 7500.0, 6500.0, 6500.0]","['2022-04-12', '9100']","['2020-12-16', '4500']",10496,38.02016,127.06923
10,"12,900",중개거래,2009,2023,선사로,00377,00000,41800,01,0,3215024,전곡읍 전곡리,0325,0010,41800,25321,1,샤인,3,28,41800-128,58.95,경기 연천군,325-10,41800,7,,,"['2012-08-01', '2012-09-05', '2014-12-17', '2015-02-12', '2015-04-06', '2016-01-28', '2019-10-22', '2021-01-14', '2021-12-13', '2023-03-28']","['9700', '12000', '10500', '10300', '9700', '10350', '10000', '9000', '12000', '12900']","['2012-01', '2012-02', '2012-03', '2012-04', '2012-05', '2012-06', '2012-07', '2012-08', '2012-09', '2012-10', '2012-11', '2012-12', '2013-01', '2013-02', '2013-03', '2013-04', '2013-05', '2013-06', '2013-07', '2013-08', '2013-09', '2013-10', '2013-11', '2013-12', '2014-01', '2014-02', '2014-03', '2014-04', '2014-05', '2014-06', '2014-07', '2014-08', '2014-09', '2014-10', '2014-11', '2014-12', '2015-01', '2015-02', '2015-03', '2015-04', '2015-05', '2015-06', '2015-07', '2015-08', '2015-09', '2015-10', '2015-11', '2015-12', '2016-01', '2016-02', '2016-03', '2016-04', '2016-05', '2016-06', '2016-07', '2016-08', '2016-09', '2016-10', '2016-11', '2016-12', '2017-01', '2017-02', '2017-03', '2017-04', '2017-05', '2017-06', '2017-07', '2017-08', '2017-09', '2017-10', '2017-11', '2017-12', '2018-01', '2018-02', '2018-03', '2018-04', '2018-05', '2018-06', '2018-07', '2018-08', '2018-09', '2018-10', '2018-11', '2018-12', '2019-01', '2019-02', '2019-03', '2019-04', '2019-05', '2019-06', '2019-07', '2019-08', '2019-09', '2019-10', '2019-11', '2019-12', '2020-01', '2020-02', '2020-03', '2020-04', '2020-05', '2020-06', '2020-07', '2020-08', '2020-09', '2020-10', '2020-11', '2020-12', '2021-01', '2021-02', '2021-03', '2021-04', '2021-05', '2021-06', '2021-07', '2021-08', '2021-09', '2021-10', '2021-11', '2021-12', '2022-01', '2022-02', '2022-03', '2022-04', '2022-05', '2022-06', '2022-07', '2022-08', '2022-09', '2022-10', '2022-11', '2022-12', '2023-01', '2023-02', '2023-03', '2023-04']","[0, 0, 0, 0, 0, 0, 0, 9700.0, 12000.0, 12000.0, 12000.0, 12000.0, 12000.0, 12000.0, 12000.0, 12000.0, 12000.0, 12000.0, 12000.0, 12000.0, 12000.0, 12000.0, 12000.0, 12000.0, 12000.0, 12000.0, 12000.0, 12000.0, 12000.0, 12000.0, 12000.0, 12000.0, 12000.0, 12000.0, 12000.0, 10500.0, 10500.0, 10300.0, 10300.0, 9700.0, 9700.0, 9700.0, 9700.0, 9700.0, 9700.0, 9700.0, 9700.0, 9700.0, 10350.0, 10350.0, 10350.0, 10350.0, 10350.0, 10350.0, 10350.0, 10350.0, 10350.0, 10350.0, 10350.0, 10350.0, 10350.0, 10350.0, 10350.0, 10350.0, 10350.0, 10350.0, 10350.0, 10350.0, 10350.0, 10350.0, 10350.0, 10350.0, 10350.0, 10350.0, 10350.0, 10350.0, 10350.0, 10350.0, 10350.0, 10350.0, 10350.0, 10350.0, 10350.0, 10350.0, 10350.0, 10350.0, 10350.0, 10350.0, 10350.0, 10350.0, 10350.0, 10350.0, 10350.0, 10000.0, 10000.0, 10000.0, 10000.0, 10000.0, 10000.0, 10000.0, 10000.0, 10000.0, 10000.0, 10000.0, 10000.0, 10000.0, 10000.0, 10000.0, 9000.0, 9000.0, 9000.0, 9000.0, 9000.0, 9000.0, 9000.0, 9000.0, 9000.0, 9000.0, 9000.0, 12000.0, 12000.0, 12000.0, 12000.0, 12000.0, 12000.0, 12000.0, 12000.0, 12000.0, 12000.0, 12000.0, 12000.0, 12000.0, 12000.0, 12000.0, 12900.0, 12900.0]","['2023-03-28', '12900']","['2021-01-14', '9000']",,,
11,"7,500",중개거래,2006,2023,청창로,00677,00000,41800,01,0,3215065,청산면 백의리,0050,0001,41800,32025,1,백의리아느칸빌,3,16,41800-120,59.3544,경기 연천군,50-1,41800,2,,,"['2013-04-16', '2013-04-23', '2014-04-11', '2014-08-21', '2014-08-26', '2014-09-01', '2014-09-01', '2014-09-01', '2014-09-01', '2014-09-01', '2015-03-16', '2015-06-03', '2015-06-30', '2015-12-29', '2016-07-04', '2016-08-09', '2016-10-25', '2018-07-23', '2018-10-02', '2019-04-15', '2019-07-02', '2019-10-02', '2019-12-05', '2020-11-07', '2021-05-06', '2021-06-23', '2021-10-09', '2021-10-27', '2021-10-31', '2021-12-03', '2021-12-27', '2021-12-27', '2022-01-03', '2022-01-03', '2022-01-18', '2022-02-07', '2022-04-04', '2022-04-04', '2022-04-04', '2022-04-04', '2022-04-04', '2022-04-04', '2022-04-04', '2022-04-04', '2022-04-04', '2022-08-01', '2022-08-17', '2022-09-27', '2022-10-13', '2023-01-26', '2023-03-16']","['6200', '7700', '7500', '7250', '7600', '6500', '6500', '6500', '6500', '6500', '7150', '7500', '7500', '7500', '7200', '7200', '7000', '6900', '7000', '7200', '5500', '6850', '6500', '6300', '6700', '7300', '6500', '7650', '7500', '8000', '8200', '8500', '8000', '8000', '8000', '7000', '7500', '6400', '6400', '7400', '6400', '6400', '6400', '6100', '7000', '6250', '6250', '6100', '7400', '6400', '7500']","['2012-01', '2012-02', '2012-03', '2012-04', '2012-05', '2012-06', '2012-07', '2012-08', '2012-09', '2012-10', '2012-11', '2012-12', '2013-01', '2013-02', '2013-03', '2013-04', '2013-05', '2013-06', '2013-07', '2013-08', '2013-09', '2013-10', '2013-11', '2013-12', '2014-01', '2014-02', '2014-03', '2014-04', '2014-05', '2014-06', '2014-07', '2014-08', '2014-09', '2014-10', '2014-11', '2014-12', '2015-01', '2015-02', '2015-03', '2015-04', '2015-05', '2015-06', '2015-07', '2015-08', '2015-09', '2015-10', '2015-11', '2015-12', '2016-01', '2016-02', '2016-03', '2016-04', '2016-05', '2016-06', '2016-07', '2016-08', '2016-09', '2016-10', '2016-11', '2016-12', '2017-01', '2017-02', '2017-03', '2017-04', '2017-05', '2017-06', '2017-07', '2017-08', '2017-09', '2017-10', '2017-11', '2017-12', '2018-01', '2018-02', '2018-03', '2018-04', '2018-05', '2018-06', '2018-07', '2018-08', '2018-09', '2018-10', '2018-11', '2018-12', '2019-01', '2019-02', '2019-03', '2019-04', '2019-05', '2019-06', '2019-07', '2019-08', '2019-09', '2019-10', '2019-11', '2019-12', '2020-01', '2020-02', '2020-03', '2020-04', '2020-05', '2020-06', '2020-07', '2020-08', '2020-09', '2020-10', '2020-11', '2020-12', '2021-01', '2021-02', '2021-03', '2021-04', '2021-05', '2021-06', '2021-07', '2021-08', '2021-09', '2021-10', '2021-11', '2021-12', '2022-01', '2022-02', '2022-03', '2022-04', '2022-05', '2022-06', '2022-07', '2022-08', '2022-09', '2022-10', '2022-11', '2022-12', '2023-01', '2023-02', '2023-03', '2023-04']","[0, 0, 0, 0, 0, 0, 0, 0, 0, 0, 0, 0, 0, 0, 0, 6950.0, 6950.0, 6950.0, 6950.0, 6950.0, 6950.0, 6950.0, 6950.0, 6950.0, 6950.0, 6950.0, 6950.0, 7500.0, 7500.0, 7500.0, 7500.0, 7425.0, 6500.0, 6500.0, 6500.0, 6500.0, 6500.0, 6500.0, 7150.0, 7150.0, 7150.0, 7500.0, 7500.0, 7500.0, 7500.0, 7500.0, 7500.0, 7500.0, 7500.0, 7500.0, 7500.0, 7500.0, 7500.0, 7500.0, 7200.0, 7200.0, 7200.0, 7000.0, 7000.0, 7000.0, 7000.0, 7000.0, 7000.0, 7000.0, 7000.0, 7000.0, 7000.0, 7000.0, 7000.0, 7000.0, 7000.0, 7000.0, 7000.0, 7000.0, 7000.0, 7000.0, 7000.0, 7000.0, 6900.0, 6900.0, 6900.0, 7000.0, 7000.0, 7000.0, 7000.0, 7000.0, 7000.0, 7200.0, 7200.0, 7200.0, 5500.0, 5500.0, 5500.0, 6850.0, 6850.0, 6500.0, 6500.0, 6500.0, 6500.0, 6500.0, 6500.0, 6500.0, 6500.0, 6500.0, 6500.0, 6500.0, 6300.0, 6300.0, 6300.0, 6300.0, 6300.0, 6300.0, 6700.0, 7300.0, 7300.0, 7300.0, 7300.0, 7216.666666666667, 7216.666666666667, 8233.333333333334, 8000.0, 7000.0, 7000.0, 6666.666666666667, 6666.666666666667, 6666.666666666667, 6666.666666666667, 6250.0, 6100.0, 7400.0, 7400.0, 7400.0, 6400.0, 6400.0, 7500.0, 7500.0]","['2021-12-27', '8500']","['2019-07-02', '5500']",105079,38.023492,127.131148
12,"11,500",중개거래,2006,2023,청창로,00677,00000,41800,01,0,3215065,청산면 백의리,0050,0001,41800,32025,1,백의리아느칸빌,3,23,41800-120,84.9251,경기 연천군,50-1,41800,3,,,"['2017-02-06', '2017-11-01', '2017-11-01', '2017-11-01', '2017-11-01', '2018-11-26', '2019-10-11', '2020-09-18', '2020-11-16', '2020-11-16', '2020-11-16', '2021-03-06', '2021-05-23', '2021-10-08', '2022-05-12', '2023-03-23']","['10500', '9000', '9000', '9000', '9000', '9000', '8000', '9000', '8800', '8800', '8800', '10800', '10500', '10000', '11300', '11500']","['2012-01', '2012-02', '2012-03', '2012-04', '2012-05', '2012-06', '2012-07', '2012-08', '2012-09', '2012-10', '2012-11', '2012-12', '2013-01', '2013-02', '2013-03', '2013-04', '2013-05', '2013-06', '2013-07', '2013-08', '2013-09', '2013-10', '2013-11', '2013-12', '2014-01', '2014-02', '2014-03', '2014-04', '2014-05', '2014-06', '2014-07', '2014-08', '2014-09', '2014-10', '2014-11', '2014-12', '2015-01', '2015-02', '2015-03', '2015-04', '2015-05', '2015-06', '2015-07', '2015-08', '2015-09', '2015-10', '2015-11', '2015-12', '2016-01', '2016-02', '2016-03', '2016-04', '2016-05', '2016-06', '2016-07', '2016-08', '2016-09', '2016-10', '2016-11', '2016-12', '2017-01', '2017-02', '2017-03', '2017-04', '2017-05', '2017-06', '2017-07', '2017-08', '2017-09', '2017-10', '2017-11', '2017-12', '2018-01', '2018-02', '2018-03', '2018-04', '2018-05', '2018-06', '2018-07', '2018-08', '2018-09', '2018-10', '2018-11', '2018-12', '2019-01', '2019-02', '2019-03', '2019-04', '2019-05', '2019-06', '2019-07', '2019-08', '2019-09', '2019-10', '2019-11', '2019-12', '2020-01', '2020-02', '2020-03', '2020-04', '2020-05', '2020-06', '2020-07', '2020-08', '2020-09', '2020-10', '2020-11', '2020-12', '2021-01', '2021-02', '2021-03', '2021-04', '2021-05', '2021-06', '2021-07', '2021-08', '2021-09', '2021-10', '2021-11', '2021-12', '2022-01', '2022-02', '2022-03', '2022-04', '2022-05', '2022-06', '2022-07', '2022-08', '2022-09', '2022-10', '2022-11', '2022-12', '2023-01', '2023-02', '2023-03', '2023-04']","[0, 0, 0, 0, 0, 0, 0, 0, 0, 0, 0, 0, 0, 0, 0, 0, 0, 0, 0, 0, 0, 0, 0, 0, 0, 0, 0, 0, 0, 0, 0, 0, 0, 0, 0, 0, 0, 0, 0, 0, 0, 0, 0, 0, 0, 0, 0, 0, 0, 0, 0, 0, 0, 0, 0, 0, 0, 0, 0, 0, 0, 10500.0, 10500.0, 10500.0, 10500.0, 10500.0, 10500.0, 10500.0, 10500.0, 10500.0, 9000.0, 9000.0, 9000.0, 9000.0, 9000.0, 9000.0, 9000.0, 9000.0, 9000.0, 9000.0, 9000.0, 9000.0, 9000.0, 9000.0, 9000.0, 9000.0, 9000.0, 9000.0, 9000.0, 9000.0, 9000.0, 9000.0, 9000.0, 8000.0, 8000.0, 8000.0, 8000.0, 8000.0, 8000.0, 8000.0, 8000.0, 8000.0, 8000.0, 8000.0, 9000.0, 9000.0, 8800.0, 8800.0, 8800.0, 8800.0, 10800.0, 10800.0, 10500.0, 10500.0, 10500.0, 10500.0, 10500.0, 10000.0, 10000.0, 10000.0, 10000.0, 10000.0, 10000.0, 10000.0, 11300.0, 11300.0, 11300.0, 11300.0, 11300.0, 11300.0, 11300.0, 11300.0, 11300.0, 11300.0, 11500.0, 11500.0]","['2023-03-23', '11500']","['2019-10-11', '8000']",105079,38.023492,127.131148
13,"7,450",중개거래,2006,2023,청창로,00677,00000,41800,01,0,3215065,청산면 백의리,0050,0001,41800,32025,1,백의리아느칸빌,3,31,41800-120,59.3544,경기 연천군,50-1,41800,4,,,"['2013-04-16', '2013-04-23', '2014-04-11', '2014-08-21', '2014-08-26', '2014-09-01', '2014-09-01', '2014-09-01', '2014-09-01', '2014-09-01', '2015-03-16', '2015-06-03', '2015-06-30', '2015-12-29', '2016-07-04', '2016-08-09', '2016-10-25', '2018-07-23', '2018-10-02', '2019-04-15', '2019-07-02', '2019-10-02', '2019-12-05', '2020-11-07', '2021-05-06', '2021-06-23', '2021-10-09', '2021-10-27', '2021-10-31', '2021-12-03', '2021-12-27', '2021-12-27', '2022-01-03', '2022-01-03', '2022-01-18', '2022-02-07', '2022-04-04', '2022-04-04', '2022-04-04', '2022-04-04', '2022-04-04', '2022-04-04', '2022-04-04', '2022-04-04', '2022-04-04', '2022-08-01', '2022-08-17', '2022-09-27', '2022-10-13', '2023-01-26', '2023-03-16']","['6200', '7700', '7500', '7250', '7600', '6500', '6500', '6500', '6500', '6500', '7150', '7500', '7500', '7500', '7200', '7200', '7000', '6900', '7000', '7200', '5500', '6850', '6500', '6300', '6700', '7300', '6500', '7650', '7500', '8000', '8200', '8500', '8000', '8000', '8000', '7000', '7500', '6400', '6400', '7400', '6400', '6400', '6400', '6100', '7000', '6250', '6250', '6100', '7400', '6400', '7500']","['2012-01', '2012-02', '2012-03', '2012-04', '2012-05', '2012-06', '2012-07', '2012-08', '2012-09', '2012-10', '2012-11', '2012-12', '2013-01', '2013-02', '2013-03', '2013-04', '2013-05', '2013-06', '2013-07', '2013-08', '2013-09', '2013-10', '2013-11', '2013-12', '2014-01', '2014-02', '2014-03', '2014-04', '2014-05', '2014-06', '2014-07', '2014-08', '2014-09', '2014-10', '2014-11', '2014-12', '2015-01', '2015-02', '2015-03', '2015-04', '2015-05', '2015-06', '2015-07', '2015-08', '2015-09', '2015-10', '2015-11', '2015-12', '2016-01', '2016-02', '2016-03', '2016-04', '2016-05', '2016-06', '2016-07', '2016-08', '2016-09', '2016-10', '2016-11', '2016-12', '2017-01', '2017-02', '2017-03', '2017-04', '2017-05', '2017-06', '2017-07', '2017-08', '2017-09', '2017-10', '2017-11', '2017-12', '2018-01', '2018-02', '2018-03', '2018-04', '2018-05', '2018-06', '2018-07', '2018-08', '2018-09', '2018-10', '2018-11', '2018-12', '2019-01', '2019-02', '2019-03', '2019-04', '2019-05', '2019-06', '2019-07', '2019-08', '2019-09', '2019-10', '2019-11', '2019-12', '2020-01', '2020-02', '2020-03', '2020-04', '2020-05', '2020-06', '2020-07', '2020-08', '2020-09', '2020-10', '2020-11', '2020-12', '2021-01', '2021-02', '2021-03', '2021-04', '2021-05', '2021-06', '2021-07', '2021-08', '2021-09', '2021-10', '2021-11', '2021-12', '2022-01', '2022-02', '2022-03', '2022-04', '2022-05', '2022-06', '2022-07', '2022-08', '2022-09', '2022-10', '2022-11', '2022-12', '2023-01', '2023-02', '2023-03', '2023-04']","[0, 0, 0, 0, 0, 0, 0, 0, 0, 0, 0, 0, 0, 0, 0, 6950.0, 6950.0, 6950.0, 6950.0, 6950.0, 6950.0, 6950.0, 6950.0, 6950.0, 6950.0, 6950.0, 6950.0, 7500.0, 7500.0, 7500.0, 7500.0, 7425.0, 6500.0, 6500.0, 6500.0, 6500.0, 6500.0, 6500.0, 7150.0, 7150.0, 7150.0, 7500.0, 7500.0, 7500.0, 7500.0, 7500.0, 7500.0, 7500.0, 7500.0, 7500.0, 7500.0, 7500.0, 7500.0, 7500.0, 7200.0, 7200.0, 7200.0, 7000.0, 7000.0, 7000.0, 7000.0, 7000.0, 7000.0, 7000.0, 7000.0, 7000.0, 7000.0, 7000.0, 7000.0, 7000.0, 7000.0, 7000.0, 7000.0, 7000.0, 7000.0, 7000.0, 7000.0, 7000.0, 6900.0, 6900.0, 6900.0, 7000.0, 7000.0, 7000.0, 7000.0, 7000.0, 7000.0, 7200.0, 7200.0, 7200.0, 5500.0, 5500.0, 5500.0, 6850.0, 6850.0, 6500.0, 6500.0, 6500.0, 6500.0, 6500.0, 6500.0, 6500.0, 6500.0, 6500.0, 6500.0, 6500.0, 6300.0, 6300.0, 6300.0, 6300.0, 6300.0, 6300.0, 6700.0, 7300.0, 7300.0, 7300.0, 7300.0, 7216.666666666667, 7216.666666666667, 8233.333333333334, 8000.0, 7000.0, 7000.0, 6666.666666666667, 6666.666666666667, 6666.666666666667, 6666.666666666667, 6250.0, 6100.0, 7400.0, 7400.0, 7400.0, 6400.0, 6400.0, 7500.0, 7500.0]","['2021-12-27', '8500']","['2019-07-02', '5500']",105079,38.023492,127.131148
