,거래금액,거래유형,건축년도,년,도로명,도로명건물본번호코드,도로명건물부번호코드,도로명시군구코드,도로명일련번호코드,도로명지상지하코드,도로명코드,법정동,법정동본번코드,법정동부번코드,법정동시군구코드,법정동읍면동코드,법정동지번코드,아파트,월,일,일련번호,전용면적,중개사소재지,지번,지역코드,층,해제사유발생일,해제여부
0,"16,300",,2004,2012,고리섬들길,00092,00000,44790,01,0,4583017,청양읍 읍내리,0371,0006,44790,25021,1,디엠에이스빌,1,12,44790-5,84.9153,,371-6,44790,11,,
0,"7,000",,2000,2012,청산로,00035,00000,44790,01,0,3261017,청양읍 읍내리,0376,0011,44790,25021,1,장안,2,7,44790-7,59.67,,376-11,44790,4,,
1,"8,100",,1997,2012,중앙로,00080,00001,44790,01,0,3261022,청양읍 읍내리,0376,0008,44790,25021,1,세아,2,27,44790-2,59.67,,376-8,44790,7,,
0,"6,500",,2002,2012,고리섬들길,00068,00008,44790,01,0,4583017,청양읍 읍내리,0306,0000,44790,25021,1,주공1단지,3,5,44790-6,36.44,,306,44790,7,,
1,"7,000",,2002,2012,고리섬들길,00068,00008,44790,01,0,4583017,청양읍 읍내리,0306,0000,44790,25021,1,주공1단지,3,9,44790-6,59.64,,306,44790,14,,
2,"8,150",,1997,2012,중앙로,00080,00001,44790,01,0,3261022,청양읍 읍내리,0376,0008,44790,25021,1,세아,3,16,44790-2,59.67,,376-8,44790,11,,
3,"7,000",,2000,2012,청산로,00035,00000,44790,01,0,3261017,청양읍 읍내리,0376,0011,44790,25021,1,장안,3,27,44790-7,59.67,,376-11,44790,2,,
4,"17,000",,2004,2012,고리섬들길,00092,00000,44790,01,0,4583017,청양읍 읍내리,0371,0006,44790,25021,1,디엠에이스빌,3,29,44790-5,84.9153,,371-6,44790,12,,
0,"8,500",,2000,2012,청산로,00035,00000,44790,01,0,3261017,청양읍 읍내리,0376,0011,44790,25021,1,장안,5,1,44790-7,59.67,,376-11,44790,9,,
1,"10,000",,1996,2012,청산로,00029,00000,44790,01,0,3261017,청양읍 읍내리,0377,0005,44790,25021,1,천강,5,2,44790-4,84.906,,377-5,44790,10,,
2,"8,800",,2000,2012,청산로,00035,00000,44790,01,0,3261017,청양읍 읍내리,0376,0011,44790,25021,1,장안,5,9,44790-7,59.67,,376-11,44790,7,,
3,"6,500",,2000,2012,청산로,00035,00000,44790,01,0,3261017,청양읍 읍내리,0376,0011,44790,25021,1,장안,5,14,44790-7,49.95,,376-11,44790,5,,
4,"3,300",,2000,2012,청산로,00035,00000,44790,01,0,3261017,청양읍 읍내리,0376,0011,44790,25021,1,장안,5,30,44790-7,29.7,,376-11,44790,8,,
5,"10,000",,1997,2012,중앙로,00080,00001,44790,01,0,3261022,청양읍 읍내리,0376,0008,44790,25021,1,세아,5,31,44790-2,84.9,,376-8,44790,1,,
0,"7,000",,1996,2012,청산로,00029,00000,44790,01,0,3261017,청양읍 읍내리,0377,0005,44790,25021,1,천강,6,4,44790-4,59.4,,377-5,44790,3,,
1,"9,100",,2000,2012,청산로,00035,00000,44790,01,0,3261017,청양읍 읍내리,0376,0011,44790,25021,1,장안,6,5,44790-7,59.67,,376-11,44790,7,,
2,"7,800",,2000,2012,청산로,00035,00000,44790,01,0,3261017,청양읍 읍내리,0376,0011,44790,25021,1,장안,6,16,44790-7,59.67,,376-11,44790,15,,
3,"5,400",,2000,2012,청산로,00035,00000,44790,01,0,3261017,청양읍 읍내리,0376,0011,44790,25021,1,장안,6,21,44790-7,59.67,,376-11,44790,15,,
4,"8,700",,1997,2012,중앙로,00080,00001,44790,01,0,3261022,청양읍 읍내리,0376,0008,44790,25021,1,세아,6,27,44790-2,59.67,,376-8,44790,7,,
0,"5,800",,2002,2012,고리섬들길,00068,00008,44790,01,0,4583017,청양읍 읍내리,0306,0000,44790,25021,1,주공1단지,7,2,44790-6,36.44,,306,44790,6,,
1,"5,300",,2000,2012,청산로,00035,00000,44790,01,0,3261017,청양읍 읍내리,0376,0011,44790,25021,1,장안,7,11,44790-7,59.67,,376-11,44790,1,,
2,"17,450",,2012,2012,중앙로,00035,00000,44790,01,0,3261022,청양읍 벽천리,0273,0000,44790,25024,1,필로스캐슬,7,13,44790-65,84.9122,,273,44790,1,,
0,"8,200",,1996,2012,청산로,00029,00000,44790,01,0,3261017,청양읍 읍내리,0377,0005,44790,25021,1,천강,8,9,44790-4,59.4,,377-5,44790,3,,
1,"8,300",,1997,2012,중앙로,00080,00001,44790,01,0,3261022,청양읍 읍내리,0376,0008,44790,25021,1,세아,8,13,44790-2,59.67,,376-8,44790,3,,
2,"12,000",,2002,2012,고리섬들길,00068,00008,44790,01,0,4583017,청양읍 읍내리,0306,0000,44790,25021,1,주공1단지,8,20,44790-6,59.64,,306,44790,4,,
3,"8,000",,2002,2012,고리섬들길,00068,00008,44790,01,0,4583017,청양읍 읍내리,0306,0000,44790,25021,1,주공1단지,8,21,44790-6,49.8,,306,44790,4,,
4,"8,500",,1997,2012,중앙로,00080,00001,44790,01,0,3261022,청양읍 읍내리,0376,0008,44790,25021,1,세아,8,22,44790-2,59.67,,376-8,44790,9,,
5,"6,600",,1997,2012,중앙로,00080,00001,44790,01,0,3261022,청양읍 읍내리,0376,0008,44790,25021,1,세아,8,27,44790-2,49.98,,376-8,44790,4,,
6,"14,500",,2004,2012,고리섬들길,00092,00000,44790,01,0,4583017,청양읍 읍내리,0371,0006,44790,25021,1,디엠에이스빌,8,27,44790-5,84.9153,,371-6,44790,2,,
7,"8,750",,2000,2012,청산로,00035,00000,44790,01,0,3261017,청양읍 읍내리,0376,0011,44790,25021,1,장안,8,30,44790-7,59.67,,376-11,44790,7,,
0,"12,300",,2002,2012,고리섬들길,00068,00008,44790,01,0,4583017,청양읍 읍내리,0306,0000,44790,25021,1,주공1단지,9,5,44790-6,59.64,,306,44790,7,,
1,"7,920",,2000,2012,청산로,00035,00000,44790,01,0,3261017,청양읍 읍내리,0376,0011,44790,25021,1,장안,9,13,44790-7,59.67,,376-11,44790,5,,
2,"4,989",,2000,2012,청산로,00035,00000,44790,01,0,3261017,청양읍 읍내리,0376,0011,44790,25021,1,장안,9,14,44790-7,49.95,,376-11,44790,10,,
3,"2,697",,2000,2012,청산로,00035,00000,44790,01,0,3261017,청양읍 읍내리,0376,0011,44790,25021,1,장안,9,14,44790-7,29.7,,376-11,44790,7,,
4,"2,697",,2000,2012,청산로,00035,00000,44790,01,0,3261017,청양읍 읍내리,0376,0011,44790,25021,1,장안,9,14,44790-7,29.7,,376-11,44790,7,,
5,"2,697",,2000,2012,청산로,00035,00000,44790,01,0,3261017,청양읍 읍내리,0376,0011,44790,25021,1,장안,9,14,44790-7,29.7,,376-11,44790,6,,
6,"2,697",,2000,2012,청산로,00035,00000,44790,01,0,3261017,청양읍 읍내리,0376,0011,44790,25021,1,장안,9,14,44790-7,29.7,,376-11,44790,5,,
7,"2,697",,2000,2012,청산로,00035,00000,44790,01,0,3261017,청양읍 읍내리,0376,0011,44790,25021,1,장안,9,14,44790-7,29.7,,376-11,44790,4,,
8,"6,618",,2000,2012,청산로,00035,00000,44790,01,0,3261017,청양읍 읍내리,0376,0011,44790,25021,1,장안,9,14,44790-7,59.67,,376-11,44790,4,,
9,"2,553",,2000,2012,청산로,00035,00000,44790,01,0,3261017,청양읍 읍내리,0376,0011,44790,25021,1,장안,9,14,44790-7,29.7,,376-11,44790,15,,
10,"2,697",,2000,2012,청산로,00035,00000,44790,01,0,3261017,청양읍 읍내리,0376,0011,44790,25021,1,장안,9,14,44790-7,29.7,,376-11,44790,13,,
11,"2,697",,2000,2012,청산로,00035,00000,44790,01,0,3261017,청양읍 읍내리,0376,0011,44790,25021,1,장안,9,14,44790-7,29.7,,376-11,44790,12,,
12,"2,697",,2000,2012,청산로,00035,00000,44790,01,0,3261017,청양읍 읍내리,0376,0011,44790,25021,1,장안,9,14,44790-7,29.7,,376-11,44790,11,,
13,"2,553",,2000,2012,청산로,00035,00000,44790,01,0,3261017,청양읍 읍내리,0376,0011,44790,25021,1,장안,9,14,44790-7,29.7,,376-11,44790,1,,
14,"4,989",,2000,2012,청산로,00035,00000,44790,01,0,3261017,청양읍 읍내리,0376,0011,44790,25021,1,장안,9,14,44790-7,49.95,,376-11,44790,9,,
15,"4,989",,2000,2012,청산로,00035,00000,44790,01,0,3261017,청양읍 읍내리,0376,0011,44790,25021,1,장안,9,14,44790-7,49.95,,376-11,44790,9,,
16,"4,989",,2000,2012,청산로,00035,00000,44790,01,0,3261017,청양읍 읍내리,0376,0011,44790,25021,1,장안,9,14,44790-7,49.95,,376-11,44790,9,,
17,"4,989",,2000,2012,청산로,00035,00000,44790,01,0,3261017,청양읍 읍내리,0376,0011,44790,25021,1,장안,9,14,44790-7,49.95,,376-11,44790,10,,
18,"4,989",,2000,2012,청산로,00035,00000,44790,01,0,3261017,청양읍 읍내리,0376,0011,44790,25021,1,장안,9,14,44790-7,49.95,,376-11,44790,10,,
19,"4,989",,2000,2012,청산로,00035,00000,44790,01,0,3261017,청양읍 읍내리,0376,0011,44790,25021,1,장안,9,14,44790-7,49.95,,376-11,44790,10,,
20,"4,989",,2000,2012,청산로,00035,00000,44790,01,0,3261017,청양읍 읍내리,0376,0011,44790,25021,1,장안,9,14,44790-7,49.95,,376-11,44790,10,,
21,"4,809",,2000,2012,청산로,00035,00000,44790,01,0,3261017,청양읍 읍내리,0376,0011,44790,25021,1,장안,9,14,44790-7,49.95,,376-11,44790,1,,
22,"4,809",,2000,2012,청산로,00035,00000,44790,01,0,3261017,청양읍 읍내리,0376,0011,44790,25021,1,장안,9,14,44790-7,49.95,,376-11,44790,1,,
23,"4,809",,2000,2012,청산로,00035,00000,44790,01,0,3261017,청양읍 읍내리,0376,0011,44790,25021,1,장안,9,14,44790-7,49.95,,376-11,44790,1,,
24,"4,809",,2000,2012,청산로,00035,00000,44790,01,0,3261017,청양읍 읍내리,0376,0011,44790,25021,1,장안,9,14,44790-7,49.95,,376-11,44790,1,,
25,"4,809",,2000,2012,청산로,00035,00000,44790,01,0,3261017,청양읍 읍내리,0376,0011,44790,25021,1,장안,9,14,44790-7,49.95,,376-11,44790,1,,
26,"4,809",,2000,2012,청산로,00035,00000,44790,01,0,3261017,청양읍 읍내리,0376,0011,44790,25021,1,장안,9,14,44790-7,49.95,,376-11,44790,1,,
27,"4,809",,2000,2012,청산로,00035,00000,44790,01,0,3261017,청양읍 읍내리,0376,0011,44790,25021,1,장안,9,14,44790-7,49.95,,376-11,44790,1,,
28,"4,989",,2000,2012,청산로,00035,00000,44790,01,0,3261017,청양읍 읍내리,0376,0011,44790,25021,1,장안,9,14,44790-7,49.95,,376-11,44790,11,,
29,"4,989",,2000,2012,청산로,00035,00000,44790,01,0,3261017,청양읍 읍내리,0376,0011,44790,25021,1,장안,9,14,44790-7,49.95,,376-11,44790,11,,
30,"4,989",,2000,2012,청산로,00035,00000,44790,01,0,3261017,청양읍 읍내리,0376,0011,44790,25021,1,장안,9,14,44790-7,49.95,,376-11,44790,11,,
31,"4,989",,2000,2012,청산로,00035,00000,44790,01,0,3261017,청양읍 읍내리,0376,0011,44790,25021,1,장안,9,14,44790-7,49.95,,376-11,44790,11,,
32,"4,989",,2000,2012,청산로,00035,00000,44790,01,0,3261017,청양읍 읍내리,0376,0011,44790,25021,1,장안,9,14,44790-7,49.95,,376-11,44790,11,,
33,"4,989",,2000,2012,청산로,00035,00000,44790,01,0,3261017,청양읍 읍내리,0376,0011,44790,25021,1,장안,9,14,44790-7,49.95,,376-11,44790,11,,
34,"4,989",,2000,2012,청산로,00035,00000,44790,01,0,3261017,청양읍 읍내리,0376,0011,44790,25021,1,장안,9,14,44790-7,49.95,,376-11,44790,12,,
35,"4,989",,2000,2012,청산로,00035,00000,44790,01,0,3261017,청양읍 읍내리,0376,0011,44790,25021,1,장안,9,14,44790-7,49.95,,376-11,44790,12,,
36,"4,989",,2000,2012,청산로,00035,00000,44790,01,0,3261017,청양읍 읍내리,0376,0011,44790,25021,1,장안,9,14,44790-7,49.95,,376-11,44790,12,,
37,"4,989",,2000,2012,청산로,00035,00000,44790,01,0,3261017,청양읍 읍내리,0376,0011,44790,25021,1,장안,9,14,44790-7,49.95,,376-11,44790,12,,
38,"4,989",,2000,2012,청산로,00035,00000,44790,01,0,3261017,청양읍 읍내리,0376,0011,44790,25021,1,장안,9,14,44790-7,49.95,,376-11,44790,13,,
39,"4,989",,2000,2012,청산로,00035,00000,44790,01,0,3261017,청양읍 읍내리,0376,0011,44790,25021,1,장안,9,14,44790-7,49.95,,376-11,44790,13,,
40,"4,989",,2000,2012,청산로,00035,00000,44790,01,0,3261017,청양읍 읍내리,0376,0011,44790,25021,1,장안,9,14,44790-7,49.95,,376-11,44790,13,,
41,"4,989",,2000,2012,청산로,00035,00000,44790,01,0,3261017,청양읍 읍내리,0376,0011,44790,25021,1,장안,9,14,44790-7,49.95,,376-11,44790,14,,
42,"4,989",,2000,2012,청산로,00035,00000,44790,01,0,3261017,청양읍 읍내리,0376,0011,44790,25021,1,장안,9,14,44790-7,49.95,,376-11,44790,14,,
43,"4,989",,2000,2012,청산로,00035,00000,44790,01,0,3261017,청양읍 읍내리,0376,0011,44790,25021,1,장안,9,14,44790-7,49.95,,376-11,44790,14,,
44,"4,809",,2000,2012,청산로,00035,00000,44790,01,0,3261017,청양읍 읍내리,0376,0011,44790,25021,1,장안,9,14,44790-7,49.95,,376-11,44790,15,,
45,"4,809",,2000,2012,청산로,00035,00000,44790,01,0,3261017,청양읍 읍내리,0376,0011,44790,25021,1,장안,9,14,44790-7,49.95,,376-11,44790,15,,
46,"4,809",,2000,2012,청산로,00035,00000,44790,01,0,3261017,청양읍 읍내리,0376,0011,44790,25021,1,장안,9,14,44790-7,49.95,,376-11,44790,15,,
47,"4,809",,2000,2012,청산로,00035,00000,44790,01,0,3261017,청양읍 읍내리,0376,0011,44790,25021,1,장안,9,14,44790-7,49.95,,376-11,44790,15,,
48,"4,989",,2000,2012,청산로,00035,00000,44790,01,0,3261017,청양읍 읍내리,0376,0011,44790,25021,1,장안,9,14,44790-7,49.95,,376-11,44790,2,,
49,"4,989",,2000,2012,청산로,00035,00000,44790,01,0,3261017,청양읍 읍내리,0376,0011,44790,25021,1,장안,9,14,44790-7,49.95,,376-11,44790,2,,
50,"4,989",,2000,2012,청산로,00035,00000,44790,01,0,3261017,청양읍 읍내리,0376,0011,44790,25021,1,장안,9,14,44790-7,49.95,,376-11,44790,3,,
51,"4,989",,2000,2012,청산로,00035,00000,44790,01,0,3261017,청양읍 읍내리,0376,0011,44790,25021,1,장안,9,14,44790-7,49.95,,376-11,44790,3,,
52,"4,989",,2000,2012,청산로,00035,00000,44790,01,0,3261017,청양읍 읍내리,0376,0011,44790,25021,1,장안,9,14,44790-7,49.95,,376-11,44790,4,,
53,"4,989",,2000,2012,청산로,00035,00000,44790,01,0,3261017,청양읍 읍내리,0376,0011,44790,25021,1,장안,9,14,44790-7,49.95,,376-11,44790,4,,
54,"4,989",,2000,2012,청산로,00035,00000,44790,01,0,3261017,청양읍 읍내리,0376,0011,44790,25021,1,장안,9,14,44790-7,49.95,,376-11,44790,4,,
55,"4,989",,2000,2012,청산로,00035,00000,44790,01,0,3261017,청양읍 읍내리,0376,0011,44790,25021,1,장안,9,14,44790-7,49.95,,376-11,44790,4,,
56,"4,989",,2000,2012,청산로,00035,00000,44790,01,0,3261017,청양읍 읍내리,0376,0011,44790,25021,1,장안,9,14,44790-7,49.95,,376-11,44790,4,,
57,"4,989",,2000,2012,청산로,00035,00000,44790,01,0,3261017,청양읍 읍내리,0376,0011,44790,25021,1,장안,9,14,44790-7,49.95,,376-11,44790,5,,
58,"4,989",,2000,2012,청산로,00035,00000,44790,01,0,3261017,청양읍 읍내리,0376,0011,44790,25021,1,장안,9,14,44790-7,49.95,,376-11,44790,5,,
59,"4,989",,2000,2012,청산로,00035,00000,44790,01,0,3261017,청양읍 읍내리,0376,0011,44790,25021,1,장안,9,14,44790-7,49.95,,376-11,44790,6,,
60,"4,989",,2000,2012,청산로,00035,00000,44790,01,0,3261017,청양읍 읍내리,0376,0011,44790,25021,1,장안,9,14,44790-7,49.95,,376-11,44790,7,,
61,"4,989",,2000,2012,청산로,00035,00000,44790,01,0,3261017,청양읍 읍내리,0376,0011,44790,25021,1,장안,9,14,44790-7,49.95,,376-11,44790,7,,
62,"4,989",,2000,2012,청산로,00035,00000,44790,01,0,3261017,청양읍 읍내리,0376,0011,44790,25021,1,장안,9,14,44790-7,49.95,,376-11,44790,7,,
63,"4,989",,2000,2012,청산로,00035,00000,44790,01,0,3261017,청양읍 읍내리,0376,0011,44790,25021,1,장안,9,14,44790-7,49.95,,376-11,44790,8,,
64,"4,989",,2000,2012,청산로,00035,00000,44790,01,0,3261017,청양읍 읍내리,0376,0011,44790,25021,1,장안,9,14,44790-7,49.95,,376-11,44790,8,,
65,"6,800",,2000,2012,청산로,00035,00000,44790,01,0,3261017,청양읍 읍내리,0376,0011,44790,25021,1,장안,9,27,44790-7,49.95,,376-11,44790,8,,
0,"6,500",,2000,2012,청산로,00035,00000,44790,01,0,3261017,청양읍 읍내리,0376,0011,44790,25021,1,장안,10,18,44790-7,49.95,,376-11,44790,2,,
1,"8,750",,2000,2012,청산로,00035,00000,44790,01,0,3261017,청양읍 읍내리,0376,0011,44790,25021,1,장안,10,21,44790-7,59.67,,376-11,44790,14,,
0,"8,600",,2000,2012,청산로,00035,00000,44790,01,0,3261017,청양읍 읍내리,0376,0011,44790,25021,1,장안,11,15,44790-7,59.67,,376-11,44790,10,,
1,"6,400",,2002,2012,고리섬들길,00068,00008,44790,01,0,4583017,청양읍 읍내리,0306,0000,44790,25021,1,주공1단지,11,25,44790-6,36.44,,306,44790,5,,
2,"9,250",,2000,2012,청산로,00035,00000,44790,01,0,3261017,청양읍 읍내리,0376,0011,44790,25021,1,장안,11,29,44790-7,59.67,,376-11,44790,10,,
3,"13,000",,2004,2012,고리섬들길,00092,00000,44790,01,0,4583017,청양읍 읍내리,0371,0006,44790,25021,1,디엠에이스빌,11,30,44790-5,84.9153,,371-6,44790,2,,
0,"13,200",,2002,2012,고리섬들길,00068,00008,44790,01,0,4583017,청양읍 읍내리,0306,0000,44790,25021,1,주공1단지,12,4,44790-6,59.64,,306,44790,4,,
1,"8,800",,2000,2012,청산로,00035,00000,44790,01,0,3261017,청양읍 읍내리,0376,0011,44790,25021,1,장안,12,10,44790-7,59.67,,376-11,44790,11,,
2,"13,200",,1996,2012,청산로,00029,00000,44790,01,0,3261017,청양읍 읍내리,0377,0005,44790,25021,1,천강,12,20,44790-4,84.906,,377-5,44790,9,,
3,"8,600",,2000,2012,청산로,00035,00000,44790,01,0,3261017,청양읍 읍내리,0376,0011,44790,25021,1,장안,12,21,44790-7,59.67,,376-11,44790,4,,
4,"6,000",,1997,2012,중앙로,00080,00001,44790,01,0,3261022,청양읍 읍내리,0376,0008,44790,25021,1,세아,12,24,44790-2,49.98,,376-8,44790,11,,
0,"6,800",,2000,2013,청산로,00035,00000,44790,01,0,3261017,청양읍 읍내리,0376,0011,44790,25021,1,장안,1,12,44790-7,49.95,,376-11,44790,14,,
1,"8,300",,1996,2013,청산로,00029,00000,44790,01,0,3261017,청양읍 읍내리,0377,0005,44790,25021,1,천강,1,14,44790-4,59.4,,377-5,44790,9,,
2,"7,000",,1992,2013,중앙로13길,00011,00000,44790,01,0,4583259,청양읍 읍내리,0218,0001,44790,25021,1,은혜,1,16,44790-3,59.52,,218-1,44790,5,,
3,"7,000",,2000,2013,청산로,00035,00000,44790,01,0,3261017,청양읍 읍내리,0376,0011,44790,25021,1,장안,1,24,44790-7,49.95,,376-11,44790,14,,
0,"8,600",,2000,2013,청산로,00035,00000,44790,01,0,3261017,청양읍 읍내리,0376,0011,44790,25021,1,장안,2,14,44790-7,59.67,,376-11,44790,15,,
1,"9,000",,1996,2013,청산로,00029,00000,44790,01,0,3261017,청양읍 읍내리,0377,0005,44790,25021,1,천강,2,15,44790-4,59.4,,377-5,44790,12,,
2,"8,500",,2000,2013,청산로,00035,00000,44790,01,0,3261017,청양읍 읍내리,0376,0011,44790,25021,1,장안,2,15,44790-7,59.67,,376-11,44790,7,,
3,"3,000",,2000,2013,청산로,00035,00000,44790,01,0,3261017,청양읍 읍내리,0376,0011,44790,25021,1,장안,2,18,44790-7,29.7,,376-11,44790,5,,
4,"4,700",,2000,2013,청산로,00035,00000,44790,01,0,3261017,청양읍 읍내리,0376,0011,44790,25021,1,장안,2,25,44790-7,29.7,,376-11,44790,5,,
5,"8,800",,2002,2013,고리섬들길,00068,00008,44790,01,0,4583017,청양읍 읍내리,0306,0000,44790,25021,1,주공1단지,2,27,44790-6,49.8,,306,44790,4,,
0,"11,700",,1997,2013,중앙로,00080,00001,44790,01,0,3261022,청양읍 읍내리,0376,0008,44790,25021,1,세아,3,4,44790-2,84.9,,376-8,44790,10,,
1,"8,600",,2000,2013,청산로,00035,00000,44790,01,0,3261017,청양읍 읍내리,0376,0011,44790,25021,1,장안,3,14,44790-7,59.67,,376-11,44790,9,,
2,"4,550",,1997,2013,중앙로,00080,00001,44790,01,0,3261022,청양읍 읍내리,0376,0008,44790,25021,1,세아,3,28,44790-2,84.9,,376-8,44790,2,,
3,"4,550",,1997,2013,중앙로,00080,00001,44790,01,0,3261022,청양읍 읍내리,0376,0008,44790,25021,1,세아,3,28,44790-2,84.9,,376-8,44790,3,,
4,"13,500",,1996,2013,청산로,00029,00000,44790,01,0,3261017,청양읍 읍내리,0377,0005,44790,25021,1,천강,3,28,44790-4,84.906,,377-5,44790,20,,
0,"5,500",,1992,2013,중앙로13길,00011,00000,44790,01,0,4583259,청양읍 읍내리,0218,0001,44790,25021,1,은혜,4,17,44790-3,59.52,,218-1,44790,4,,
1,"6,800",,2000,2013,청산로,00035,00000,44790,01,0,3261017,청양읍 읍내리,0376,0011,44790,25021,1,장안,4,26,44790-7,49.95,,376-11,44790,4,,
0,"15,800",,2004,2013,고리섬들길,00092,00000,44790,01,0,4583017,청양읍 읍내리,0371,0006,44790,25021,1,디엠에이스빌,5,2,44790-5,84.9153,,371-6,44790,5,,
1,"7,200",,2000,2013,청산로,00035,00000,44790,01,0,3261017,청양읍 읍내리,0376,0011,44790,25021,1,장안,5,5,44790-7,49.95,,376-11,44790,4,,
2,"6,900",,2002,2013,고리섬들길,00068,00008,44790,01,0,4583017,청양읍 읍내리,0306,0000,44790,25021,1,주공1단지,5,13,44790-6,36.44,,306,44790,6,,
3,"10,000",,1996,2013,청산로,00029,00000,44790,01,0,3261017,청양읍 읍내리,0377,0005,44790,25021,1,천강,5,22,44790-4,84.906,,377-5,44790,20,,
4,"8,000",,1996,2013,청산로,00029,00000,44790,01,0,3261017,청양읍 읍내리,0377,0005,44790,25021,1,천강,5,27,44790-4,84.906,,377-5,44790,15,,
0,"9,080",,2000,2013,청산로,00035,00000,44790,01,0,3261017,청양읍 읍내리,0376,0011,44790,25021,1,장안,6,21,44790-7,59.67,,376-11,44790,11,,
0,"9,300",,1996,2013,청산로,00029,00000,44790,01,0,3261017,청양읍 읍내리,0377,0005,44790,25021,1,천강,7,2,44790-4,59.4,,377-5,44790,4,,
1,"8,400",,1996,2013,청산로,00029,00000,44790,01,0,3261017,청양읍 읍내리,0377,0005,44790,25021,1,천강,7,18,44790-4,59.4,,377-5,44790,6,,
0,"11,700",,1997,2013,중앙로,00080,00001,44790,01,0,3261022,청양읍 읍내리,0376,0008,44790,25021,1,세아,8,3,44790-2,84.9,,376-8,44790,11,,
1,"8,500",,1996,2013,청산로,00029,00000,44790,01,0,3261017,청양읍 읍내리,0377,0005,44790,25021,1,천강,8,20,44790-4,59.4,,377-5,44790,14,,
0,"8,300",,2000,2013,청산로,00035,00000,44790,01,0,3261017,청양읍 읍내리,0376,0011,44790,25021,1,장안,9,23,44790-7,59.67,,376-11,44790,15,,
0,"9,000",,1992,2013,중앙로13길,00011,00000,44790,01,0,4583259,청양읍 읍내리,0218,0001,44790,25021,1,은혜,10,1,44790-3,84.19,,218-1,44790,5,,
0,"8,900",,1996,2013,청산로,00029,00000,44790,01,0,3261017,청양읍 읍내리,0377,0005,44790,25021,1,천강,11,10,44790-4,59.4,,377-5,44790,5,,
1,"8,370",,2000,2013,청산로,00035,00000,44790,01,0,3261017,청양읍 읍내리,0376,0011,44790,25021,1,장안,11,26,44790-7,59.67,,376-11,44790,15,,
2,"16,600",,2004,2013,고리섬들길,00092,00000,44790,01,0,4583017,청양읍 읍내리,0371,0006,44790,25021,1,디엠에이스빌,11,28,44790-5,84.9153,,371-6,44790,14,,
3,"13,000",,1996,2013,청산로,00029,00000,44790,01,0,3261017,청양읍 읍내리,0377,0005,44790,25021,1,천강,11,30,44790-4,84.906,,377-5,44790,9,,
0,"9,000",,1996,2013,청산로,00029,00000,44790,01,0,3261017,청양읍 읍내리,0377,0005,44790,25021,1,천강,12,9,44790-4,59.4,,377-5,44790,8,,
1,"6,500",,2000,2013,청산로,00035,00000,44790,01,0,3261017,청양읍 읍내리,0376,0011,44790,25021,1,장안,12,17,44790-7,49.95,,376-11,44790,13,,
2,"6,000",,2000,2013,청산로,00035,00000,44790,01,0,3261017,청양읍 읍내리,0376,0011,44790,25021,1,장안,12,20,44790-7,59.67,,376-11,44790,1,,
3,"8,000",,2002,2013,고리섬들길,00068,00008,44790,01,0,4583017,청양읍 읍내리,0306,0000,44790,25021,1,주공1단지,12,26,44790-6,49.8,,306,44790,2,,
4,"4,800",,1997,2013,중앙로,00080,00001,44790,01,0,3261022,청양읍 읍내리,0376,0008,44790,25021,1,세아,12,31,44790-2,59.67,,376-8,44790,13,,
5,"17,500",,2012,2013,중앙로,00035,00000,44790,01,0,3261022,청양읍 벽천리,0273,0000,44790,25024,1,필로스캐슬,12,5,44790-65,84.9122,,273,44790,3,,
6,"14,150",,2012,2013,중앙로,00035,00000,44790,01,0,3261022,청양읍 벽천리,0273,0000,44790,25024,1,필로스캐슬,12,6,44790-65,59.8901,,273,44790,13,,
0,"19,800",,2012,2014,중앙로,00035,00000,44790,01,0,3261022,청양읍 벽천리,0273,0000,44790,25024,1,필로스캐슬,1,9,44790-65,84.9122,,273,44790,12,,
0,"6,000",,2000,2014,청산로,00035,00000,44790,01,0,3261017,청양읍 읍내리,0376,0011,44790,25021,1,장안,2,3,44790-7,49.95,,376-11,44790,5,,
1,"6,500",,2002,2014,고리섬들길,00068,00008,44790,01,0,4583017,청양읍 읍내리,0306,0000,44790,25021,1,주공1단지,2,4,44790-6,36.44,,306,44790,5,,
0,"6,700",,2000,2014,청산로,00035,00000,44790,01,0,3261017,청양읍 읍내리,0376,0011,44790,25021,1,장안,3,4,44790-7,49.95,,376-11,44790,13,,
1,"9,750",,1996,2014,청산로,00029,00000,44790,01,0,3261017,청양읍 읍내리,0377,0005,44790,25021,1,천강,3,21,44790-4,59.4,,377-5,44790,6,,
2,"13,200",,1996,2014,청산로,00029,00000,44790,01,0,3261017,청양읍 읍내리,0377,0005,44790,25021,1,천강,3,24,44790-4,84.906,,377-5,44790,13,,
3,"6,500",,2000,2014,청산로,00035,00000,44790,01,0,3261017,청양읍 읍내리,0376,0011,44790,25021,1,장안,3,31,44790-7,49.95,,376-11,44790,5,,
0,"7,500",,1992,2014,중앙로13길,00011,00000,44790,01,0,4583259,청양읍 읍내리,0218,0001,44790,25021,1,은혜,4,1,44790-3,84.19,,218-1,44790,1,,
1,"9,100",,2000,2014,청산로,00035,00000,44790,01,0,3261017,청양읍 읍내리,0376,0011,44790,25021,1,장안,4,7,44790-7,59.67,,376-11,44790,5,,
2,"6,800",,1997,2014,중앙로,00080,00001,44790,01,0,3261022,청양읍 읍내리,0376,0008,44790,25021,1,세아,4,15,44790-2,49.98,,376-8,44790,13,,
3,"6,690",,1997,2014,중앙로,00080,00001,44790,01,0,3261022,청양읍 읍내리,0376,0008,44790,25021,1,세아,4,23,44790-2,49.98,,376-8,44790,8,,
4,"8,950",,1997,2014,중앙로,00080,00001,44790,01,0,3261022,청양읍 읍내리,0376,0008,44790,25021,1,세아,4,24,44790-2,59.67,,376-8,44790,2,,
5,"6,500",,2000,2014,청산로,00035,00000,44790,01,0,3261017,청양읍 읍내리,0376,0011,44790,25021,1,장안,4,25,44790-7,49.95,,376-11,44790,4,,
6,"7,500",,1997,2014,중앙로,00080,00001,44790,01,0,3261022,청양읍 읍내리,0376,0008,44790,25021,1,세아,4,30,44790-2,59.67,,376-8,44790,1,,
0,"7,300",,1997,2014,중앙로,00080,00001,44790,01,0,3261022,청양읍 읍내리,0376,0008,44790,25021,1,세아,5,2,44790-2,49.98,,376-8,44790,12,,
1,"6,900",,2000,2014,청산로,00035,00000,44790,01,0,3261017,청양읍 읍내리,0376,0011,44790,25021,1,장안,5,15,44790-7,49.95,,376-11,44790,14,,
0,"9,300",,2002,2014,고리섬들길,00068,00008,44790,01,0,4583017,청양읍 읍내리,0306,0000,44790,25021,1,주공1단지,6,9,44790-6,49.8,,306,44790,9,,
1,"13,700",,1996,2014,청산로,00029,00000,44790,01,0,3261017,청양읍 읍내리,0377,0005,44790,25021,1,천강,6,13,44790-4,84.906,,377-5,44790,17,,
2,"6,900",,2000,2014,청산로,00035,00000,44790,01,0,3261017,청양읍 읍내리,0376,0011,44790,25021,1,장안,6,17,44790-7,49.95,,376-11,44790,10,,
3,"6,600",,2000,2014,청산로,00035,00000,44790,01,0,3261017,청양읍 읍내리,0376,0011,44790,25021,1,장안,6,20,44790-7,49.95,,376-11,44790,13,,
4,"4,150",,2000,2014,청산로,00035,00000,44790,01,0,3261017,청양읍 읍내리,0376,0011,44790,25021,1,장안,6,27,44790-7,29.7,,376-11,44790,5,,
0,"9,200",,2002,2014,고리섬들길,00068,00008,44790,01,0,4583017,청양읍 읍내리,0306,0000,44790,25021,1,주공1단지,7,1,44790-6,49.8,,306,44790,4,,
1,"8,000",,2002,2014,고리섬들길,00068,00008,44790,01,0,4583017,청양읍 읍내리,0306,0000,44790,25021,1,주공1단지,7,21,44790-6,36.44,,306,44790,8,,
2,"8,500",,1992,2014,중앙로13길,00011,00000,44790,01,0,4583259,청양읍 읍내리,0218,0001,44790,25021,1,은혜,7,22,44790-3,84.19,,218-1,44790,6,,
3,"13,000",,2002,2014,고리섬들길,00068,00008,44790,01,0,4583017,청양읍 읍내리,0306,0000,44790,25021,1,주공1단지,7,23,44790-6,59.64,,306,44790,14,,
4,"12,500",,2002,2014,고리섬들길,00068,00008,44790,01,0,4583017,청양읍 읍내리,0306,0000,44790,25021,1,주공1단지,7,31,44790-6,59.64,,306,44790,11,,
0,"14,700",,2012,2014,중앙로,00035,00000,44790,01,0,3261022,청양읍 벽천리,0273,0000,44790,25024,1,필로스캐슬,8,20,44790-65,59.8901,,273,44790,6,,
1,"14,650",,2012,2014,중앙로,00035,00000,44790,01,0,3261022,청양읍 벽천리,0273,0000,44790,25024,1,필로스캐슬,8,28,44790-65,59.8901,,273,44790,8,,
0,"12,000",,1997,2014,중앙로,00080,00001,44790,01,0,3261022,청양읍 읍내리,0376,0008,44790,25021,1,세아,9,23,44790-2,84.9,,376-8,44790,12,,
1,"6,500",,2000,2014,청산로,00035,00000,44790,01,0,3261017,청양읍 읍내리,0376,0011,44790,25021,1,장안,9,23,44790-7,49.95,,376-11,44790,4,,
2,"11,500",,1996,2014,청산로,00029,00000,44790,01,0,3261017,청양읍 읍내리,0377,0005,44790,25021,1,천강,9,29,44790-4,84.906,,377-5,44790,20,,
3,"13,900",,2012,2014,중앙로,00035,00000,44790,01,0,3261022,청양읍 벽천리,0273,0000,44790,25024,1,필로스캐슬,9,29,44790-65,59.8901,,273,44790,1,,
0,"9,000",,1996,2014,청산로,00029,00000,44790,01,0,3261017,청양읍 읍내리,0377,0005,44790,25021,1,천강,10,13,44790-4,59.4,,377-5,44790,8,,
1,"6,500",,2000,2014,청산로,00035,00000,44790,01,0,3261017,청양읍 읍내리,0376,0011,44790,25021,1,장안,10,22,44790-7,49.95,,376-11,44790,7,,
2,"14,000",,2012,2014,중앙로,00035,00000,44790,01,0,3261022,청양읍 벽천리,0273,0000,44790,25024,1,필로스캐슬,10,1,44790-65,59.8901,,273,44790,12,,
0,"14,000",,2014,2014,칠갑산로열길,00013,00000,44790,00,0,4583311,청양읍 읍내리,0167,0036,44790,25021,1,두영산드레아파트,11,1,44790-76,49.6567,,167-36,44790,4,,
1,"13,000",,2002,2014,고리섬들길,00068,00008,44790,01,0,4583017,청양읍 읍내리,0306,0000,44790,25021,1,주공1단지,11,2,44790-6,59.64,,306,44790,11,,
2,"14,000",,2014,2014,칠갑산로열길,00013,00000,44790,00,0,4583311,청양읍 읍내리,0167,0036,44790,25021,1,두영산드레아파트,11,18,44790-76,49.153,,167-36,44790,2,,
3,"6,000",,2002,2014,고리섬들길,00068,00008,44790,01,0,4583017,청양읍 읍내리,0306,0000,44790,25021,1,주공1단지,11,26,44790-6,36.44,,306,44790,7,,
4,"6,650",,2000,2014,청산로,00035,00000,44790,01,0,3261017,청양읍 읍내리,0376,0011,44790,25021,1,장안,11,27,44790-7,49.95,,376-11,44790,10,,
0,"6,400",,2000,2014,청산로,00035,00000,44790,01,0,3261017,청양읍 읍내리,0376,0011,44790,25021,1,장안,12,1,44790-7,49.95,,376-11,44790,8,,
1,"14,000",,2014,2014,칠갑산로열길,00013,00000,44790,00,0,4583311,청양읍 읍내리,0167,0036,44790,25021,1,두영산드레아파트,12,15,44790-76,49.295,,167-36,44790,7,,
2,"7,200",,2000,2014,청산로,00035,00000,44790,01,0,3261017,청양읍 읍내리,0376,0011,44790,25021,1,장안,12,24,44790-7,49.95,,376-11,44790,8,,
3,"12,300",,1996,2014,청산로,00029,00000,44790,01,0,3261017,청양읍 읍내리,0377,0005,44790,25021,1,천강,12,26,44790-4,84.906,,377-5,44790,16,,
4,"8,900",,1996,2014,청산로,00029,00000,44790,01,0,3261017,청양읍 읍내리,0377,0005,44790,25021,1,천강,12,31,44790-4,59.4,,377-5,44790,9,,
5,"5,220",,2014,2014,중앙로,00037,00007,44790,01,0,3261022,청양읍 벽천리,0273,0004,44790,25024,1,필로스힐,12,10,44790-78,16.551,,273-4,44790,1,,
6,"5,220",,2014,2014,중앙로,00037,00007,44790,01,0,3261022,청양읍 벽천리,0273,0004,44790,25024,1,필로스힐,12,10,44790-78,16.0999,,273-4,44790,1,,
7,"5,220",,2014,2014,중앙로,00037,00007,44790,01,0,3261022,청양읍 벽천리,0273,0004,44790,25024,1,필로스힐,12,10,44790-78,16.551,,273-4,44790,1,,
8,"5,220",,2014,2014,중앙로,00037,00007,44790,01,0,3261022,청양읍 벽천리,0273,0004,44790,25024,1,필로스힐,12,10,44790-78,16.551,,273-4,44790,1,,
9,"5,220",,2014,2014,중앙로,00037,00007,44790,01,0,3261022,청양읍 벽천리,0273,0004,44790,25024,1,필로스힐,12,10,44790-78,16.3783,,273-4,44790,5,,
10,"5,220",,2014,2014,중앙로,00037,00007,44790,01,0,3261022,청양읍 벽천리,0273,0004,44790,25024,1,필로스힐,12,10,44790-78,16.0999,,273-4,44790,5,,
11,"5,220",,2014,2014,중앙로,00037,00007,44790,01,0,3261022,청양읍 벽천리,0273,0004,44790,25024,1,필로스힐,12,10,44790-78,15.9876,,273-4,44790,5,,
12,"5,220",,2014,2014,중앙로,00037,00007,44790,01,0,3261022,청양읍 벽천리,0273,0004,44790,25024,1,필로스힐,12,10,44790-78,16.551,,273-4,44790,5,,
13,"5,220",,2014,2014,중앙로,00037,00007,44790,01,0,3261022,청양읍 벽천리,0273,0004,44790,25024,1,필로스힐,12,10,44790-78,16.551,,273-4,44790,5,,
14,"5,220",,2014,2014,중앙로,00037,00007,44790,01,0,3261022,청양읍 벽천리,0273,0004,44790,25024,1,필로스힐,12,10,44790-78,16.5089,,273-4,44790,6,,
15,"5,220",,2014,2014,중앙로,00037,00007,44790,01,0,3261022,청양읍 벽천리,0273,0004,44790,25024,1,필로스힐,12,10,44790-78,16.7149,,273-4,44790,8,,
16,"6,960",,2014,2014,중앙로,00037,00007,44790,01,0,3261022,청양읍 벽천리,0273,0004,44790,25024,1,필로스힐,12,10,44790-78,21.746,,273-4,44790,8,,
17,"6,380",,2014,2014,중앙로,00037,00007,44790,01,0,3261022,청양읍 벽천리,0273,0004,44790,25024,1,필로스힐,12,10,44790-78,18.52,,273-4,44790,9,,
0,"6,700",,2000,2015,청산로,00035,00000,44790,01,0,3261017,청양읍 읍내리,0376,0011,44790,25021,1,장안,1,9,44790-7,49.95,,376-11,44790,1,,
1,"6,500",,2000,2015,청산로,00035,00000,44790,01,0,3261017,청양읍 읍내리,0376,0011,44790,25021,1,장안,1,21,44790-7,49.95,,376-11,44790,1,,
2,"11,800",,1996,2015,청산로,00029,00000,44790,01,0,3261017,청양읍 읍내리,0377,0005,44790,25021,1,천강,1,26,44790-4,84.906,,377-5,44790,5,,
3,"14,800",,2012,2015,중앙로,00035,00000,44790,01,0,3261022,청양읍 벽천리,0273,0000,44790,25024,1,필로스캐슬,1,7,44790-65,59.8901,,273,44790,7,,
4,"5,850",,2014,2015,중앙로,00037,00007,44790,01,0,3261022,청양읍 벽천리,0273,0004,44790,25024,1,필로스힐,1,30,44790-78,16.0999,,273-4,44790,5,,
0,"9,200",,1996,2015,청산로,00029,00000,44790,01,0,3261017,청양읍 읍내리,0377,0005,44790,25021,1,천강,2,8,44790-4,59.4,,377-5,44790,11,,
0,"11,000",,1996,2015,청산로,00029,00000,44790,01,0,3261017,청양읍 읍내리,0377,0005,44790,25021,1,천강,3,2,44790-4,84.906,,377-5,44790,2,,
1,"9,000",,1996,2015,청산로,00029,00000,44790,01,0,3261017,청양읍 읍내리,0377,0005,44790,25021,1,천강,3,11,44790-4,84.906,,377-5,44790,21,,
2,"13,150",,2002,2015,고리섬들길,00068,00008,44790,01,0,4583017,청양읍 읍내리,0306,0000,44790,25021,1,주공1단지,3,21,44790-6,59.64,,306,44790,12,,
3,"7,000",,2002,2015,고리섬들길,00068,00008,44790,01,0,4583017,청양읍 읍내리,0306,0000,44790,25021,1,주공1단지,3,27,44790-6,36.44,,306,44790,8,,
4,"6,400",,1992,2015,중앙로13길,00011,00000,44790,01,0,4583259,청양읍 읍내리,0218,0001,44790,25021,1,은혜,3,31,44790-3,59.52,,218-1,44790,2,,
0,"6,000",,2000,2015,청산로,00035,00000,44790,01,0,3261017,청양읍 읍내리,0376,0011,44790,25021,1,장안,4,1,44790-7,49.95,,376-11,44790,15,,
1,"13,500",,1996,2015,청산로,00029,00000,44790,01,0,3261017,청양읍 읍내리,0377,0005,44790,25021,1,천강,4,8,44790-4,84.906,,377-5,44790,13,,
2,"13,200",,2014,2015,칠갑산로열길,00009,00000,44790,01,0,4583311,청양읍 읍내리,0167,0036,44790,25021,1,두영산드레아파트,4,8,44790-76,49.656,,167-36,44790,4,,
3,"9,500",,1997,2015,중앙로,00080,00001,44790,01,0,3261022,청양읍 읍내리,0376,0008,44790,25021,1,세아,4,20,44790-2,59.67,,376-8,44790,8,,
4,"8,500",,1992,2015,중앙로13길,00011,00000,44790,01,0,4583259,청양읍 읍내리,0218,0001,44790,25021,1,은혜,4,23,44790-3,84.19,,218-1,44790,8,,
5,"5,500",,1997,2015,중앙로,00080,00001,44790,01,0,3261022,청양읍 읍내리,0376,0008,44790,25021,1,세아,4,28,44790-2,49.98,,376-8,44790,8,,
6,"13,000",,2014,2015,칠갑산로열길,00013,00000,44790,00,0,4583311,청양읍 읍내리,0167,0036,44790,25021,1,두영산드레아파트,4,30,44790-76,49.6567,,167-36,44790,3,,
0,"12,200",,2014,2015,칠갑산로열길,00009,00000,44790,01,0,4583311,청양읍 읍내리,0167,0036,44790,25021,1,두영산드레아파트,5,6,44790-76,49.939,,167-36,44790,6,,
1,"8,000",,1996,2015,청산로,00029,00000,44790,01,0,3261017,청양읍 읍내리,0377,0005,44790,25021,1,천강,5,13,44790-4,59.4,,377-5,44790,3,,
0,"10,250",,2002,2015,고리섬들길,00068,00008,44790,01,0,4583017,청양읍 읍내리,0306,0000,44790,25021,1,주공1단지,6,16,44790-6,49.8,,306,44790,3,,
1,"12,300",,2014,2015,칠갑산로열길,00009,00000,44790,01,0,4583311,청양읍 읍내리,0167,0036,44790,25021,1,두영산드레아파트,6,25,44790-76,49.295,,167-36,44790,6,,
2,"5,850",,2014,2015,중앙로,00037,00007,44790,01,0,3261022,청양읍 벽천리,0273,0004,44790,25024,1,필로스힐,6,2,44790-78,16.551,,273-4,44790,2,,
3,"5,000",,2014,2015,중앙로,00037,00007,44790,01,0,3261022,청양읍 벽천리,0273,0004,44790,25024,1,필로스힐,6,10,44790-78,16.551,,273-4,44790,1,,
0,"12,500",,2014,2015,칠갑산로열길,00009,00000,44790,01,0,4583311,청양읍 읍내리,0167,0036,44790,25021,1,두영산드레아파트,7,2,44790-76,49.656,,167-36,44790,2,,
1,"7,000",,1992,2015,중앙로13길,00011,00000,44790,01,0,4583259,청양읍 읍내리,0218,0001,44790,25021,1,은혜,7,8,44790-3,59.52,,218-1,44790,6,,
2,"13,000",,2014,2015,칠갑산로열길,00009,00000,44790,01,0,4583311,청양읍 읍내리,0167,0036,44790,25021,1,두영산드레아파트,7,9,44790-76,49.939,,167-36,44790,8,,
3,"8,500",,1992,2015,중앙로13길,00011,00000,44790,01,0,4583259,청양읍 읍내리,0218,0001,44790,25021,1,은혜,7,12,44790-3,84.19,,218-1,44790,8,,
4,"9,550",,2000,2015,청산로,00035,00000,44790,01,0,3261017,청양읍 읍내리,0376,0011,44790,25021,1,장안,7,14,44790-7,59.67,,376-11,44790,11,,
5,"9,300",,2000,2015,청산로,00035,00000,44790,01,0,3261017,청양읍 읍내리,0376,0011,44790,25021,1,장안,7,14,44790-7,59.67,,376-11,44790,7,,
6,"4,700",,2000,2015,청산로,00035,00000,44790,01,0,3261017,청양읍 읍내리,0376,0011,44790,25021,1,장안,7,17,44790-7,29.7,,376-11,44790,11,,
7,"13,500",,2002,2015,고리섬들길,00068,00008,44790,01,0,4583017,청양읍 읍내리,0306,0000,44790,25021,1,주공1단지,7,20,44790-6,59.64,,306,44790,15,,
0,"6,800",,2000,2015,청산로,00035,00000,44790,01,0,3261017,청양읍 읍내리,0376,0011,44790,25021,1,장안,8,2,44790-7,49.95,,376-11,44790,3,,
1,"12,850",,1996,2015,청산로,00029,00000,44790,01,0,3261017,청양읍 읍내리,0377,0005,44790,25021,1,천강,8,11,44790-4,84.906,,377-5,44790,10,,
2,"23,400",,2014,2015,칠갑산로열길,00009,00000,44790,01,0,4583311,청양읍 읍내리,0167,0036,44790,25021,1,두영산드레아파트,8,12,44790-76,108.146,,167-36,44790,9,,
3,"11,350",,1996,2015,청산로,00029,00000,44790,01,0,3261017,청양읍 읍내리,0377,0005,44790,25021,1,천강,8,24,44790-4,84.906,,377-5,44790,6,,
4,"6,000",,2014,2015,중앙로,00037,00007,44790,01,0,3261022,청양읍 벽천리,0273,0004,44790,25024,1,필로스힐,8,10,44790-78,18.52,,273-4,44790,9,,
0,"8,550",,2000,2015,청산로,00035,00000,44790,01,0,3261017,청양읍 읍내리,0376,0011,44790,25021,1,장안,9,1,44790-7,59.67,,376-11,44790,1,,
1,"7,750",,1993,2015,칠갑산로11길,00013,00000,44790,01,0,4583298,청양읍 읍내리,0082,0001,44790,25021,1,로얄,9,4,44790-1,84.87,,82-1,44790,6,,
2,"12,900",,2014,2015,칠갑산로열길,00013,00000,44790,00,0,4583311,청양읍 읍내리,0167,0036,44790,25021,1,두영산드레아파트,9,6,44790-76,49.939,,167-36,44790,5,,
3,"8,700",,1996,2015,청산로,00029,00000,44790,01,0,3261017,청양읍 읍내리,0377,0005,44790,25021,1,천강,9,9,44790-4,59.4,,377-5,44790,14,,
4,"13,300",,2002,2015,고리섬들길,00068,00008,44790,01,0,4583017,청양읍 읍내리,0306,0000,44790,25021,1,주공1단지,9,30,44790-6,59.64,,306,44790,4,,
5,"17,000",,2013,2015,평촌1길,00004,00025,44790,01,0,4583323,청양읍 교월리,0206,0012,44790,25023,1,백세,9,3,44790-66,84.9483,,206-12,44790,3,,
6,"5,850",,2014,2015,중앙로,00037,00007,44790,01,0,3261022,청양읍 벽천리,0273,0004,44790,25024,1,필로스힐,9,21,44790-78,15.9876,,273-4,44790,6,,
0,"6,900",,1997,2015,중앙로,00080,00001,44790,01,0,3261022,청양읍 읍내리,0376,0008,44790,25021,1,세아,10,2,44790-2,49.98,,376-8,44790,13,,
1,"7,000",,2000,2015,청산로,00035,00000,44790,01,0,3261017,청양읍 읍내리,0376,0011,44790,25021,1,장안,10,6,44790-7,49.95,,376-11,44790,15,,
2,"6,900",,2000,2015,청산로,00035,00000,44790,01,0,3261017,청양읍 읍내리,0376,0011,44790,25021,1,장안,10,18,44790-7,49.95,,376-11,44790,15,,
3,"9,100",,2002,2015,고리섬들길,00068,00008,44790,01,0,4583017,청양읍 읍내리,0306,0000,44790,25021,1,주공1단지,10,22,44790-6,49.8,,306,44790,10,,
4,"4,570",,2000,2015,청산로,00035,00000,44790,01,0,3261017,청양읍 읍내리,0376,0011,44790,25021,1,장안,10,22,44790-7,29.7,,376-11,44790,3,,
5,"5,100",,2014,2015,중앙로,00037,00007,44790,01,0,3261022,청양읍 벽천리,0273,0004,44790,25024,1,필로스힐,10,2,44790-78,16.551,,273-4,44790,2,,
0,"7,200",,2000,2015,청산로,00035,00000,44790,01,0,3261017,청양읍 읍내리,0376,0011,44790,25021,1,장안,11,11,44790-7,49.95,,376-11,44790,14,,
1,"6,700",,2000,2015,청산로,00035,00000,44790,01,0,3261017,청양읍 읍내리,0376,0011,44790,25021,1,장안,11,13,44790-7,49.95,,376-11,44790,5,,
2,"9,200",,1997,2015,중앙로,00080,00001,44790,01,0,3261022,청양읍 읍내리,0376,0008,44790,25021,1,세아,11,16,44790-2,59.67,,376-8,44790,12,,
3,"6,500",,2000,2015,청산로,00035,00000,44790,01,0,3261017,청양읍 읍내리,0376,0011,44790,25021,1,장안,11,26,44790-7,49.95,,376-11,44790,9,,
4,"5,100",,2014,2015,중앙로,00037,00007,44790,01,0,3261022,청양읍 벽천리,0273,0004,44790,25024,1,필로스힐,11,16,44790-78,16.551,,273-4,44790,1,,
0,"9,000",,2002,2015,고리섬들길,00068,00008,44790,01,0,4583017,청양읍 읍내리,0306,0000,44790,25021,1,주공1단지,12,10,44790-6,49.8,,306,44790,10,,
1,"7,400",,2002,2015,고리섬들길,00068,00008,44790,01,0,4583017,청양읍 읍내리,0306,0000,44790,25021,1,주공1단지,12,10,44790-6,36.44,,306,44790,6,,
2,"6,500",,2000,2015,청산로,00035,00000,44790,01,0,3261017,청양읍 읍내리,0376,0011,44790,25021,1,장안,12,10,44790-7,49.95,,376-11,44790,5,,
0,"5,700",,2014,2016,중앙로,00037,00007,44790,01,0,3261022,청양읍 벽천리,0273,0004,44790,25024,1,필로스힐,1,12,44790-78,16.0999,,273-4,44790,2,,
1,"12,500",,2012,2016,중앙로,00035,00000,44790,01,0,3261022,청양읍 벽천리,0273,0000,44790,25024,1,필로스캐슬,1,26,44790-65,59.8901,,273,44790,1,,
2,"5,100",,2014,2016,중앙로,00037,00007,44790,01,0,3261022,청양읍 벽천리,0273,0004,44790,25024,1,필로스힐,1,29,44790-78,16.551,,273-4,44790,1,,
3,"19,000",,2014,2016,문화예술로,00182,00000,44790,01,0,3261011,청양읍 송방리,0096,0001,44790,25029,1,드림,1,11,44790-75,84.93,,96-1,44790,9,,
0,"12,400",,2014,2016,칠갑산로열길,00009,00000,44790,01,0,4583311,청양읍 읍내리,0167,0036,44790,25021,1,두영산드레아파트,2,4,44790-76,49.295,,167-36,44790,4,,
1,"12,000",,1997,2016,중앙로,00080,00001,44790,01,0,3261022,청양읍 읍내리,0376,0008,44790,25021,1,세아,2,29,44790-2,84.9,,376-8,44790,1,,
0,"4,500",,2000,2016,청산로,00035,00000,44790,01,0,3261017,청양읍 읍내리,0376,0011,44790,25021,1,장안,3,4,44790-7,29.7,,376-11,44790,6,,
1,"6,000",,1997,2016,중앙로,00080,00001,44790,01,0,3261022,청양읍 읍내리,0376,0008,44790,25021,1,세아,3,9,44790-2,49.98,,376-8,44790,10,,
2,"7,200",,2002,2016,고리섬들길,00068,00008,44790,01,0,4583017,청양읍 읍내리,0306,0000,44790,25021,1,주공1단지,3,20,44790-6,36.44,,306,44790,7,,
3,"8,000",,1992,2016,중앙로13길,00011,00000,44790,01,0,4583259,청양읍 읍내리,0218,0001,44790,25021,1,은혜,3,21,44790-3,84.19,,218-1,44790,10,,
4,"9,300",,2000,2016,청산로,00035,00000,44790,01,0,3261017,청양읍 읍내리,0376,0011,44790,25021,1,장안,3,22,44790-7,59.67,,376-11,44790,8,,
5,"6,500",,2000,2016,청산로,00035,00000,44790,01,0,3261017,청양읍 읍내리,0376,0011,44790,25021,1,장안,3,24,44790-7,59.67,,376-11,44790,2,,
6,"15,500",,2012,2016,중앙로,00035,00000,44790,01,0,3261022,청양읍 벽천리,0273,0000,44790,25024,1,필로스캐슬,3,29,44790-65,59.8901,,273,44790,7,,
0,"16,500",,2004,2016,고리섬들길,00092,00000,44790,01,0,4583017,청양읍 읍내리,0371,0006,44790,25021,1,디엠에이스빌,4,1,44790-5,84.9153,,371-6,44790,3,,
1,"14,000",,2002,2016,고리섬들길,00068,00008,44790,01,0,4583017,청양읍 읍내리,0306,0000,44790,25021,1,주공1단지,4,5,44790-6,59.64,,306,44790,9,,
2,"7,200",,2000,2016,청산로,00035,00000,44790,01,0,3261017,청양읍 읍내리,0376,0011,44790,25021,1,장안,4,6,44790-7,49.95,,376-11,44790,6,,
3,"7,400",,2000,2016,청산로,00035,00000,44790,01,0,3261017,청양읍 읍내리,0376,0011,44790,25021,1,장안,4,15,44790-7,49.95,,376-11,44790,5,,
4,"6,900",,2000,2016,청산로,00035,00000,44790,01,0,3261017,청양읍 읍내리,0376,0011,44790,25021,1,장안,4,23,44790-7,49.95,,376-11,44790,13,,
5,"7,100",,1992,2016,중앙로13길,00011,00000,44790,01,0,4583259,청양읍 읍내리,0218,0001,44790,25021,1,은혜,4,25,44790-3,84.19,,218-1,44790,9,,
6,"7,500",,2002,2016,고리섬들길,00068,00008,44790,01,0,4583017,청양읍 읍내리,0306,0000,44790,25021,1,주공1단지,4,28,44790-6,36.44,,306,44790,6,,
0,"10,000",,2000,2016,청산로,00035,00000,44790,01,0,3261017,청양읍 읍내리,0376,0011,44790,25021,1,장안,5,12,44790-7,59.67,,376-11,44790,10,,
1,"9,700",,2000,2016,청산로,00035,00000,44790,01,0,3261017,청양읍 읍내리,0376,0011,44790,25021,1,장안,5,16,44790-7,59.67,,376-11,44790,9,,
2,"7,500",,2000,2016,청산로,00035,00000,44790,01,0,3261017,청양읍 읍내리,0376,0011,44790,25021,1,장안,5,23,44790-7,49.95,,376-11,44790,7,,
3,"13,500",,2014,2016,칠갑산로열길,00009,00000,44790,01,0,4583311,청양읍 읍내리,0167,0036,44790,25021,1,두영산드레아파트,5,23,44790-76,49.939,,167-36,44790,8,,
4,"5,000",,2000,2016,청산로,00035,00000,44790,01,0,3261017,청양읍 읍내리,0376,0011,44790,25021,1,장안,5,23,44790-7,29.7,,376-11,44790,1,,
5,"13,200",,1996,2016,청산로,00029,00000,44790,01,0,3261017,청양읍 읍내리,0377,0005,44790,25021,1,천강,5,28,44790-4,84.906,,377-5,44790,11,,
6,"16,000",,2012,2016,중앙로,00035,00000,44790,01,0,3261022,청양읍 벽천리,0273,0000,44790,25024,1,필로스캐슬,5,30,44790-65,59.8901,,273,44790,6,,
0,"6,950",,2000,2016,청산로,00035,00000,44790,01,0,3261017,청양읍 읍내리,0376,0011,44790,25021,1,장안,6,3,44790-7,49.95,,376-11,44790,12,,
1,"13,500",,2002,2016,고리섬들길,00068,00008,44790,01,0,4583017,청양읍 읍내리,0306,0000,44790,25021,1,주공1단지,6,9,44790-6,59.64,,306,44790,6,,
2,"6,800",,2000,2016,청산로,00035,00000,44790,01,0,3261017,청양읍 읍내리,0376,0011,44790,25021,1,장안,6,15,44790-7,49.95,,376-11,44790,7,,
3,"13,800",,2002,2016,고리섬들길,00068,00008,44790,01,0,4583017,청양읍 읍내리,0306,0000,44790,25021,1,주공1단지,6,21,44790-6,59.64,,306,44790,14,,
4,"7,000",,2000,2016,청산로,00035,00000,44790,01,0,3261017,청양읍 읍내리,0376,0011,44790,25021,1,장안,6,22,44790-7,49.95,,376-11,44790,11,,
5,"7,400",,2000,2016,청산로,00035,00000,44790,01,0,3261017,청양읍 읍내리,0376,0011,44790,25021,1,장안,6,22,44790-7,49.95,,376-11,44790,12,,
6,"15,600",,2012,2016,중앙로,00035,00000,44790,01,0,3261022,청양읍 벽천리,0273,0000,44790,25024,1,필로스캐슬,6,27,44790-65,59.8901,,273,44790,8,,
0,"6,700",,2002,2016,고리섬들길,00068,00008,44790,01,0,4583017,청양읍 읍내리,0306,0000,44790,25021,1,주공1단지,7,1,44790-6,49.8,,306,44790,15,,
1,"8,000",,1997,2016,중앙로,00080,00001,44790,01,0,3261022,청양읍 읍내리,0376,0008,44790,25021,1,세아,7,11,44790-2,59.67,,376-8,44790,1,,
2,"7,700",,1993,2016,칠갑산로11길,00013,00000,44790,01,0,4583298,청양읍 읍내리,0082,0001,44790,25021,1,로얄,7,15,44790-1,84.87,,82-1,44790,3,,
3,"10,000",,2002,2016,고리섬들길,00068,00008,44790,01,0,4583017,청양읍 읍내리,0306,0000,44790,25021,1,주공1단지,7,20,44790-6,49.8,,306,44790,3,,
4,"7,000",,2000,2016,청산로,00035,00000,44790,01,0,3261017,청양읍 읍내리,0376,0011,44790,25021,1,장안,7,25,44790-7,49.95,,376-11,44790,1,,
0,"8,000",,1993,2016,칠갑산로11길,00013,00000,44790,01,0,4583298,청양읍 읍내리,0082,0001,44790,25021,1,로얄,8,10,44790-1,84.87,,82-1,44790,5,,
1,"9,700",,1996,2016,청산로,00029,00000,44790,01,0,3261017,청양읍 읍내리,0377,0005,44790,25021,1,천강,8,10,44790-4,59.4,,377-5,44790,8,,
2,"9,700",,2000,2016,청산로,00035,00000,44790,01,0,3261017,청양읍 읍내리,0376,0011,44790,25021,1,장안,8,18,44790-7,59.67,,376-11,44790,13,,
3,"16,800",,2002,2016,고리섬들길,00068,00008,44790,01,0,4583017,청양읍 읍내리,0306,0000,44790,25021,1,주공1단지,8,26,44790-6,59.64,,306,44790,13,,
4,"6,000",,2014,2016,중앙로,00037,00007,44790,01,0,3261022,청양읍 벽천리,0273,0004,44790,25024,1,필로스힐,8,27,44790-78,18.52,,273-4,44790,9,,
0,"9,700",,1996,2016,청산로,00029,00000,44790,01,0,3261017,청양읍 읍내리,0377,0005,44790,25021,1,천강,9,7,44790-4,59.4,,377-5,44790,12,,
1,"6,900",,2000,2016,청산로,00035,00000,44790,01,0,3261017,청양읍 읍내리,0376,0011,44790,25021,1,장안,9,11,44790-7,49.95,,376-11,44790,4,,
2,"14,200",,2002,2016,고리섬들길,00068,00008,44790,01,0,4583017,청양읍 읍내리,0306,0000,44790,25021,1,주공1단지,9,19,44790-6,59.64,,306,44790,9,,
3,"13,300",,2014,2016,칠갑산로열길,00013,00000,44790,00,0,4583311,청양읍 읍내리,0167,0036,44790,25021,1,두영산드레아파트,9,20,44790-76,49.295,,167-36,44790,5,,
4,"7,000",,1997,2016,중앙로,00080,00001,44790,01,0,3261022,청양읍 읍내리,0376,0008,44790,25021,1,세아,9,21,44790-2,59.67,,376-8,44790,15,,
5,"17,500",,2014,2016,문화예술로,00182,00000,44790,01,0,3261011,청양읍 송방리,0096,0001,44790,25029,1,드림,9,23,44790-75,84.93,,96-1,44790,4,,
0,"9,250",,1997,2016,중앙로,00080,00001,44790,01,0,3261022,청양읍 읍내리,0376,0008,44790,25021,1,세아,10,20,44790-2,59.67,,376-8,44790,4,,
1,"8,800",,2000,2016,청산로,00035,00000,44790,01,0,3261017,청양읍 읍내리,0376,0011,44790,25021,1,장안,10,27,44790-7,59.67,,376-11,44790,1,,
0,"13,500",,2002,2016,고리섬들길,00068,00008,44790,01,0,4583017,청양읍 읍내리,0306,0000,44790,25021,1,주공1단지,11,30,44790-6,59.64,,306,44790,14,,
0,"7,250",,2000,2016,청산로,00035,00000,44790,01,0,3261017,청양읍 읍내리,0376,0011,44790,25021,1,장안,12,29,44790-7,49.95,,376-11,44790,14,,
1,"7,400",,2000,2016,청산로,00035,00000,44790,01,0,3261017,청양읍 읍내리,0376,0011,44790,25021,1,장안,12,30,44790-7,49.95,,376-11,44790,1,,
0,"13,300",,1996,2017,청산로,00029,00000,44790,01,0,3261017,청양읍 읍내리,0377,0005,44790,25021,1,천강,1,5,44790-4,84.906,,377-5,44790,9,,
1,"7,900",,1992,2017,중앙로13길,00011,00000,44790,01,0,4583259,청양읍 읍내리,0218,0001,44790,25021,1,은혜,1,6,44790-3,59.52,,218-1,44790,7,,
0,"5,800",,2000,2017,청산로,00035,00000,44790,01,0,3261017,청양읍 읍내리,0376,0011,44790,25021,1,장안,2,3,44790-7,29.7,,376-11,44790,6,,
1,"9,000",,1996,2017,청산로,00029,00000,44790,01,0,3261017,청양읍 읍내리,0377,0005,44790,25021,1,천강,2,6,44790-4,59.4,,377-5,44790,7,,
2,"13,700",,1996,2017,청산로,00029,00000,44790,01,0,3261017,청양읍 읍내리,0377,0005,44790,25021,1,천강,2,7,44790-4,84.906,,377-5,44790,11,,
3,"9,400",,1997,2017,중앙로,00080,00001,44790,01,0,3261022,청양읍 읍내리,0376,0008,44790,25021,1,세아,2,8,44790-2,59.67,,376-8,44790,7,,
4,"13,300",,2002,2017,고리섬들길,00068,00008,44790,01,0,4583017,청양읍 읍내리,0306,0000,44790,25021,1,주공1단지,2,14,44790-6,59.64,,306,44790,4,,
5,"7,700",,1993,2017,칠갑산로11길,00013,00000,44790,01,0,4583298,청양읍 읍내리,0082,0001,44790,25021,1,로얄,2,15,44790-1,84.87,,82-1,44790,7,,
6,"7,200",,2000,2017,청산로,00035,00000,44790,01,0,3261017,청양읍 읍내리,0376,0011,44790,25021,1,장안,2,24,44790-7,49.95,,376-11,44790,12,,
0,"7,200",,2002,2017,고리섬들길,00068,00008,44790,01,0,4583017,청양읍 읍내리,0306,0000,44790,25021,1,주공1단지,3,2,44790-6,49.8,,306,44790,11,,
1,"8,400",,1997,2017,중앙로,00080,00001,44790,01,0,3261022,청양읍 읍내리,0376,0008,44790,25021,1,세아,3,25,44790-2,59.67,,376-8,44790,14,,
2,"19,350",,2004,2017,고리섬들길,00092,00000,44790,01,0,4583017,청양읍 읍내리,0371,0006,44790,25021,1,디엠에이스빌,3,27,44790-5,84.9153,,371-6,44790,8,,
0,"9,300",,1997,2017,중앙로,00080,00001,44790,01,0,3261022,청양읍 읍내리,0376,0008,44790,25021,1,세아,4,10,44790-2,59.67,,376-8,44790,10,,
1,"12,700",,1996,2017,청산로,00029,00000,44790,01,0,3261017,청양읍 읍내리,0377,0005,44790,25021,1,천강,4,17,44790-4,84.906,,377-5,44790,19,,
2,"6,800",,1997,2017,중앙로,00080,00001,44790,01,0,3261022,청양읍 읍내리,0376,0008,44790,25021,1,세아,4,24,44790-2,49.98,,376-8,44790,9,,
3,"5,700",,2014,2017,중앙로,00037,00007,44790,01,0,3261022,청양읍 벽천리,0273,0004,44790,25024,1,필로스힐,4,13,44790-78,16.551,,273-4,44790,8,,
4,"21,000",,2012,2017,중앙로,00035,00000,44790,01,0,3261022,청양읍 벽천리,0273,0000,44790,25024,1,필로스캐슬,4,17,44790-65,84.9122,,273,44790,5,,
0,"12,250",,2014,2017,칠갑산로열길,00013,00000,44790,00,0,4583311,청양읍 읍내리,0167,0036,44790,25021,1,두영산드레아파트,5,7,44790-76,49.295,,167-36,44790,3,,
1,"14,000",,2002,2017,고리섬들길,00068,00008,44790,01,0,4583017,청양읍 읍내리,0306,0000,44790,25021,1,주공1단지,5,10,44790-6,59.64,,306,44790,12,,
2,"15,500",,2002,2017,고리섬들길,00068,00008,44790,01,0,4583017,청양읍 읍내리,0306,0000,44790,25021,1,주공1단지,5,19,44790-6,59.64,,306,44790,12,,
3,"9,000",,1996,2017,청산로,00029,00000,44790,01,0,3261017,청양읍 읍내리,0377,0005,44790,25021,1,천강,5,24,44790-4,59.4,,377-5,44790,5,,
4,"9,900",,2000,2017,청산로,00035,00000,44790,01,0,3261017,청양읍 읍내리,0376,0011,44790,25021,1,장안,5,29,44790-7,59.67,,376-11,44790,13,,
0,"7,000",,1997,2017,중앙로,00080,00001,44790,01,0,3261022,청양읍 읍내리,0376,0008,44790,25021,1,세아,6,2,44790-2,49.98,,376-8,44790,5,,
1,"6,100",,2000,2017,청산로,00035,00000,44790,01,0,3261017,청양읍 읍내리,0376,0011,44790,25021,1,장안,6,5,44790-7,29.7,,376-11,44790,15,,
2,"12,300",,2014,2017,칠갑산로열길,00013,00000,44790,00,0,4583311,청양읍 읍내리,0167,0036,44790,25021,1,두영산드레아파트,6,8,44790-76,49.153,,167-36,44790,3,,
3,"8,850",,2000,2017,청산로,00035,00000,44790,01,0,3261017,청양읍 읍내리,0376,0011,44790,25021,1,장안,6,13,44790-7,59.67,,376-11,44790,15,,
4,"9,550",,2000,2017,청산로,00035,00000,44790,01,0,3261017,청양읍 읍내리,0376,0011,44790,25021,1,장안,6,14,44790-7,59.67,,376-11,44790,15,,
5,"6,800",,2000,2017,청산로,00035,00000,44790,01,0,3261017,청양읍 읍내리,0376,0011,44790,25021,1,장안,6,26,44790-7,49.95,,376-11,44790,11,,
6,"5,700",,2014,2017,중앙로,00037,00007,44790,01,0,3261022,청양읍 벽천리,0273,0004,44790,25024,1,필로스힐,6,22,44790-78,16.551,,273-4,44790,1,,
0,"7,540",,1997,2017,중앙로,00080,00001,44790,01,0,3261022,청양읍 읍내리,0376,0008,44790,25021,1,세아,7,18,44790-2,49.98,,376-8,44790,11,,
1,"9,100",,1997,2017,중앙로,00080,00001,44790,01,0,3261022,청양읍 읍내리,0376,0008,44790,25021,1,세아,7,25,44790-2,59.67,,376-8,44790,13,,
2,"5,500",,2014,2017,중앙로,00037,00007,44790,01,0,3261022,청양읍 벽천리,0273,0004,44790,25024,1,필로스힐,7,26,44790-78,16.551,,273-4,44790,1,,
0,"13,900",,2002,2017,고리섬들길,00068,00008,44790,01,0,4583017,청양읍 읍내리,0306,0000,44790,25021,1,주공1단지,8,7,44790-6,59.64,,306,44790,4,,
0,"7,500",,2000,2017,청산로,00035,00000,44790,01,0,3261017,청양읍 읍내리,0376,0011,44790,25021,1,장안,9,5,44790-7,49.95,,376-11,44790,2,,
1,"5,500",,2000,2017,청산로,00035,00000,44790,01,0,3261017,청양읍 읍내리,0376,0011,44790,25021,1,장안,9,5,44790-7,29.7,,376-11,44790,5,,
2,"7,500",,2000,2017,청산로,00035,00000,44790,01,0,3261017,청양읍 읍내리,0376,0011,44790,25021,1,장안,9,16,44790-7,49.95,,376-11,44790,15,,
3,"6,500",,2000,2017,청산로,00035,00000,44790,01,0,3261017,청양읍 읍내리,0376,0011,44790,25021,1,장안,9,21,44790-7,49.95,,376-11,44790,3,,
4,"7,200",,2000,2017,청산로,00035,00000,44790,01,0,3261017,청양읍 읍내리,0376,0011,44790,25021,1,장안,9,22,44790-7,49.95,,376-11,44790,4,,
5,"7,500",,2000,2017,청산로,00035,00000,44790,01,0,3261017,청양읍 읍내리,0376,0011,44790,25021,1,장안,9,29,44790-7,49.95,,376-11,44790,13,,
6,"17,500",,2013,2017,평촌1길,00004,00025,44790,01,0,4583323,청양읍 교월리,0206,0012,44790,25023,1,백세,9,19,44790-66,84.9483,,206-12,44790,3,,
0,"18,500",,2004,2017,고리섬들길,00092,00000,44790,01,0,4583017,청양읍 읍내리,0371,0006,44790,25021,1,디엠에이스빌,10,9,44790-5,84.9153,,371-6,44790,2,,
1,"7,150",,2002,2017,고리섬들길,00068,00008,44790,01,0,4583017,청양읍 읍내리,0306,0000,44790,25021,1,주공1단지,10,26,44790-6,36.44,,306,44790,9,,
0,"13,000",,2014,2017,칠갑산로열길,00013,00000,44790,00,0,4583311,청양읍 읍내리,0167,0036,44790,25021,1,두영산드레아파트,11,3,44790-76,49.939,,167-36,44790,3,,
1,"9,800",,2000,2017,청산로,00035,00000,44790,01,0,3261017,청양읍 읍내리,0376,0011,44790,25021,1,장안,11,8,44790-7,59.67,,376-11,44790,7,,
2,"7,000",,2000,2017,청산로,00035,00000,44790,01,0,3261017,청양읍 읍내리,0376,0011,44790,25021,1,장안,11,14,44790-7,49.95,,376-11,44790,3,,
3,"9,500",,1992,2017,중앙로13길,00011,00000,44790,01,0,4583259,청양읍 읍내리,0218,0001,44790,25021,1,은혜,11,27,44790-3,84.19,,218-1,44790,9,,
4,"21,800",,2012,2017,중앙로,00035,00000,44790,01,0,3261022,청양읍 벽천리,0273,0000,44790,25024,1,필로스캐슬,11,17,44790-65,84.9122,,273,44790,6,,
0,"13,500",,1996,2017,청산로,00029,00000,44790,01,0,3261017,청양읍 읍내리,0377,0005,44790,25021,1,천강,12,15,44790-4,84.906,,377-5,44790,22,,
1,"9,000",,2000,2017,청산로,00035,00000,44790,01,0,3261017,청양읍 읍내리,0376,0011,44790,25021,1,장안,12,23,44790-7,59.67,,376-11,44790,2,,
2,"12,700",,2014,2017,칠갑산로열길,00013,00000,44790,00,0,4583311,청양읍 읍내리,0167,0036,44790,25021,1,두영산드레아파트,12,26,44790-76,49.295,,167-36,44790,8,,
3,"7,000",,1992,2017,중앙로13길,00011,00000,44790,01,0,4583259,청양읍 읍내리,0218,0001,44790,25021,1,은혜,12,29,44790-3,59.52,,218-1,44790,3,,
4,"20,800",,2012,2017,중앙로,00035,00000,44790,01,0,3261022,청양읍 벽천리,0273,0000,44790,25024,1,필로스캐슬,12,22,44790-65,84.9122,,273,44790,2,,
0,"9,300",,2000,2018,청산로,00035,00000,44790,01,0,3261017,청양읍 읍내리,0376,0011,44790,25021,1,장안,1,11,44790-7,59.67,,376-11,44790,10,,
1,"7,200",,2000,2018,청산로,00035,00000,44790,01,0,3261017,청양읍 읍내리,0376,0011,44790,25021,1,장안,1,15,44790-7,49.95,,376-11,44790,7,,
2,"3,200",,2000,2018,청산로,00035,00000,44790,01,0,3261017,청양읍 읍내리,0376,0011,44790,25021,1,장안,1,18,44790-7,29.7,,376-11,44790,11,,
3,"19,000",,2004,2018,고리섬들길,00092,00000,44790,01,0,4583017,청양읍 읍내리,0371,0006,44790,25021,1,디엠에이스빌,1,29,44790-5,84.9153,,371-6,44790,3,,
4,"21,000",,2014,2018,문화예술로,00182,00000,44790,01,0,3261011,청양읍 송방리,0096,0001,44790,25029,1,드림,1,23,44790-75,84.93,,96-1,44790,10,,
0,"6,800",,1992,2018,중앙로13길,00011,00000,44790,01,0,4583259,청양읍 읍내리,0218,0001,44790,25021,1,은혜,2,19,44790-3,59.52,,218-1,44790,7,,
1,"22,800",,2012,2018,중앙로,00035,00000,44790,01,0,3261022,청양읍 벽천리,0273,0000,44790,25024,1,필로스캐슬,2,28,44790-65,84.9122,,273,44790,10,,
0,"9,100",,1996,2018,청산로,00029,00000,44790,01,0,3261017,청양읍 읍내리,0377,0005,44790,25021,1,천강,3,5,44790-4,59.4,,377-5,44790,5,,
1,"5,600",,2000,2018,청산로,00035,00000,44790,01,0,3261017,청양읍 읍내리,0376,0011,44790,25021,1,장안,3,13,44790-7,29.7,,376-11,44790,5,,
2,"8,300",,2000,2018,청산로,00035,00000,44790,01,0,3261017,청양읍 읍내리,0376,0011,44790,25021,1,장안,3,20,44790-7,59.67,,376-11,44790,2,,
3,"12,800",,2002,2018,고리섬들길,00068,00008,44790,01,0,4583017,청양읍 읍내리,0306,0000,44790,25021,1,주공1단지,3,21,44790-6,49.8,,306,44790,3,,
4,"17,000",,2013,2018,평촌1길,00004,00025,44790,01,0,4583323,청양읍 교월리,0206,0012,44790,25023,1,백세,3,23,44790-66,84.9483,,206-12,44790,2,,
5,"14,000",,2014,2018,효자길,00009,00015,44790,01,0,4583337,정산면 서정리,0156,0042,44790,33021,1,정산필로스캐슬,3,2,44790-73,59.5262,,156-42,44790,7,,
6,"14,000",,2014,2018,효자길,00009,00015,44790,01,0,4583337,정산면 서정리,0156,0042,44790,33021,1,정산필로스캐슬,3,28,44790-73,59.3666,,156-42,44790,5,,
0,"15,000",,2002,2018,고리섬들길,00068,00008,44790,01,0,4583017,청양읍 읍내리,0306,0000,44790,25021,1,주공1단지,4,3,44790-6,59.64,,306,44790,12,,
1,"7,200",,2000,2018,청산로,00035,00000,44790,01,0,3261017,청양읍 읍내리,0376,0011,44790,25021,1,장안,4,7,44790-7,49.95,,376-11,44790,2,,
2,"7,500",,2000,2018,청산로,00035,00000,44790,01,0,3261017,청양읍 읍내리,0376,0011,44790,25021,1,장안,4,30,44790-7,49.95,,376-11,44790,3,,
3,"14,400",,2014,2018,효자길,00009,00015,44790,01,0,4583337,정산면 서정리,0156,0042,44790,33021,1,정산필로스캐슬,4,19,44790-73,59.3666,,156-42,44790,10,,
4,"14,000",,2014,2018,효자길,00009,00015,44790,01,0,4583337,정산면 서정리,0156,0042,44790,33021,1,정산필로스캐슬,4,27,44790-73,59.3666,,156-42,44790,13,,
0,"9,900",,2000,2018,청산로,00035,00000,44790,01,0,3261017,청양읍 읍내리,0376,0011,44790,25021,1,장안,5,18,44790-7,59.67,,376-11,44790,9,,
1,"19,500",,2004,2018,고리섬들길,00092,00000,44790,01,0,4583017,청양읍 읍내리,0371,0006,44790,25021,1,디엠에이스빌,5,25,44790-5,84.9153,,371-6,44790,2,,
2,"5,300",,2014,2018,중앙로,00037,00007,44790,01,0,3261022,청양읍 벽천리,0273,0004,44790,25024,1,필로스힐,5,4,44790-78,16.551,,273-4,44790,8,,
3,"5,300",,2014,2018,중앙로,00037,00007,44790,01,0,3261022,청양읍 벽천리,0273,0004,44790,25024,1,필로스힐,5,31,44790-78,16.551,,273-4,44790,1,,
4,"14,000",,2014,2018,효자길,00009,00015,44790,01,0,4583337,정산면 서정리,0156,0042,44790,33021,1,정산필로스캐슬,5,11,44790-73,59.5262,,156-42,44790,12,,
0,"9,200",,1996,2018,청산로,00029,00000,44790,01,0,3261017,청양읍 읍내리,0377,0005,44790,25021,1,천강,6,1,44790-4,59.4,,377-5,44790,4,,
1,"8,500",,1997,2018,중앙로,00080,00001,44790,01,0,3261022,청양읍 읍내리,0376,0008,44790,25021,1,세아,6,5,44790-2,59.67,,376-8,44790,9,,
2,"8,700",,1997,2018,중앙로,00080,00001,44790,01,0,3261022,청양읍 읍내리,0376,0008,44790,25021,1,세아,6,11,44790-2,59.67,,376-8,44790,8,,
3,"8,900",,1997,2018,중앙로,00080,00001,44790,01,0,3261022,청양읍 읍내리,0376,0008,44790,25021,1,세아,6,13,44790-2,59.67,,376-8,44790,10,,
4,"21,400",,2012,2018,중앙로,00035,00000,44790,01,0,3261022,청양읍 벽천리,0273,0000,44790,25024,1,필로스캐슬,6,8,44790-65,84.9122,,273,44790,2,,
5,"5,400",,2014,2018,중앙로,00037,00007,44790,01,0,3261022,청양읍 벽천리,0273,0004,44790,25024,1,필로스힐,6,16,44790-78,16.5089,,273-4,44790,6,,
6,"14,000",,2014,2018,효자길,00009,00015,44790,01,0,4583337,정산면 서정리,0156,0042,44790,33021,1,정산필로스캐슬,6,29,44790-73,59.9921,,156-42,44790,9,,
0,"14,850",,2002,2018,고리섬들길,00068,00008,44790,01,0,4583017,청양읍 읍내리,0306,0000,44790,25021,1,주공1단지,7,28,44790-6,59.64,,306,44790,4,,
1,"9,300",,2000,2018,청산로,00035,00000,44790,01,0,3261017,청양읍 읍내리,0376,0011,44790,25021,1,장안,7,30,44790-7,59.67,,376-11,44790,9,,
2,"13,000",,2014,2018,효자길,00009,00015,44790,01,0,4583337,정산면 서정리,0156,0042,44790,33021,1,정산필로스캐슬,7,5,44790-73,59.5262,,156-42,44790,8,,
0,"10,000",,1997,2018,중앙로,00080,00001,44790,01,0,3261022,청양읍 읍내리,0376,0008,44790,25021,1,세아,8,1,44790-2,59.67,,376-8,44790,8,,
1,"7,100",,2000,2018,청산로,00035,00000,44790,01,0,3261017,청양읍 읍내리,0376,0011,44790,25021,1,장안,8,3,44790-7,49.95,,376-11,44790,10,,
2,"8,800",,2000,2018,청산로,00035,00000,44790,01,0,3261017,청양읍 읍내리,0376,0011,44790,25021,1,장안,8,17,44790-7,59.67,,376-11,44790,15,,
3,"13,800",,1996,2018,청산로,00029,00000,44790,01,0,3261017,청양읍 읍내리,0377,0005,44790,25021,1,천강,8,20,44790-4,84.906,,377-5,44790,20,,
4,"8,800",,1996,2018,청산로,00029,00000,44790,01,0,3261017,청양읍 읍내리,0377,0005,44790,25021,1,천강,8,28,44790-4,59.4,,377-5,44790,1,,
5,"17,600",,2012,2018,중앙로,00035,00000,44790,01,0,3261022,청양읍 벽천리,0273,0000,44790,25024,1,필로스캐슬,8,7,44790-65,59.8901,,273,44790,9,,
0,"12,500",,2014,2018,칠갑산로열길,00013,00000,44790,00,0,4583311,청양읍 읍내리,0167,0036,44790,25021,1,두영산드레아파트,9,15,44790-76,49.939,,167-36,44790,2,,
1,"10,000",,1992,2018,중앙로13길,00011,00000,44790,01,0,4583259,청양읍 읍내리,0218,0001,44790,25021,1,은혜,9,18,44790-3,84.19,,218-1,44790,9,,
2,"11,000",,2002,2018,고리섬들길,00068,00008,44790,01,0,4583017,청양읍 읍내리,0306,0000,44790,25021,1,주공1단지,9,27,44790-6,49.8,,306,44790,4,,
0,"9,500",,2002,2018,고리섬들길,00068,00008,44790,01,0,4583017,청양읍 읍내리,0306,0000,44790,25021,1,주공1단지,10,12,44790-6,49.8,,306,44790,15,,
1,"8,000",,2002,2018,고리섬들길,00068,00008,44790,01,0,4583017,청양읍 읍내리,0306,0000,44790,25021,1,주공1단지,10,17,44790-6,36.44,,306,44790,7,,
2,"20,000",,2004,2018,고리섬들길,00092,00000,44790,01,0,4583017,청양읍 읍내리,0371,0006,44790,25021,1,디엠에이스빌,10,18,44790-5,84.9153,,371-6,44790,9,,
3,"9,300",,2000,2018,청산로,00035,00000,44790,01,0,3261017,청양읍 읍내리,0376,0011,44790,25021,1,장안,10,19,44790-7,59.67,,376-11,44790,5,,
4,"21,850",,2012,2018,중앙로,00035,00000,44790,01,0,3261022,청양읍 벽천리,0273,0000,44790,25024,1,필로스캐슬,10,1,44790-65,84.9122,,273,44790,3,,
5,"21,300",,2014,2018,문화예술로,00182,00000,44790,01,0,3261011,청양읍 송방리,0096,0001,44790,25029,1,드림,10,4,44790-75,84.93,,96-1,44790,5,,
6,"14,000",,2014,2018,효자길,00009,00015,44790,01,0,4583337,정산면 서정리,0156,0042,44790,33021,1,정산필로스캐슬,10,22,44790-73,59.5262,,156-42,44790,13,,
0,"12,800",,2014,2018,칠갑산로열길,00013,00000,44790,00,0,4583311,청양읍 읍내리,0167,0036,44790,25021,1,두영산드레아파트,11,7,44790-76,49.6567,,167-36,44790,7,,
1,"9,000",,1996,2018,청산로,00029,00000,44790,01,0,3261017,청양읍 읍내리,0377,0005,44790,25021,1,천강,11,9,44790-4,59.4,,377-5,44790,7,,
2,"11,500",,2002,2018,고리섬들길,00068,00008,44790,01,0,4583017,청양읍 읍내리,0306,0000,44790,25021,1,주공1단지,11,16,44790-6,49.8,,306,44790,15,,
3,"7,200",,2000,2018,청산로,00035,00000,44790,01,0,3261017,청양읍 읍내리,0376,0011,44790,25021,1,장안,11,26,44790-7,49.95,,376-11,44790,2,,
0,"12,750",,2014,2018,칠갑산로열길,00013,00000,44790,00,0,4583311,청양읍 읍내리,0167,0036,44790,25021,1,두영산드레아파트,12,1,44790-76,49.153,,167-36,44790,8,,
1,"7,000",,2002,2018,고리섬들길,00068,00008,44790,01,0,4583017,청양읍 읍내리,0306,0000,44790,25021,1,주공1단지,12,6,44790-6,36.44,,306,44790,8,,
2,"11,000",,1996,2018,청산로,00029,00000,44790,01,0,3261017,청양읍 읍내리,0377,0005,44790,25021,1,천강,12,24,44790-4,84.906,,377-5,44790,23,,
3,"17,300",,2012,2018,중앙로,00035,00000,44790,01,0,3261022,청양읍 벽천리,0273,0000,44790,25024,1,필로스캐슬,12,15,44790-65,59.8901,,273,44790,4,,
0,"7,100",,2000,2019,청산로,00035,00000,44790,01,0,3261017,청양읍 읍내리,0376,0011,44790,25021,1,장안,1,1,44790-7,49.95,,376-11,44790,11,,
1,"5,250",,2000,2019,청산로,00035,00000,44790,01,0,3261017,청양읍 읍내리,0376,0011,44790,25021,1,장안,1,3,44790-7,29.7,,376-11,44790,3,,
2,"9,500",,1996,2019,청산로,00029,00000,44790,01,0,3261017,청양읍 읍내리,0377,0005,44790,25021,1,천강,1,15,44790-4,59.4,,377-5,44790,4,,
3,"8,400",,1992,2019,중앙로13길,00011,00000,44790,01,0,4583259,청양읍 읍내리,0218,0001,44790,25021,1,은혜,1,21,44790-3,84.19,,218-1,44790,1,,
4,"7,100",,2000,2019,청산로,00035,00000,44790,01,0,3261017,청양읍 읍내리,0376,0011,44790,25021,1,장안,1,21,44790-7,59.67,,376-11,44790,14,,
5,"14,000",,2012,2019,중앙로,00035,00000,44790,01,0,3261022,청양읍 벽천리,0273,0000,44790,25024,1,필로스캐슬,1,2,44790-65,59.8901,,273,44790,3,,
6,"5,450",,2014,2019,중앙로,00037,00007,44790,01,0,3261022,청양읍 벽천리,0273,0004,44790,25024,1,필로스힐,1,27,44790-78,16.551,,273-4,44790,6,,
7,"5,300",,2014,2019,중앙로,00037,00007,44790,01,0,3261022,청양읍 벽천리,0273,0004,44790,25024,1,필로스힐,1,30,44790-78,16.551,,273-4,44790,4,,
0,"9,000",,2000,2019,청산로,00035,00000,44790,01,0,3261017,청양읍 읍내리,0376,0011,44790,25021,1,장안,2,12,44790-7,59.67,,376-11,44790,8,,
1,"22,500",,2012,2019,중앙로,00035,00000,44790,01,0,3261022,청양읍 벽천리,0273,0000,44790,25024,1,필로스캐슬,2,21,44790-65,84.9122,,273,44790,13,,
0,"9,700",,2000,2019,청산로,00035,00000,44790,01,0,3261017,청양읍 읍내리,0376,0011,44790,25021,1,장안,3,5,44790-7,59.67,,376-11,44790,8,,
1,"7,350",,2000,2019,청산로,00035,00000,44790,01,0,3261017,청양읍 읍내리,0376,0011,44790,25021,1,장안,3,6,44790-7,49.95,,376-11,44790,7,,
2,"10,000",,2000,2019,청산로,00035,00000,44790,01,0,3261017,청양읍 읍내리,0376,0011,44790,25021,1,장안,3,25,44790-7,59.67,,376-11,44790,6,,
3,"7,300",,2000,2019,청산로,00035,00000,44790,01,0,3261017,청양읍 읍내리,0376,0011,44790,25021,1,장안,3,26,44790-7,49.95,,376-11,44790,10,,
4,"4,900",,2014,2019,중앙로,00037,00007,44790,01,0,3261022,청양읍 벽천리,0273,0004,44790,25024,1,필로스힐,3,27,44790-78,16.551,,273-4,44790,1,,
5,"14,000",,2014,2019,효자길,00009,00015,44790,01,0,4583337,정산면 서정리,0156,0042,44790,33021,1,정산필로스캐슬,3,12,44790-73,59.3666,,156-42,44790,8,,
0,"6,200",,1997,2019,중앙로,00080,00001,44790,01,0,3261022,청양읍 읍내리,0376,0008,44790,25021,1,세아,4,9,44790-2,49.98,,376-8,44790,10,,
1,"13,500",,2002,2019,고리섬들길,00068,00008,44790,01,0,4583017,청양읍 읍내리,0306,0000,44790,25021,1,주공1단지,4,30,44790-6,59.64,,306,44790,1,,
2,"15,100",,2012,2019,중앙로,00035,00000,44790,01,0,3261022,청양읍 벽천리,0273,0000,44790,25024,1,필로스캐슬,4,23,44790-65,59.8901,,273,44790,1,,
3,"13,500",,2014,2019,효자길,00009,00015,44790,01,0,4583337,정산면 서정리,0156,0042,44790,33021,1,정산필로스캐슬,4,1,44790-73,59.9921,,156-42,44790,8,,
0,"7,000",,2000,2019,청산로,00035,00000,44790,01,0,3261017,청양읍 읍내리,0376,0011,44790,25021,1,장안,5,13,44790-7,49.95,,376-11,44790,15,,
0,"9,700",,1997,2019,중앙로,00080,00001,44790,01,0,3261022,청양읍 읍내리,0376,0008,44790,25021,1,세아,6,18,44790-2,59.67,,376-8,44790,9,,
1,"5,000",,2000,2019,청산로,00035,00000,44790,01,0,3261017,청양읍 읍내리,0376,0011,44790,25021,1,장안,6,18,44790-7,29.7,,376-11,44790,7,,
2,"5,600",,2000,2019,청산로,00035,00000,44790,01,0,3261017,청양읍 읍내리,0376,0011,44790,25021,1,장안,6,19,44790-7,29.7,,376-11,44790,13,,
3,"11,900",,2014,2019,효자길,00009,00015,44790,01,0,4583337,정산면 서정리,0156,0042,44790,33021,1,정산필로스캐슬,6,7,44790-73,59.9921,,156-42,44790,2,,
0,"7,800",,2002,2019,고리섬들길,00068,00008,44790,01,0,4583017,청양읍 읍내리,0306,0000,44790,25021,1,주공1단지,7,2,44790-6,36.44,,306,44790,5,,
1,"13,450",,2014,2019,칠갑산로열길,00013,00000,44790,00,0,4583311,청양읍 읍내리,0167,0036,44790,25021,1,두영산드레아파트,7,15,44790-76,49.153,,167-36,44790,5,,
2,"10,000",,1997,2019,중앙로,00080,00001,44790,01,0,3261022,청양읍 읍내리,0376,0008,44790,25021,1,세아,7,17,44790-2,59.67,,376-8,44790,7,,
3,"9,000",,1997,2019,중앙로,00080,00001,44790,01,0,3261022,청양읍 읍내리,0376,0008,44790,25021,1,세아,7,22,44790-2,59.67,,376-8,44790,1,,
4,"7,400",,2000,2019,청산로,00035,00000,44790,01,0,3261017,청양읍 읍내리,0376,0011,44790,25021,1,장안,7,22,44790-7,49.95,,376-11,44790,6,,
0,"7,000",,1992,2019,중앙로13길,00011,00000,44790,01,0,4583259,청양읍 읍내리,0218,0001,44790,25021,1,은혜,8,19,44790-3,59.52,,218-1,44790,3,,
1,"6,500",,2000,2019,청산로,00035,00000,44790,01,0,3261017,청양읍 읍내리,0376,0011,44790,25021,1,장안,8,30,44790-7,49.95,,376-11,44790,1,,
2,"5,900",,2014,2019,중앙로,00037,00007,44790,01,0,3261022,청양읍 벽천리,0273,0004,44790,25024,1,필로스힐,8,8,44790-78,16.551,,273-4,44790,2,,
0,"7,800",,2002,2019,고리섬들길,00068,00008,44790,01,0,4583017,청양읍 읍내리,0306,0000,44790,25021,1,주공1단지,9,3,44790-6,36.44,,306,44790,7,,
1,"7,200",,2000,2019,청산로,00035,00000,44790,01,0,3261017,청양읍 읍내리,0376,0011,44790,25021,1,장안,9,3,44790-7,49.95,,376-11,44790,3,,
2,"14,000",,1996,2019,청산로,00029,00000,44790,01,0,3261017,청양읍 읍내리,0377,0005,44790,25021,1,천강,9,20,44790-4,84.906,,377-5,44790,20,,
0,"8,800",,2000,2019,청산로,00035,00000,44790,01,0,3261017,청양읍 읍내리,0376,0011,44790,25021,1,장안,10,7,44790-7,59.67,,376-11,44790,11,,
1,"11,000",,2002,2019,고리섬들길,00068,00008,44790,01,0,4583017,청양읍 읍내리,0306,0000,44790,25021,1,주공1단지,10,14,44790-6,49.8,,306,44790,8,,
2,"7,500",,2000,2019,청산로,00035,00000,44790,01,0,3261017,청양읍 읍내리,0376,0011,44790,25021,1,장안,10,14,44790-7,49.95,,376-11,44790,11,,
3,"17,000",,2012,2019,중앙로,00035,00000,44790,01,0,3261022,청양읍 벽천리,0273,0000,44790,25024,1,필로스캐슬,10,21,44790-65,59.8901,,273,44790,11,,
0,"7,400",,2000,2019,청산로,00035,00000,44790,01,0,3261017,청양읍 읍내리,0376,0011,44790,25021,1,장안,11,5,44790-7,49.95,,376-11,44790,5,,
1,"9,100",,1996,2019,청산로,00029,00000,44790,01,0,3261017,청양읍 읍내리,0377,0005,44790,25021,1,천강,11,6,44790-4,84.906,,377-5,44790,22,,
2,"5,400",,2014,2019,중앙로,00037,00007,44790,01,0,3261022,청양읍 벽천리,0273,0004,44790,25024,1,필로스힐,11,12,44790-78,16.3783,,273-4,44790,5,,
0,"5,200",,2000,2019,청산로,00035,00000,44790,01,0,3261017,청양읍 읍내리,0376,0011,44790,25021,1,장안,12,3,44790-7,29.7,,376-11,44790,12,,
1,"9,000",,2000,2019,청산로,00035,00000,44790,01,0,3261017,청양읍 읍내리,0376,0011,44790,25021,1,장안,12,4,44790-7,59.67,,376-11,44790,9,,
2,"6,800",,2000,2019,청산로,00035,00000,44790,01,0,3261017,청양읍 읍내리,0376,0011,44790,25021,1,장안,12,13,44790-7,49.95,,376-11,44790,10,,
3,"14,000",,2004,2019,고리섬들길,00092,00000,44790,01,0,4583017,청양읍 읍내리,0371,0006,44790,25021,1,디엠에이스빌,12,16,44790-5,84.9153,,371-6,44790,10,,
4,"15,500",,2002,2019,고리섬들길,00068,00008,44790,01,0,4583017,청양읍 읍내리,0306,0000,44790,25021,1,주공1단지,12,19,44790-6,59.64,,306,44790,13,,
5,"9,300",,2000,2019,청산로,00035,00000,44790,01,0,3261017,청양읍 읍내리,0376,0011,44790,25021,1,장안,12,20,44790-7,59.67,,376-11,44790,1,,
0,"7,400",,2000,2020,청산로,00035,00000,44790,01,0,3261017,청양읍 읍내리,0376,0011,44790,25021,1,장안,1,1,44790-7,49.95,,376-11,44790,12,,
1,"14,000",,1996,2020,청산로,00029,00000,44790,01,0,3261017,청양읍 읍내리,0377,0005,44790,25021,1,천강,1,10,44790-4,84.906,,377-5,44790,3,,
2,"10,200",,2002,2020,고리섬들길,00068,00008,44790,01,0,4583017,청양읍 읍내리,0306,0000,44790,25021,1,주공1단지,1,23,44790-6,49.8,,306,44790,3,,
3,"10,000",,1996,2020,청산로,00029,00000,44790,01,0,3261017,청양읍 읍내리,0377,0005,44790,25021,1,천강,1,28,44790-4,59.4,,377-5,44790,14,,
4,"10,750",,2002,2020,고리섬들길,00068,00008,44790,01,0,4583017,청양읍 읍내리,0306,0000,44790,25021,1,주공1단지,1,31,44790-6,49.8,,306,44790,10,,
5,"5,800",,2014,2020,중앙로,00037,00007,44790,01,0,3261022,청양읍 벽천리,0273,0004,44790,25024,1,필로스힐,1,3,44790-78,16.551,,273-4,44790,5,,
6,"5,550",,2014,2020,중앙로,00037,00007,44790,01,0,3261022,청양읍 벽천리,0273,0004,44790,25024,1,필로스힐,1,13,44790-78,16.551,,273-4,44790,4,,
0,"9,400",,2000,2020,청산로,00035,00000,44790,01,0,3261017,청양읍 읍내리,0376,0011,44790,25021,1,장안,2,1,44790-7,59.67,,376-11,44790,7,,
1,"12,000",,2014,2020,칠갑산로열길,00013,00000,44790,00,0,4583311,청양읍 읍내리,0167,0036,44790,25021,1,두영산드레아파트,2,5,44790-76,49.6567,,167-36,44790,5,,
2,"5,300",,2000,2020,청산로,00035,00000,44790,01,0,3261017,청양읍 읍내리,0376,0011,44790,25021,1,장안,2,13,44790-7,29.7,,376-11,44790,8,,
3,"11,600",,1997,2020,중앙로,00080,00001,44790,01,0,3261022,청양읍 읍내리,0376,0008,44790,25021,1,세아,2,18,44790-2,84.9,,376-8,44790,10,,
4,"7,200",,1992,2020,중앙로13길,00011,00000,44790,01,0,4583259,청양읍 읍내리,0218,0001,44790,25021,1,은혜,2,21,44790-3,59.52,,218-1,44790,4,,
0,"7,000",,1996,2020,청산로,00029,00000,44790,01,0,3261017,청양읍 읍내리,0377,0005,44790,25021,1,천강,3,10,44790-4,59.4,,377-5,44790,10,,
1,"9,400",,2000,2020,청산로,00035,00000,44790,01,0,3261017,청양읍 읍내리,0376,0011,44790,25021,1,장안,3,22,44790-7,59.67,,376-11,44790,11,,
2,"10,900",,1997,2020,중앙로,00080,00001,44790,01,0,3261022,청양읍 읍내리,0376,0008,44790,25021,1,세아,3,23,44790-2,59.67,,376-8,44790,3,,
3,"7,400",,2000,2020,청산로,00035,00000,44790,01,0,3261017,청양읍 읍내리,0376,0011,44790,25021,1,장안,3,25,44790-7,49.95,,376-11,44790,11,,
4,"22,500",,2012,2020,중앙로,00035,00000,44790,01,0,3261022,청양읍 벽천리,0273,0000,44790,25024,1,필로스캐슬,3,10,44790-65,84.9122,,273,44790,1,,
0,"13,800",,1996,2020,청산로,00029,00000,44790,01,0,3261017,청양읍 읍내리,0377,0005,44790,25021,1,천강,4,3,44790-4,84.906,,377-5,44790,10,,
1,"13,400",,2014,2020,칠갑산로열길,00013,00000,44790,00,0,4583311,청양읍 읍내리,0167,0036,44790,25021,1,두영산드레아파트,4,10,44790-76,49.6567,,167-36,44790,6,,
2,"10,000",,1993,2020,칠갑산로11길,00013,00000,44790,01,0,4583298,청양읍 읍내리,0082,0001,44790,25021,1,로얄,4,13,44790-1,84.87,,82-1,44790,6,,
3,"9,300",,1996,2020,청산로,00029,00000,44790,01,0,3261017,청양읍 읍내리,0377,0005,44790,25021,1,천강,4,15,44790-4,59.4,,377-5,44790,4,,
4,"10,900",,2000,2020,청산로,00035,00000,44790,01,0,3261017,청양읍 읍내리,0376,0011,44790,25021,1,장안,4,15,44790-7,59.67,,376-11,44790,10,,
5,"5,700",,2000,2020,청산로,00035,00000,44790,01,0,3261017,청양읍 읍내리,0376,0011,44790,25021,1,장안,4,28,44790-7,29.7,,376-11,44790,6,,
6,"12,600",,2014,2020,칠갑산로열길,00013,00000,44790,00,0,4583311,청양읍 읍내리,0167,0036,44790,25021,1,두영산드레아파트,4,28,44790-76,49.295,,167-36,44790,7,,
7,"5,300",,2014,2020,중앙로,00037,00007,44790,01,0,3261022,청양읍 벽천리,0273,0004,44790,25024,1,필로스힐,4,3,44790-78,16.0999,,273-4,44790,4,,
8,"21,500",,2014,2020,문화예술로,00182,00000,44790,01,0,3261011,청양읍 송방리,0096,0001,44790,25029,1,드림,4,25,44790-75,84.93,,96-1,44790,10,,
0,"7,400",,2000,2020,청산로,00035,00000,44790,01,0,3261017,청양읍 읍내리,0376,0011,44790,25021,1,장안,5,7,44790-7,49.95,,376-11,44790,11,,
1,"9,200",,1996,2020,청산로,00029,00000,44790,01,0,3261017,청양읍 읍내리,0377,0005,44790,25021,1,천강,5,13,44790-4,59.4,,377-5,44790,8,,
2,"13,800",,2014,2020,칠갑산로열길,00013,00000,44790,00,0,4583311,청양읍 읍내리,0167,0036,44790,25021,1,두영산드레아파트,5,13,44790-76,49.6567,,167-36,44790,8,,
3,"9,300",,2000,2020,청산로,00035,00000,44790,01,0,3261017,청양읍 읍내리,0376,0011,44790,25021,1,장안,5,19,44790-7,59.67,,376-11,44790,2,,
4,"21,000",,2020,2020,평촌1길,00028,00000,44790,01,0,4583323,청양읍 교월리,0206,0001,44790,25023,1,리버파크,5,4,44790-85,84.13,,206-1,44790,2,,
5,"26,000",,2020,2020,평촌1길,00028,00000,44790,01,0,4583323,청양읍 교월리,0206,0001,44790,25023,1,리버파크,5,4,44790-85,84.13,,206-1,44790,13,,
6,"23,000",,2020,2020,평촌1길,00028,00000,44790,01,0,4583323,청양읍 교월리,0206,0001,44790,25023,1,리버파크,5,4,44790-85,84.13,,206-1,44790,12,,
7,"23,000",,2020,2020,평촌1길,00028,00000,44790,01,0,4583323,청양읍 교월리,0206,0001,44790,25023,1,리버파크,5,4,44790-85,84.13,,206-1,44790,9,,
8,"23,000",,2020,2020,평촌1길,00028,00000,44790,01,0,4583323,청양읍 교월리,0206,0001,44790,25023,1,리버파크,5,4,44790-85,84.13,,206-1,44790,6,,
9,"23,000",,2020,2020,평촌1길,00028,00000,44790,01,0,4583323,청양읍 교월리,0206,0001,44790,25023,1,리버파크,5,4,44790-85,84.13,,206-1,44790,5,,
10,"23,000",,2020,2020,평촌1길,00028,00000,44790,01,0,4583323,청양읍 교월리,0206,0001,44790,25023,1,리버파크,5,4,44790-85,84.13,,206-1,44790,4,,
11,"23,000",,2020,2020,평촌1길,00028,00000,44790,01,0,4583323,청양읍 교월리,0206,0001,44790,25023,1,리버파크,5,4,44790-85,84.13,,206-1,44790,4,20.05.29,O
12,"23,000",,2020,2020,평촌1길,00028,00000,44790,01,0,4583323,청양읍 교월리,0206,0001,44790,25023,1,리버파크,5,4,44790-85,84.13,,206-1,44790,4,,
13,"23,000",,2020,2020,평촌1길,00028,00000,44790,01,0,4583323,청양읍 교월리,0206,0001,44790,25023,1,리버파크,5,4,44790-85,84.13,,206-1,44790,3,,
14,"23,000",,2020,2020,평촌1길,00028,00000,44790,01,0,4583323,청양읍 교월리,0206,0001,44790,25023,1,리버파크,5,4,44790-85,84.13,,206-1,44790,3,,
15,"21,000",,2020,2020,평촌1길,00028,00000,44790,01,0,4583323,청양읍 교월리,0206,0001,44790,25023,1,리버파크,5,4,44790-85,84.13,,206-1,44790,2,,
16,"23,000",,2020,2020,평촌1길,00028,00000,44790,01,0,4583323,청양읍 교월리,0206,0001,44790,25023,1,리버파크,5,11,44790-85,84.13,,206-1,44790,5,,
17,"23,000",,2020,2020,평촌1길,00028,00000,44790,01,0,4583323,청양읍 교월리,0206,0001,44790,25023,1,리버파크,5,11,44790-85,84.13,,206-1,44790,10,,
18,"23,000",,2020,2020,평촌1길,00028,00000,44790,01,0,4583323,청양읍 교월리,0206,0001,44790,25023,1,리버파크,5,11,44790-85,84.13,,206-1,44790,10,,
19,"23,000",,2020,2020,평촌1길,00028,00000,44790,01,0,4583323,청양읍 교월리,0206,0001,44790,25023,1,리버파크,5,11,44790-85,84.13,,206-1,44790,9,,
20,"23,000",,2020,2020,평촌1길,00028,00000,44790,01,0,4583323,청양읍 교월리,0206,0001,44790,25023,1,리버파크,5,11,44790-85,84.13,,206-1,44790,8,,
21,"20,000",,2020,2020,평촌1길,00028,00000,44790,01,0,4583323,청양읍 교월리,0206,0001,44790,25023,1,리버파크,5,28,44790-85,84.13,,206-1,44790,1,,
22,"22,000",,2012,2020,중앙로,00035,00000,44790,01,0,3261022,청양읍 벽천리,0273,0000,44790,25024,1,필로스캐슬,5,15,44790-65,84.9122,,273,44790,12,,
0,"15,000",,2002,2020,고리섬들길,00068,00008,44790,01,0,4583017,청양읍 읍내리,0306,0000,44790,25021,1,주공1단지,6,11,44790-6,59.64,,306,44790,3,,
1,"7,400",,2000,2020,청산로,00035,00000,44790,01,0,3261017,청양읍 읍내리,0376,0011,44790,25021,1,장안,6,15,44790-7,49.95,,376-11,44790,3,,
2,"7,000",,2000,2020,청산로,00035,00000,44790,01,0,3261017,청양읍 읍내리,0376,0011,44790,25021,1,장안,6,27,44790-7,49.95,,376-11,44790,9,,
3,"20,700",,2004,2020,고리섬들길,00092,00000,44790,01,0,4583017,청양읍 읍내리,0371,0006,44790,25021,1,디엠에이스빌,6,30,44790-5,84.9153,,371-6,44790,5,,
4,"9,200",,2000,2020,청산로,00035,00000,44790,01,0,3261017,청양읍 읍내리,0376,0011,44790,25021,1,장안,6,30,44790-7,59.67,,376-11,44790,10,,
5,"23,000",,2020,2020,평촌1길,00028,00000,44790,01,0,4583323,청양읍 교월리,0206,0001,44790,25023,1,리버파크,6,10,44790-85,84.13,,206-1,44790,8,,
6,"23,000",,2020,2020,평촌1길,00028,00000,44790,01,0,4583323,청양읍 교월리,0206,0001,44790,25023,1,리버파크,6,10,44790-85,84.13,,206-1,44790,11,,
7,"23,000",,2020,2020,평촌1길,00028,00000,44790,01,0,4583323,청양읍 교월리,0206,0001,44790,25023,1,리버파크,6,24,44790-85,84.13,,206-1,44790,6,,
8,"23,000",,2020,2020,평촌1길,00028,00000,44790,01,0,4583323,청양읍 교월리,0206,0001,44790,25023,1,리버파크,6,24,44790-85,84.13,,206-1,44790,7,,
9,"23,000",,2020,2020,평촌1길,00028,00000,44790,01,0,4583323,청양읍 교월리,0206,0001,44790,25023,1,리버파크,6,24,44790-85,84.13,,206-1,44790,7,,
10,"5,500",,2014,2020,중앙로,00037,00007,44790,01,0,3261022,청양읍 벽천리,0273,0004,44790,25024,1,필로스힐,6,10,44790-78,16.551,,273-4,44790,3,,
11,"5,500",,2014,2020,중앙로,00037,00007,44790,01,0,3261022,청양읍 벽천리,0273,0004,44790,25024,1,필로스힐,6,10,44790-78,16.0999,,273-4,44790,4,,
12,"5,500",,2014,2020,중앙로,00037,00007,44790,01,0,3261022,청양읍 벽천리,0273,0004,44790,25024,1,필로스힐,6,10,44790-78,16.0999,,273-4,44790,3,,
13,"17,500",,2012,2020,중앙로,00035,00000,44790,01,0,3261022,청양읍 벽천리,0273,0000,44790,25024,1,필로스캐슬,6,23,44790-65,59.8901,,273,44790,5,,
14,"19,000",,2014,2020,문화예술로,00182,00000,44790,01,0,3261011,청양읍 송방리,0096,0001,44790,25029,1,드림,6,25,44790-75,84.93,,96-1,44790,8,,
15,"12,500",,2014,2020,효자길,00009,00015,44790,01,0,4583337,정산면 서정리,0156,0042,44790,33021,1,정산필로스캐슬,6,30,44790-73,59.9921,,156-42,44790,14,,
0,"6,400",,1992,2020,중앙로13길,00011,00000,44790,01,0,4583259,청양읍 읍내리,0218,0001,44790,25021,1,은혜,7,14,44790-3,59.52,,218-1,44790,2,,
1,"10,800",,2002,2020,고리섬들길,00068,00008,44790,01,0,4583017,청양읍 읍내리,0306,0000,44790,25021,1,주공1단지,7,21,44790-6,49.8,,306,44790,7,,
2,"9,300",,1996,2020,청산로,00029,00000,44790,01,0,3261017,청양읍 읍내리,0377,0005,44790,25021,1,천강,7,22,44790-4,59.4,,377-5,44790,11,,
3,"7,800",,2002,2020,고리섬들길,00068,00008,44790,01,0,4583017,청양읍 읍내리,0306,0000,44790,25021,1,주공1단지,7,23,44790-6,36.44,,306,44790,8,,
4,"9,050",,1996,2020,청산로,00029,00000,44790,01,0,3261017,청양읍 읍내리,0377,0005,44790,25021,1,천강,7,25,44790-4,59.4,,377-5,44790,2,,
5,"18,000",,2013,2020,평촌1길,00004,00025,44790,01,0,4583323,청양읍 교월리,0206,0012,44790,25023,1,백세,7,4,44790-66,84.9483,,206-12,44790,4,,
0,"9,000",,2000,2020,청산로,00035,00000,44790,01,0,3261017,청양읍 읍내리,0376,0011,44790,25021,1,장안,8,10,44790-7,59.67,,376-11,44790,15,,
1,"8,300",,2000,2020,청산로,00035,00000,44790,01,0,3261017,청양읍 읍내리,0376,0011,44790,25021,1,장안,8,18,44790-7,59.67,,376-11,44790,1,,
2,"14,000",,2014,2020,칠갑산로열길,00013,00000,44790,00,0,4583311,청양읍 읍내리,0167,0036,44790,25021,1,두영산드레아파트,8,27,44790-76,49.6567,,167-36,44790,3,,
3,"9,500",,1992,2020,중앙로13길,00011,00000,44790,01,0,4583259,청양읍 읍내리,0218,0001,44790,25021,1,은혜,8,31,44790-3,84.19,,218-1,44790,10,,
4,"18,000",,2013,2020,평촌1길,00004,00025,44790,01,0,4583323,청양읍 교월리,0206,0012,44790,25023,1,백세,8,5,44790-66,84.9483,,206-12,44790,5,,
5,"14,500",,2012,2020,중앙로,00035,00000,44790,01,0,3261022,청양읍 벽천리,0273,0000,44790,25024,1,필로스캐슬,8,28,44790-65,59.8901,,273,44790,1,,
0,"14,000",,1996,2020,청산로,00029,00000,44790,01,0,3261017,청양읍 읍내리,0377,0005,44790,25021,1,천강,9,17,44790-4,84.906,,377-5,44790,18,,
1,"13,500",,2002,2020,고리섬들길,00068,00008,44790,01,0,4583017,청양읍 읍내리,0306,0000,44790,25021,1,주공1단지,9,21,44790-6,59.64,,306,44790,15,,
2,"5,500",,2014,2020,중앙로,00037,00007,44790,01,0,3261022,청양읍 벽천리,0273,0004,44790,25024,1,필로스힐,9,29,44790-78,15.9876,,273-4,44790,5,,
0,"13,000",,2002,2020,고리섬들길,00068,00008,44790,01,0,4583017,청양읍 읍내리,0306,0000,44790,25021,1,주공1단지,10,6,44790-6,49.8,,306,44790,4,,
1,"9,150",,1996,2020,청산로,00029,00000,44790,01,0,3261017,청양읍 읍내리,0377,0005,44790,25021,1,천강,10,10,44790-4,59.4,,377-5,44790,6,,
2,"15,000",,2002,2020,고리섬들길,00068,00008,44790,01,0,4583017,청양읍 읍내리,0306,0000,44790,25021,1,주공1단지,10,13,44790-6,59.64,,306,44790,12,,
3,"9,800",,1992,2020,중앙로13길,00011,00000,44790,01,0,4583259,청양읍 읍내리,0218,0001,44790,25021,1,은혜,10,27,44790-3,84.19,,218-1,44790,10,,
4,"17,800",,2013,2020,평촌1길,00004,00025,44790,01,0,4583323,청양읍 교월리,0206,0012,44790,25023,1,백세,10,22,44790-66,84.9483,,206-12,44790,2,,
0,"7,500",,1992,2020,중앙로13길,00011,00000,44790,01,0,4583259,청양읍 읍내리,0218,0001,44790,25021,1,은혜,11,4,44790-3,59.52,,218-1,44790,4,,
1,"10,000",,1997,2020,중앙로,00080,00001,44790,01,0,3261022,청양읍 읍내리,0376,0008,44790,25021,1,세아,11,8,44790-2,49.98,,376-8,44790,13,,
2,"8,000",,2000,2020,청산로,00035,00000,44790,01,0,3261017,청양읍 읍내리,0376,0011,44790,25021,1,장안,11,9,44790-7,49.95,,376-11,44790,15,,
3,"16,200",,2002,2020,고리섬들길,00068,00008,44790,01,0,4583017,청양읍 읍내리,0306,0000,44790,25021,1,주공1단지,11,16,44790-6,59.64,,306,44790,9,,
4,"12,700",,1997,2020,중앙로,00080,00001,44790,01,0,3261022,청양읍 읍내리,0376,0008,44790,25021,1,세아,11,18,44790-2,59.67,,376-8,44790,12,,
5,"11,700",,2000,2020,청산로,00035,00000,44790,01,0,3261017,청양읍 읍내리,0376,0011,44790,25021,1,장안,11,22,44790-7,59.67,,376-11,44790,13,,
6,"14,700",,1996,2020,청산로,00029,00000,44790,01,0,3261017,청양읍 읍내리,0377,0005,44790,25021,1,천강,11,23,44790-4,84.906,,377-5,44790,3,,
7,"13,800",,1996,2020,청산로,00029,00000,44790,01,0,3261017,청양읍 읍내리,0377,0005,44790,25021,1,천강,11,23,44790-4,84.906,,377-5,44790,3,,
8,"13,500",,1996,2020,청산로,00029,00000,44790,01,0,3261017,청양읍 읍내리,0377,0005,44790,25021,1,천강,11,30,44790-4,84.906,,377-5,44790,21,,
0,"22,500",,2020,2020,특화시장길,00023,00000,44790,01,0,4858104,청양읍 읍내리,0285,0005,44790,25021,1,드림팰리스아파트,12,2,44790-87,82.3826,,285-5,44790,1,,
1,"23,800",,2020,2020,특화시장길,00023,00000,44790,01,0,4858104,청양읍 읍내리,0285,0005,44790,25021,1,드림팰리스아파트,12,4,44790-87,84.661,,285-5,44790,3,,
2,"7,300",,2002,2020,고리섬들길,00068,00008,44790,01,0,4583017,청양읍 읍내리,0306,0000,44790,25021,1,주공1단지,12,10,44790-6,36.44,,306,44790,8,,
3,"7,200",,2000,2020,청산로,00035,00000,44790,01,0,3261017,청양읍 읍내리,0376,0011,44790,25021,1,장안,12,13,44790-7,49.95,,376-11,44790,14,,
4,"10,750",,1996,2020,청산로,00029,00000,44790,01,0,3261017,청양읍 읍내리,0377,0005,44790,25021,1,천강,12,16,44790-4,59.4,,377-5,44790,7,,
5,"24,800",,2020,2020,특화시장길,00023,00000,44790,01,0,4858104,청양읍 읍내리,0285,0005,44790,25021,1,드림팰리스아파트,12,29,44790-87,84.6722,,285-5,44790,8,21.01.15,O
0,"13,800",,1996,2021,청산로,00029,00000,44790,01,0,3261017,청양읍 읍내리,0377,0005,44790,25021,1,천강,1,19,44790-4,84.906,,377-5,44790,15,,
1,"21,800",,2020,2021,특화시장길,00023,00000,44790,01,0,4858104,청양읍 읍내리,0285,0005,44790,25021,1,드림팰리스아파트,1,31,44790-87,82.4321,,285-5,44790,1,,
2,"5,750",,2014,2021,중앙로,00037,00007,44790,01,0,3261022,청양읍 벽천리,0273,0004,44790,25024,1,필로스힐,1,4,44790-78,16.551,,273-4,44790,2,,
0,"7,500",,1992,2021,중앙로13길,00011,00000,44790,01,0,4583259,청양읍 읍내리,0218,0001,44790,25021,1,은혜,2,9,44790-3,59.52,,218-1,44790,9,,
1,"21,300",,2004,2021,고리섬들길,00092,00000,44790,01,0,4583017,청양읍 읍내리,0371,0006,44790,25021,1,디엠에이스빌,2,16,44790-5,84.9153,,371-6,44790,10,,
2,"13,800",,1996,2021,청산로,00029,00000,44790,01,0,3261017,청양읍 읍내리,0377,0005,44790,25021,1,천강,2,23,44790-4,84.906,,377-5,44790,15,,
3,"14,000",,2014,2021,효자길,00009,00015,44790,01,0,4583337,정산면 서정리,0156,0042,44790,33021,1,정산필로스캐슬,2,19,44790-73,59.3666,,156-42,44790,5,,
0,"10,600",,2000,2021,청산로,00035,00000,44790,01,0,3261017,청양읍 읍내리,0376,0011,44790,25021,1,장안,3,2,44790-7,59.67,,376-11,44790,15,,
1,"9,700",,1997,2021,중앙로,00080,00001,44790,01,0,3261022,청양읍 읍내리,0376,0008,44790,25021,1,세아,3,10,44790-2,59.67,,376-8,44790,4,,
2,"7,250",,2000,2021,청산로,00035,00000,44790,01,0,3261017,청양읍 읍내리,0376,0011,44790,25021,1,장안,3,15,44790-7,49.95,,376-11,44790,4,,
3,"8,300",,1993,2021,칠갑산로11길,00013,00000,44790,01,0,4583298,청양읍 읍내리,0082,0001,44790,25021,1,로얄,3,16,44790-1,84.87,,82-1,44790,5,,
4,"9,900",,1996,2021,청산로,00029,00000,44790,01,0,3261017,청양읍 읍내리,0377,0005,44790,25021,1,천강,3,29,44790-4,59.4,,377-5,44790,1,,
5,"15,500",,2012,2021,중앙로,00035,00000,44790,01,0,3261022,청양읍 벽천리,0273,0000,44790,25024,1,필로스캐슬,3,25,44790-65,59.8901,,273,44790,1,,
6,"5,800",,2014,2021,중앙로,00037,00007,44790,01,0,3261022,청양읍 벽천리,0273,0004,44790,25024,1,필로스힐,3,25,44790-78,16.551,,273-4,44790,4,,
7,"5,800",,2014,2021,중앙로,00037,00007,44790,01,0,3261022,청양읍 벽천리,0273,0004,44790,25024,1,필로스힐,3,27,44790-78,16.551,,273-4,44790,2,,
0,"8,500",,1992,2021,중앙로13길,00011,00000,44790,01,0,4583259,청양읍 읍내리,0218,0001,44790,25021,1,은혜,4,21,44790-3,84.19,,218-1,44790,9,,
1,"15,000",,2002,2021,고리섬들길,00068,00008,44790,01,0,4583017,청양읍 읍내리,0306,0000,44790,25021,1,주공1단지,4,26,44790-6,59.64,,306,44790,8,,
2,"8,000",,2000,2021,청산로,00035,00000,44790,01,0,3261017,청양읍 읍내리,0376,0011,44790,25021,1,장안,4,26,44790-7,49.95,,376-11,44790,11,,
3,"15,500",,2012,2021,중앙로,00035,00000,44790,01,0,3261022,청양읍 벽천리,0273,0000,44790,25024,1,필로스캐슬,4,21,44790-65,59.8901,,273,44790,5,,
4,"23,300",,2012,2021,중앙로,00035,00000,44790,01,0,3261022,청양읍 벽천리,0273,0000,44790,25024,1,필로스캐슬,4,26,44790-65,84.9122,,273,44790,15,,
5,"5,800",,2014,2021,중앙로,00037,00007,44790,01,0,3261022,청양읍 벽천리,0273,0004,44790,25024,1,필로스힐,4,28,44790-78,16.5089,,273-4,44790,2,,
0,"10,000",,1996,2021,청산로,00029,00000,44790,01,0,3261017,청양읍 읍내리,0377,0005,44790,25021,1,천강,5,11,44790-4,59.4,,377-5,44790,3,,
1,"9,200",,2000,2021,청산로,00035,00000,44790,01,0,3261017,청양읍 읍내리,0376,0011,44790,25021,1,장안,5,12,44790-7,59.67,,376-11,44790,9,,
2,"11,700",,2002,2021,고리섬들길,00068,00008,44790,01,0,4583017,청양읍 읍내리,0306,0000,44790,25021,1,주공1단지,5,18,44790-6,49.8,,306,44790,9,,
3,"9,500",,1997,2021,중앙로,00080,00001,44790,01,0,3261022,청양읍 읍내리,0376,0008,44790,25021,1,세아,5,31,44790-2,59.67,,376-8,44790,13,,
4,"5,300",,2014,2021,중앙로,00037,00007,44790,01,0,3261022,청양읍 벽천리,0273,0004,44790,25024,1,필로스힐,5,27,44790-78,15.9876,,273-4,44790,6,,
0,"22,700",,2004,2021,고리섬들길,00092,00000,44790,01,0,4583017,청양읍 읍내리,0371,0006,44790,25021,1,디엠에이스빌,6,2,44790-5,84.9153,,371-6,44790,2,,
1,"18,500",,2012,2021,중앙로,00035,00000,44790,01,0,3261022,청양읍 벽천리,0273,0000,44790,25024,1,필로스캐슬,6,9,44790-65,59.8901,,273,44790,4,,
0,"7,800",,1992,2021,중앙로13길,00011,00000,44790,01,0,4583259,청양읍 읍내리,0218,0001,44790,25021,1,은혜,7,7,44790-3,59.52,,218-1,44790,5,,
1,"7,800",,1992,2021,중앙로13길,00011,00000,44790,01,0,4583259,청양읍 읍내리,0218,0001,44790,25021,1,은혜,7,7,44790-3,59.52,,218-1,44790,5,,
2,"14,500",,2014,2021,칠갑산로열길,00013,00000,44790,00,0,4583311,청양읍 읍내리,0167,0036,44790,25021,1,두영산드레아파트,7,10,44790-76,49.6567,,167-36,44790,6,21.09.13,O
3,"14,700",,1996,2021,청산로,00029,00000,44790,01,0,3261017,청양읍 읍내리,0377,0005,44790,25021,1,천강,7,17,44790-4,84.906,,377-5,44790,3,,
4,"13,500",,2002,2021,고리섬들길,00068,00008,44790,01,0,4583017,청양읍 읍내리,0306,0000,44790,25021,1,주공1단지,7,30,44790-6,49.8,,306,44790,11,,
0,"8,500",,2002,2021,고리섬들길,00068,00008,44790,01,0,4583017,청양읍 읍내리,0306,0000,44790,25021,1,주공1단지,8,15,44790-6,36.44,,306,44790,9,,
1,"11,000",,1996,2021,청산로,00029,00000,44790,01,0,3261017,청양읍 읍내리,0377,0005,44790,25021,1,천강,8,17,44790-4,84.906,,377-5,44790,3,,
2,"9,000",,2000,2021,청산로,00035,00000,44790,01,0,3261017,청양읍 읍내리,0376,0011,44790,25021,1,장안,8,24,44790-7,59.67,,376-11,44790,4,,
3,"8,000",,2000,2021,청산로,00035,00000,44790,01,0,3261017,청양읍 읍내리,0376,0011,44790,25021,1,장안,8,31,44790-7,49.95,,376-11,44790,6,,
0,"14,500",,2014,2021,칠갑산로열길,00013,00000,44790,00,0,4583311,청양읍 읍내리,0167,0036,44790,25021,1,두영산드레아파트,9,13,44790-76,49.6567,,167-36,44790,6,,
1,"12,800",,2002,2021,고리섬들길,00068,00008,44790,01,0,4583017,청양읍 읍내리,0306,0000,44790,25021,1,주공1단지,9,28,44790-6,49.8,,306,44790,12,,
2,"8,900",,2002,2021,고리섬들길,00068,00008,44790,01,0,4583017,청양읍 읍내리,0306,0000,44790,25021,1,주공1단지,9,30,44790-6,36.44,,306,44790,5,,
0,"10,400",,2000,2021,청산로,00035,00000,44790,01,0,3261017,청양읍 읍내리,0376,0011,44790,25021,1,장안,10,2,44790-7,59.67,,376-11,44790,3,,
1,"9,200",,2000,2021,청산로,00035,00000,44790,01,0,3261017,청양읍 읍내리,0376,0011,44790,25021,1,장안,10,5,44790-7,49.95,,376-11,44790,11,,
2,"9,900",,1997,2021,중앙로,00080,00001,44790,01,0,3261022,청양읍 읍내리,0376,0008,44790,25021,1,세아,10,12,44790-2,59.67,,376-8,44790,2,,
3,"9,200",,2002,2021,고리섬들길,00068,00008,44790,01,0,4583017,청양읍 읍내리,0306,0000,44790,25021,1,주공1단지,10,12,44790-6,36.44,,306,44790,7,,
4,"9,700",,1993,2021,칠갑산로11길,00013,00000,44790,01,0,4583298,청양읍 읍내리,0082,0001,44790,25021,1,로얄,10,22,44790-1,84.87,,82-1,44790,1,,
5,"24,300",,2020,2021,특화시장길,00023,00000,44790,00,0,4858104,청양읍 읍내리,0285,0005,44790,25021,1,드림팰리스아파트,10,25,44790-87,84.2761,,285-5,44790,8,,
6,"21,000",,2014,2021,문화예술로,00182,00000,44790,01,0,3261011,청양읍 송방리,0096,0001,44790,25029,1,드림,10,31,44790-75,84.93,,96-1,44790,4,,
0,"13,500",직거래,2002,2021,고리섬들길,00068,00008,44790,01,0,4583017,청양읍 읍내리,0306,0000,44790,25021,1,주공1단지,11,1,44790-6,49.8,,306,44790,2,,
1,"10,600",직거래,2000,2021,청산로,00035,00000,44790,01,0,3261017,청양읍 읍내리,0376,0011,44790,25021,1,장안,11,1,44790-7,59.67,,376-11,44790,3,,
2,"7,500",직거래,2000,2021,청산로,00035,00000,44790,01,0,3261017,청양읍 읍내리,0376,0011,44790,25021,1,장안,11,30,44790-7,49.95,,376-11,44790,8,,
3,"14,000",직거래,2014,2021,효자길,00009,00015,44790,01,0,4583337,정산면 서정리,0156,0042,44790,33021,1,정산필로스캐슬,11,12,44790-73,59.3666,,156-42,44790,9,,
0,"7,500",직거래,1992,2021,중앙로13길,00011,00000,44790,01,0,4583259,청양읍 읍내리,0218,0001,44790,25021,1,은혜,12,23,44790-3,59.52,,218-1,44790,1,,
1,"14,800",중개거래,2014,2021,효자길,00009,00015,44790,01,0,4583337,정산면 서정리,0156,0042,44790,33021,1,정산필로스캐슬,12,2,44790-73,59.3666,충남 청양군,156-42,44790,7,,
0,"8,800",중개거래,2000,2022,청산로,00035,00000,44790,01,0,3261017,청양읍 읍내리,0376,0011,44790,25021,1,장안,1,15,44790-7,49.95,충남 청양군,376-11,44790,8,,
1,"13,500",중개거래,2014,2022,칠갑산로열길,00013,00000,44790,00,0,4583311,청양읍 읍내리,0167,0036,44790,25021,1,두영산드레아파트,1,18,44790-76,49.9393,충남 청양군,167-36,44790,4,,
2,"8,000",직거래,1997,2022,중앙로,00080,00001,44790,01,0,3261022,청양읍 읍내리,0376,0008,44790,25021,1,세아,1,31,44790-2,49.98,,376-8,44790,2,,
3,"24,000",중개거래,2012,2022,중앙로,00035,00000,44790,01,0,3261022,청양읍 벽천리,0273,0000,44790,25024,1,필로스캐슬,1,3,44790-65,84.9122,충남 청양군,273,44790,3,,
4,"20,900",직거래,2014,2022,문화예술로,00182,00000,44790,01,0,3261011,청양읍 송방리,0096,0001,44790,25029,1,드림,1,22,44790-75,84.93,,96-1,44790,3,,
5,"18,000",직거래,2014,2022,문화예술로,00182,00000,44790,01,0,3261011,청양읍 송방리,0096,0001,44790,25029,1,드림,1,25,44790-75,84.93,,96-1,44790,1,,
0,"12,000",중개거래,1997,2022,중앙로,00080,00001,44790,01,0,3261022,청양읍 읍내리,0376,0008,44790,25021,1,세아,2,22,44790-2,59.67,충남 청양군,376-8,44790,13,,
1,"23,000",직거래,2020,2022,평촌1길,00028,00000,44790,00,0,4583323,청양읍 교월리,0206,0001,44790,25023,1,리버파크,2,25,44790-85,84.13,,206-1,44790,11,,
2,"23,000",직거래,2020,2022,평촌1길,00028,00000,44790,00,0,4583323,청양읍 교월리,0206,0001,44790,25023,1,리버파크,2,25,44790-85,84.13,,206-1,44790,12,,
3,"23,000",직거래,2020,2022,평촌1길,00028,00000,44790,00,0,4583323,청양읍 교월리,0206,0001,44790,25023,1,리버파크,2,25,44790-85,84.13,,206-1,44790,13,,
0,"8,300",중개거래,1992,2022,중앙로13길,00011,00000,44790,01,0,4583259,청양읍 읍내리,0218,0001,44790,25021,1,은혜,3,19,44790-3,59.52,충남 청양군,218-1,44790,6,,
1,"8,800",중개거래,2000,2022,청산로,00035,00000,44790,01,0,3261017,청양읍 읍내리,0376,0011,44790,25021,1,장안,3,20,44790-7,49.95,충남 청양군,376-11,44790,11,,
2,"8,400",중개거래,1992,2022,중앙로13길,00011,00000,44790,01,0,4583259,청양읍 읍내리,0218,0001,44790,25021,1,은혜,3,22,44790-3,59.52,충남 청양군,218-1,44790,4,,
3,"25,500",중개거래,2012,2022,중앙로,00035,00000,44790,01,0,3261022,청양읍 벽천리,0273,0000,44790,25024,1,필로스캐슬,3,21,44790-65,84.9122,충남 청양군,273,44790,9,,
4,"15,700",중개거래,2014,2022,효자길,00009,00015,44790,01,0,4583337,정산면 서정리,0156,0042,44790,33021,1,정산필로스캐슬,3,1,44790-73,59.3666,충남 청양군,156-42,44790,13,,
5,"15,500",중개거래,2014,2022,효자길,00009,00015,44790,01,0,4583337,정산면 서정리,0156,0042,44790,33021,1,정산필로스캐슬,3,2,44790-73,59.5262,충남 청양군,156-42,44790,11,,
0,"14,000",중개거래,2014,2022,칠갑산로열길,00013,00000,44790,00,0,4583311,청양읍 읍내리,0167,0036,44790,25021,1,두영산드레아파트,4,4,44790-76,49.295,충남 청양군,167-36,44790,7,,
1,"14,000",중개거래,2014,2022,칠갑산로열길,00013,00000,44790,00,0,4583311,청양읍 읍내리,0167,0036,44790,25021,1,두영산드레아파트,4,4,44790-76,49.295,충남 청양군,167-36,44790,7,,
2,"8,400",중개거래,2002,2022,고리섬들길,00068,00008,44790,01,0,4583017,청양읍 읍내리,0306,0000,44790,25021,1,주공1단지,4,27,44790-6,36.44,충남 청양군,306,44790,5,,
3,"18,200",직거래,2014,2022,문화예술로,00182,00000,44790,01,0,3261011,청양읍 송방리,0096,0001,44790,25029,1,드림,4,5,44790-75,84.93,,96-1,44790,1,,
4,"15,500",중개거래,2014,2022,효자길,00009,00015,44790,01,0,4583337,정산면 서정리,0156,0042,44790,33021,1,정산필로스캐슬,4,13,44790-73,59.5262,충남 청양군,156-42,44790,7,,
0,"12,900",직거래,1996,2022,청산로,00029,00000,44790,01,0,3261017,청양읍 읍내리,0377,0005,44790,25021,1,천강,5,10,44790-4,84.906,,377-5,44790,18,,
1,"8,000",직거래,2000,2022,청산로,00035,00000,44790,01,0,3261017,청양읍 읍내리,0376,0011,44790,25021,1,장안,5,16,44790-7,59.67,,376-11,44790,8,,
2,"14,000",중개거래,1997,2022,중앙로,00080,00001,44790,01,0,3261022,청양읍 읍내리,0376,0008,44790,25021,1,세아,5,26,44790-2,59.67,충남 청양군,376-8,44790,9,,
3,"15,000",직거래,2002,2022,고리섬들길,00068,00008,44790,01,0,4583017,청양읍 읍내리,0306,0000,44790,25021,1,주공1단지,5,31,44790-6,59.64,,306,44790,2,,
4,"23,000",직거래,2020,2022,평촌1길,00028,00000,44790,00,0,4583323,청양읍 교월리,0206,0001,44790,25023,1,리버파크,5,6,44790-85,84.13,,206-1,44790,3,,
5,"26,500",중개거래,2012,2022,중앙로,00035,00000,44790,01,0,3261022,청양읍 벽천리,0273,0000,44790,25024,1,필로스캐슬,5,13,44790-65,84.9122,충남 청양군,273,44790,11,,
0,"10,500",직거래,2000,2022,청산로,00035,00000,44790,01,0,3261017,청양읍 읍내리,0376,0011,44790,25021,1,장안,6,9,44790-7,59.67,,376-11,44790,2,,
1,"9,800",중개거래,2000,2022,청산로,00035,00000,44790,01,0,3261017,청양읍 읍내리,0376,0011,44790,25021,1,장안,6,20,44790-7,59.67,충남 청양군,376-11,44790,5,,
2,"7,900",중개거래,1992,2022,중앙로13길,00011,00000,44790,01,0,4583259,청양읍 읍내리,0218,0001,44790,25021,1,은혜,6,21,44790-3,59.52,충남 청양군,218-1,44790,2,,
3,"6,400",중개거래,2000,2022,청산로,00035,00000,44790,01,0,3261017,청양읍 읍내리,0376,0011,44790,25021,1,장안,6,24,44790-7,29.7,충남 청양군,376-11,44790,15,,
4,"6,000",직거래,2014,2022,중앙로,00037,00007,44790,01,0,3261022,청양읍 벽천리,0273,0004,44790,25024,1,필로스힐,6,8,44790-78,16.0999,,273-4,44790,1,,
5,"15,000",직거래,2014,2022,효자길,00009,00015,44790,01,0,4583337,정산면 서정리,0156,0042,44790,33021,1,정산필로스캐슬,6,20,44790-73,59.9921,,156-42,44790,16,,
0,"11,300",직거래,2000,2022,청산로,00035,00000,44790,01,0,3261017,청양읍 읍내리,0376,0011,44790,25021,1,장안,7,1,44790-7,59.67,,376-11,44790,5,,
1,"10,000",직거래,1996,2022,청산로,00029,00000,44790,01,0,3261017,청양읍 읍내리,0377,0005,44790,25021,1,천강,7,11,44790-4,59.4,,377-5,44790,5,,
2,"24,500",직거래,2004,2022,고리섬들길,00092,00000,44790,01,0,4583017,청양읍 읍내리,0371,0006,44790,25021,1,디엠에이스빌,7,18,44790-5,84.9153,,371-6,44790,5,,
3,"8,500",직거래,2000,2022,청산로,00035,00000,44790,01,0,3261017,청양읍 읍내리,0376,0011,44790,25021,1,장안,7,21,44790-7,49.95,,376-11,44790,6,,
4,"15,500",중개거래,1997,2022,중앙로,00080,00001,44790,01,0,3261022,청양읍 읍내리,0376,0008,44790,25021,1,세아,7,24,44790-2,84.9,충남 청양군,376-8,44790,10,,
0,"29,500",직거래,2021,2022,문화예술1길,00008,00000,44790,01,0,4858105,청양읍 송방리,0093,0016,44790,25029,1,드림팰리스아파트,8,4,44790-88,84.8473,,93-16,44790,8,,
0,"9,400",중개거래,1997,2022,중앙로,00080,00001,44790,01,0,3261022,청양읍 읍내리,0376,0008,44790,25021,1,세아,9,6,44790-2,49.98,충남 청양군,376-8,44790,12,,
1,"9,000",직거래,1997,2022,중앙로,00080,00001,44790,01,0,3261022,청양읍 읍내리,0376,0008,44790,25021,1,세아,9,26,44790-2,84.9,,376-8,44790,5,,
0,"14,000",직거래,1996,2022,청산로,00029,00000,44790,01,0,3261017,청양읍 읍내리,0377,0005,44790,25021,1,천강,10,18,44790-4,84.906,,377-5,44790,2,,
1,"9,000",직거래,2000,2022,청산로,00035,00000,44790,01,0,3261017,청양읍 읍내리,0376,0011,44790,25021,1,장안,10,24,44790-7,49.95,,376-11,44790,4,,
0,"24,200",직거래,2004,2022,고리섬들길,00092,00000,44790,01,0,4583017,청양읍 읍내리,0371,0006,44790,25021,1,디엠에이스빌,11,2,44790-5,84.9153,,371-6,44790,8,,
0,"24,700",직거래,2012,2022,중앙로,00035,00000,44790,01,0,3261022,청양읍 벽천리,0273,0000,44790,25024,1,필로스캐슬,12,5,44790-65,84.9122,,273,44790,5,,
0,"6,000",직거래,2014,2023,중앙로,00037,00007,44790,01,0,3261022,청양읍 벽천리,0273,0004,44790,25024,1,필로스힐,1,19,44790-78,18.52,,273-4,44790,9,23.02.13,O
0,"11,500",직거래,2000,2023,청산로,00035,00000,44790,01,0,3261017,청양읍 읍내리,0376,0011,44790,25021,1,장안,2,6,44790-7,49.95,,376-11,44790,11,,
1,"8,500",중개거래,2000,2023,청산로,00035,00000,44790,01,0,3261017,청양읍 읍내리,0376,0011,44790,25021,1,장안,2,8,44790-7,49.95,충남 청양군,376-11,44790,9,,
