,°Å·¡±Ý¾×,°Å·¡À¯Çü,°ÇÃà³âµµ,³â,µµ·Î¸í,µµ·Î¸í°Ç¹°º»¹øÈ£ÄÚµå,µµ·Î¸í°Ç¹°ºÎ¹øÈ£ÄÚµå,µµ·Î¸í½Ã±º±¸ÄÚµå,µµ·Î¸íÀÏ·Ã¹øÈ£ÄÚµå,µµ·Î¸íÁö»óÁöÇÏÄÚµå,µµ·Î¸íÄÚµå,¹ýÁ¤µ¿,¹ýÁ¤µ¿º»¹øÄÚµå,¹ýÁ¤µ¿ºÎ¹øÄÚµå,¹ýÁ¤µ¿½Ã±º±¸ÄÚµå,¹ýÁ¤µ¿À¾¸éµ¿ÄÚµå,¹ýÁ¤µ¿Áö¹øÄÚµå,¾ÆÆÄÆ®,¿ù,ÀÏ,ÀÏ·Ã¹øÈ£,Àü¿ë¸éÀû,Áß°³»ç¼ÒÀçÁö,Áö¹ø,Áö¿ªÄÚµå,Ãþ,ÇØÁ¦»çÀ¯¹ß»ýÀÏ,ÇØÁ¦¿©ºÎ
0,"5,450",,1998,2012,Á×¸²2±æ,00045,00000,46720,01,0,4661302,¿Á°ú¸é Á×¸²¸®,0101,0001,46720,37022,1,¼º¾Ï¸Ç¼Ç,1,3,46720-8,59.4,,101-1,46720,11,,
0,"2,800",,1991,2012,À¾³»2±æ,00006,00000,46720,01,0,4661270,°î¼ºÀ¾ À¾³»¸®,0792,0002,46720,25021,1,¼­ÀÏ1,2,14,46720-1,79.01,,792-2,46720,1,,
1,"8,800",,2004,2012,»ïÀÎµ¿±æ,00021,00000,46720,01,0,4661140,°î¼ºÀ¾ ÇÐÁ¤¸®,0535,0001,46720,25022,1,ÇÑ¾çÆÄÅ©ºô,2,1,46720-6,79.1485,,535-1,46720,1,,
2,"7,800",,2004,2012,»ïÀÎµ¿±æ,00021,00000,46720,01,0,4661140,°î¼ºÀ¾ ÇÐÁ¤¸®,0535,0001,46720,25022,1,ÇÑ¾çÆÄÅ©ºô,2,22,46720-6,57.817,,535-1,46720,3,,
0,"8,130",,2004,2012,»ïÀÎµ¿±æ,00021,00000,46720,01,0,4661140,°î¼ºÀ¾ ÇÐÁ¤¸®,0535,0001,46720,25022,1,ÇÑ¾çÆÄÅ©ºô,3,15,46720-6,57.817,,535-1,46720,11,,
1,"7,300",,1997,2012,»ïÀÎµ¿±æ,00013,00000,46720,01,,4661140,°î¼ºÀ¾ ÇÐÁ¤¸®,0535,0005,46720,25022,1,µµ¸²,3,16,46720-3,84.93,,535-5,46720,1,,
0,"3,900",,1992,2012,ÇÐÁ¤3±æ,00018,00000,46720,01,0,4661337,°î¼ºÀ¾ ÇÐÁ¤¸®,0664,0001,46720,25022,1,¼­ÀÏ2,4,30,46720-4,59.91,,664-1,46720,5,,
1,"9,450",,2004,2012,»ïÀÎµ¿±æ,00021,00000,46720,01,0,4661140,°î¼ºÀ¾ ÇÐÁ¤¸®,0535,0001,46720,25022,1,ÇÑ¾çÆÄÅ©ºô,4,30,46720-6,79.1485,,535-1,46720,5,,
2,"5,400",,1998,2012,Á×¸²2±æ,00045,00000,46720,01,0,4661302,¿Á°ú¸é Á×¸²¸®,0101,0001,46720,37022,1,¼º¾Ï¸Ç¼Ç,4,30,46720-8,59.4,,101-1,46720,4,,
0,"5,000",,1996,2012,À¾³»2±æ,00013,00000,46720,01,0,4661270,°î¼ºÀ¾ À¾³»¸®,0788,0006,46720,25021,1,°í¿î(788-6),5,3,46720-7,59.46,,788-6,46720,4,,
1,"9,000",,2004,2012,»ïÀÎµ¿±æ,00021,00000,46720,01,0,4661140,°î¼ºÀ¾ ÇÐÁ¤¸®,0535,0001,46720,25022,1,ÇÑ¾çÆÄÅ©ºô,5,3,46720-6,79.1485,,535-1,46720,11,,
2,"8,300",,2004,2012,»ïÀÎµ¿±æ,00021,00000,46720,01,0,4661140,°î¼ºÀ¾ ÇÐÁ¤¸®,0535,0001,46720,25022,1,ÇÑ¾çÆÄÅ©ºô,5,8,46720-6,57.817,,535-1,46720,6,,
3,"5,500",,1997,2012,»ïÀÎµ¿±æ,00013,00000,46720,01,,4661140,°î¼ºÀ¾ ÇÐÁ¤¸®,0535,0005,46720,25022,1,µµ¸²,5,29,46720-3,59.91,,535-5,46720,10,,
4,"2,930",,1998,2012,Á×¸²2±æ,00045,00000,46720,01,0,4661302,¿Á°ú¸é Á×¸²¸®,0101,0001,46720,37022,1,¼º¾Ï¸Ç¼Ç,5,27,46720-8,41.265,,101-1,46720,10,,
0,"4,600",,1996,2012,À¾³»2±æ,00013,00000,46720,01,0,4661270,°î¼ºÀ¾ À¾³»¸®,0788,0006,46720,25021,1,°í¿î(788-6),6,1,46720-7,59.46,,788-6,46720,6,,
1,"14,200",,2010,2012,ÇÐÁ¤3±æ,00020,00002,46720,01,0,4661337,°î¼ºÀ¾ ÇÐÁ¤¸®,0533,0021,46720,25022,1,°î¼º±âÂ÷¸¶À»¾Æ¶ß¸®¿ò,6,25,46720-21,84.7143,,533-21,46720,9,,
2,"3,900",,1992,2012,ÇÐÁ¤3±æ,00018,00000,46720,01,0,4661337,°î¼ºÀ¾ ÇÐÁ¤¸®,0664,0001,46720,25022,1,¼­ÀÏ2,6,29,46720-4,59.91,,664-1,46720,3,,
3,"5,000",,1998,2012,Á×¸²2±æ,00045,00000,46720,01,0,4661302,¿Á°ú¸é Á×¸²¸®,0101,0001,46720,37022,1,¼º¾Ï¸Ç¼Ç,6,5,46720-8,59.4,,101-1,46720,7,,
0,"5,000",,1997,2012,»ïÀÎµ¿±æ,00013,00000,46720,01,,4661140,°î¼ºÀ¾ ÇÐÁ¤¸®,0535,0005,46720,25022,1,µµ¸²,7,6,46720-3,59.91,,535-5,46720,11,,
1,"8,200",,2004,2012,»ïÀÎµ¿±æ,00021,00000,46720,01,0,4661140,°î¼ºÀ¾ ÇÐÁ¤¸®,0535,0001,46720,25022,1,ÇÑ¾çÆÄÅ©ºô,7,6,46720-6,57.817,,535-1,46720,14,,
0,"13,600",,2010,2012,ÇÐÁ¤3±æ,00020,00002,46720,01,0,4661337,°î¼ºÀ¾ ÇÐÁ¤¸®,0533,0021,46720,25022,1,°î¼º±âÂ÷¸¶À»¾Æ¶ß¸®¿ò,8,10,46720-21,84.7143,,533-21,46720,2,,
1,"5,750",,1998,2012,Á×¸²2±æ,00045,00000,46720,01,0,4661302,¿Á°ú¸é Á×¸²¸®,0101,0001,46720,37022,1,¼º¾Ï¸Ç¼Ç,8,9,46720-8,59.4,,101-1,46720,8,,
0,"4,950",,1996,2012,À¾³»2±æ,00013,00000,46720,01,0,4661270,°î¼ºÀ¾ À¾³»¸®,0788,0006,46720,25021,1,°í¿î(788-6),9,14,46720-7,59.46,,788-6,46720,4,,
1,"6,500",,1997,2012,»ïÀÎµ¿±æ,00013,00000,46720,01,,4661140,°î¼ºÀ¾ ÇÐÁ¤¸®,0535,0005,46720,25022,1,µµ¸²,9,10,46720-3,59.91,,535-5,46720,2,,
2,"6,600",,1997,2012,»ïÀÎµ¿±æ,00013,00000,46720,01,,4661140,°î¼ºÀ¾ ÇÐÁ¤¸®,0535,0005,46720,25022,1,µµ¸²,9,28,46720-3,59.91,,535-5,46720,3,,
0,"14,000",,2010,2012,ÇÐÁ¤3±æ,00020,00002,46720,01,0,4661337,°î¼ºÀ¾ ÇÐÁ¤¸®,0533,0021,46720,25022,1,°î¼º±âÂ÷¸¶À»¾Æ¶ß¸®¿ò,10,26,46720-21,84.7143,,533-21,46720,10,,
1,"14,700",,2010,2012,ÇÐÁ¤3±æ,00020,00002,46720,01,0,4661337,°î¼ºÀ¾ ÇÐÁ¤¸®,0533,0021,46720,25022,1,°î¼º±âÂ÷¸¶À»¾Æ¶ß¸®¿ò,10,31,46720-21,84.7143,,533-21,46720,7,,
0,"5,600",,1996,2012,À¾³»2±æ,00013,00000,46720,01,0,4661270,°î¼ºÀ¾ À¾³»¸®,0788,0006,46720,25021,1,°í¿î(788-6),11,21,46720-7,59.46,,788-6,46720,3,,
1,"6,000",,1997,2012,»ïÀÎµ¿±æ,00013,00000,46720,01,,4661140,°î¼ºÀ¾ ÇÐÁ¤¸®,0535,0005,46720,25022,1,µµ¸²,11,23,46720-3,59.91,,535-5,46720,7,,
0,"7,500",,2004,2012,»ïÀÎµ¿±æ,00021,00000,46720,01,0,4661140,°î¼ºÀ¾ ÇÐÁ¤¸®,0535,0001,46720,25022,1,ÇÑ¾çÆÄÅ©ºô,12,17,46720-6,57.817,,535-1,46720,14,,
1,"14,000",,2010,2012,ÇÐÁ¤3±æ,00020,00002,46720,01,0,4661337,°î¼ºÀ¾ ÇÐÁ¤¸®,0533,0021,46720,25022,1,°î¼º±âÂ÷¸¶À»¾Æ¶ß¸®¿ò,12,18,46720-21,84.7143,,533-21,46720,8,,
2,"6,500",,2004,2012,»ïÀÎµ¿±æ,00021,00000,46720,01,0,4661140,°î¼ºÀ¾ ÇÐÁ¤¸®,0535,0001,46720,25022,1,ÇÑ¾çÆÄÅ©ºô,12,24,46720-6,79.1485,,535-1,46720,6,,
3,"5,400",,1992,2012,Á×¸²5±æ,00003,00000,46720,01,0,4661303,¿Á°ú¸é Á×¸²¸®,0204,0002,46720,37022,1,°í¿îÆÄÅ©¸Ç¼Ç,12,3,46720-5,59.4,,204-2,46720,1,,
4,"2,500",,1998,2012,Á×¸²2±æ,00045,00000,46720,01,0,4661302,¿Á°ú¸é Á×¸²¸®,0101,0001,46720,37022,1,¼º¾Ï¸Ç¼Ç,12,12,46720-8,41.265,,101-1,46720,4,,
5,"2,000",,1998,2012,Á×¸²2±æ,00045,00000,46720,01,0,4661302,¿Á°ú¸é Á×¸²¸®,0101,0001,46720,37022,1,¼º¾Ï¸Ç¼Ç,12,14,46720-8,41.265,,101-1,46720,12,,
6,"6,000",,1998,2012,Á×¸²2±æ,00045,00000,46720,01,0,4661302,¿Á°ú¸é Á×¸²¸®,0101,0001,46720,37022,1,¼º¾Ï¸Ç¼Ç,12,15,46720-8,59.4,,101-1,46720,11,,
7,"2,800",,1998,2012,Á×¸²2±æ,00045,00000,46720,01,0,4661302,¿Á°ú¸é Á×¸²¸®,0101,0001,46720,37022,1,¼º¾Ï¸Ç¼Ç,12,18,46720-8,41.265,,101-1,46720,11,,
8,"3,500",,1992,2012,Á×¸²5±æ,00003,00000,46720,01,0,4661303,¿Á°ú¸é Á×¸²¸®,0204,0002,46720,37022,1,°í¿îÆÄÅ©¸Ç¼Ç,12,21,46720-5,59.4,,204-2,46720,3,,
9,"5,000",,1998,2012,Á×¸²2±æ,00045,00000,46720,01,0,4661302,¿Á°ú¸é Á×¸²¸®,0101,0001,46720,37022,1,¼º¾Ï¸Ç¼Ç,12,24,46720-8,59.4,,101-1,46720,2,,
0,"15,000",,2010,2013,ÇÐÁ¤3±æ,00020,00002,46720,01,0,4661337,°î¼ºÀ¾ ÇÐÁ¤¸®,0533,0021,46720,25022,1,°î¼º±âÂ÷¸¶À»¾Æ¶ß¸®¿ò,1,22,46720-21,84.7143,,533-21,46720,4,,
0,"4,500",,1996,2013,À¾³»2±æ,00013,00000,46720,01,0,4661270,°î¼ºÀ¾ À¾³»¸®,0788,0006,46720,25021,1,°í¿î(788-6),2,26,46720-7,59.46,,788-6,46720,6,,
1,"5,800",,1998,2013,Á×¸²2±æ,00045,00000,46720,01,0,4661302,¿Á°ú¸é Á×¸²¸®,0101,0001,46720,37022,1,¼º¾Ï¸Ç¼Ç,2,5,46720-8,59.4,,101-1,46720,6,,
2,"6,000",,1998,2013,Á×¸²2±æ,00045,00000,46720,01,0,4661302,¿Á°ú¸é Á×¸²¸®,0101,0001,46720,37022,1,¼º¾Ï¸Ç¼Ç,2,15,46720-8,59.4,,101-1,46720,10,,
0,"5,500",,1996,2013,À¾³»2±æ,00013,00000,46720,01,0,4661270,°î¼ºÀ¾ À¾³»¸®,0788,0006,46720,25021,1,°í¿î(788-6),3,7,46720-7,59.46,,788-6,46720,2,,
1,"14,000",,2010,2013,ÇÐÁ¤3±æ,00020,00002,46720,01,0,4661337,°î¼ºÀ¾ ÇÐÁ¤¸®,0533,0021,46720,25022,1,°î¼º±âÂ÷¸¶À»¾Æ¶ß¸®¿ò,3,21,46720-21,84.7143,,533-21,46720,5,,
2,"3,500",,1998,2013,Á×¸²2±æ,00045,00000,46720,01,0,4661302,¿Á°ú¸é Á×¸²¸®,0101,0001,46720,37022,1,¼º¾Ï¸Ç¼Ç,3,4,46720-8,41.265,,101-1,46720,7,,
3,"5,000",,1992,2013,Á×¸²5±æ,00003,00000,46720,01,0,4661303,¿Á°ú¸é Á×¸²¸®,0204,0002,46720,37022,1,°í¿îÆÄÅ©¸Ç¼Ç,3,11,46720-5,59.4,,204-2,46720,1,,
0,"4,000",,1985,2013,ÇÐ±³·Î,00093,00000,46720,01,0,3287025,°î¼ºÀ¾ À¾³»¸®,0721,0001,46720,25021,1,¼ÛÁ¦,4,6,46720-2,58.4,,721-1,46720,3,,
1,"7,800",,1997,2013,»ïÀÎµ¿±æ,00013,00000,46720,01,,4661140,°î¼ºÀ¾ ÇÐÁ¤¸®,0535,0005,46720,25022,1,µµ¸²,4,16,46720-3,84.93,,535-5,46720,2,,
2,"11,100",,2010,2013,ÇÐÁ¤3±æ,00020,00002,46720,01,0,4661337,°î¼ºÀ¾ ÇÐÁ¤¸®,0533,0021,46720,25022,1,°î¼º±âÂ÷¸¶À»¾Æ¶ß¸®¿ò,4,17,46720-21,59.6581,,533-21,46720,8,,
3,"13,600",,2010,2013,ÇÐÁ¤3±æ,00020,00002,46720,01,0,4661337,°î¼ºÀ¾ ÇÐÁ¤¸®,0533,0021,46720,25022,1,°î¼º±âÂ÷¸¶À»¾Æ¶ß¸®¿ò,4,23,46720-21,84.7143,,533-21,46720,2,,
4,"6,400",,1997,2013,»ïÀÎµ¿±æ,00013,00000,46720,01,,4661140,°î¼ºÀ¾ ÇÐÁ¤¸®,0535,0005,46720,25022,1,µµ¸²,4,29,46720-3,59.91,,535-5,46720,1,,
0,"13,600",,2010,2013,ÇÐÁ¤3±æ,00020,00002,46720,01,0,4661337,°î¼ºÀ¾ ÇÐÁ¤¸®,0533,0021,46720,25022,1,°î¼º±âÂ÷¸¶À»¾Æ¶ß¸®¿ò,5,1,46720-21,84.7143,,533-21,46720,2,,
1,"13,200",,2010,2013,ÇÐÁ¤3±æ,00020,00002,46720,01,0,4661337,°î¼ºÀ¾ ÇÐÁ¤¸®,0533,0021,46720,25022,1,°î¼º±âÂ÷¸¶À»¾Æ¶ß¸®¿ò,5,6,46720-21,84.7143,,533-21,46720,1,,
2,"16,200",,2010,2013,ÇÐÁ¤3±æ,00020,00002,46720,01,0,4661337,°î¼ºÀ¾ ÇÐÁ¤¸®,0533,0021,46720,25022,1,°î¼º±âÂ÷¸¶À»¾Æ¶ß¸®¿ò,5,21,46720-21,84.7143,,533-21,46720,8,,
3,"6,700",,1998,2013,Á×¸²2±æ,00045,00000,46720,01,0,4661302,¿Á°ú¸é Á×¸²¸®,0101,0001,46720,37022,1,¼º¾Ï¸Ç¼Ç,5,22,46720-8,59.4,,101-1,46720,10,,
4,"6,000",,1998,2013,Á×¸²2±æ,00045,00000,46720,01,0,4661302,¿Á°ú¸é Á×¸²¸®,0101,0001,46720,37022,1,¼º¾Ï¸Ç¼Ç,5,28,46720-8,59.4,,101-1,46720,3,,
0,"3,000",,1985,2013,ÇÐ±³·Î,00093,00000,46720,01,0,3287025,°î¼ºÀ¾ À¾³»¸®,0721,0001,46720,25021,1,¼ÛÁ¦,6,6,46720-2,58.4,,721-1,46720,3,,
1,"2,500",,1996,2013,À¾³»2±æ,00013,00000,46720,01,0,4661270,°î¼ºÀ¾ À¾³»¸®,0788,0006,46720,25021,1,°í¿î(788-6),6,12,46720-7,59.46,,788-6,46720,1,,
2,"6,300",,1991,2013,À¾³»2±æ,00006,00000,46720,01,0,4661270,°î¼ºÀ¾ À¾³»¸®,0792,0002,46720,25021,1,¼­ÀÏ1,6,21,46720-1,73.73,,792-2,46720,5,,
3,"3,400",,1985,2013,ÇÐ±³·Î,00093,00000,46720,01,0,3287025,°î¼ºÀ¾ À¾³»¸®,0721,0001,46720,25021,1,¼ÛÁ¦,6,24,46720-2,58.8,,721-1,46720,2,,
4,"7,000",,2004,2013,»ïÀÎµ¿±æ,00021,00000,46720,01,0,4661140,°î¼ºÀ¾ ÇÐÁ¤¸®,0535,0001,46720,25022,1,ÇÑ¾çÆÄÅ©ºô,6,25,46720-6,57.817,,535-1,46720,1,,
5,"8,000",,2004,2013,»ïÀÎµ¿±æ,00021,00000,46720,01,0,4661140,°î¼ºÀ¾ ÇÐÁ¤¸®,0535,0001,46720,25022,1,ÇÑ¾çÆÄÅ©ºô,6,25,46720-6,57.817,,535-1,46720,7,,
6,"9,800",,2010,2013,ÇÐÁ¤3±æ,00020,00002,46720,01,0,4661337,°î¼ºÀ¾ ÇÐÁ¤¸®,0533,0021,46720,25022,1,°î¼º±âÂ÷¸¶À»¾Æ¶ß¸®¿ò,6,26,46720-21,59.6581,,533-21,46720,5,,
7,"13,600",,2010,2013,ÇÐÁ¤3±æ,00020,00002,46720,01,0,4661337,°î¼ºÀ¾ ÇÐÁ¤¸®,0533,0021,46720,25022,1,°î¼º±âÂ÷¸¶À»¾Æ¶ß¸®¿ò,6,30,46720-21,84.7143,,533-21,46720,2,,
8,"6,000",,1998,2013,Á×¸²2±æ,00045,00000,46720,01,0,4661302,¿Á°ú¸é Á×¸²¸®,0101,0001,46720,37022,1,¼º¾Ï¸Ç¼Ç,6,19,46720-8,59.4,,101-1,46720,9,,
0,"12,000",,2010,2013,ÇÐÁ¤3±æ,00020,00002,46720,01,0,4661337,°î¼ºÀ¾ ÇÐÁ¤¸®,0533,0021,46720,25022,1,°î¼º±âÂ÷¸¶À»¾Æ¶ß¸®¿ò,7,5,46720-21,59.6581,,533-21,46720,3,,
1,"13,400",,2010,2013,ÇÐÁ¤3±æ,00020,00002,46720,01,0,4661337,°î¼ºÀ¾ ÇÐÁ¤¸®,0533,0021,46720,25022,1,°î¼º±âÂ÷¸¶À»¾Æ¶ß¸®¿ò,7,14,46720-21,84.7143,,533-21,46720,1,,
2,"13,500",,2010,2013,ÇÐÁ¤3±æ,00020,00002,46720,01,0,4661337,°î¼ºÀ¾ ÇÐÁ¤¸®,0533,0021,46720,25022,1,°î¼º±âÂ÷¸¶À»¾Æ¶ß¸®¿ò,7,17,46720-21,84.7143,,533-21,46720,1,,
3,"3,600",,1998,2013,Á×¸²2±æ,00045,00000,46720,01,0,4661302,¿Á°ú¸é Á×¸²¸®,0101,0001,46720,37022,1,¼º¾Ï¸Ç¼Ç,7,10,46720-8,41.265,,101-1,46720,11,,
0,"3,430",,1985,2013,ÇÐ±³·Î,00093,00000,46720,01,0,3287025,°î¼ºÀ¾ À¾³»¸®,0721,0001,46720,25021,1,¼ÛÁ¦,8,27,46720-2,58.8,,721-1,46720,4,,
0,"7,300",,1997,2013,»ïÀÎµ¿±æ,00013,00000,46720,01,,4661140,°î¼ºÀ¾ ÇÐÁ¤¸®,0535,0005,46720,25022,1,µµ¸²,9,9,46720-3,59.91,,535-5,46720,1,,
1,"8,800",,2004,2013,»ïÀÎµ¿±æ,00021,00000,46720,01,0,4661140,°î¼ºÀ¾ ÇÐÁ¤¸®,0535,0001,46720,25022,1,ÇÑ¾çÆÄÅ©ºô,9,27,46720-6,57.817,,535-1,46720,11,,
0,"6,300",,1996,2013,À¾³»2±æ,00013,00000,46720,01,0,4661270,°î¼ºÀ¾ À¾³»¸®,0788,0006,46720,25021,1,°í¿î(788-6),10,11,46720-7,59.46,,788-6,46720,6,,
1,"7,200",,1997,2013,»ïÀÎµ¿±æ,00013,00000,46720,01,,4661140,°î¼ºÀ¾ ÇÐÁ¤¸®,0535,0005,46720,25022,1,µµ¸²,10,18,46720-3,59.91,,535-5,46720,7,,
2,"5,700",,1992,2013,Á×¸²5±æ,00003,00000,46720,01,0,4661303,¿Á°ú¸é Á×¸²¸®,0204,0002,46720,37022,1,°í¿îÆÄÅ©¸Ç¼Ç,10,8,46720-5,59.4,,204-2,46720,3,,
3,"3,900",,1998,2013,Á×¸²2±æ,00045,00000,46720,01,0,4661302,¿Á°ú¸é Á×¸²¸®,0101,0001,46720,37022,1,¼º¾Ï¸Ç¼Ç,10,10,46720-8,41.265,,101-1,46720,12,,
4,"3,950",,1998,2013,Á×¸²2±æ,00045,00000,46720,01,0,4661302,¿Á°ú¸é Á×¸²¸®,0101,0001,46720,37022,1,¼º¾Ï¸Ç¼Ç,10,13,46720-8,41.265,,101-1,46720,2,,
5,"3,500",,1998,2013,Á×¸²2±æ,00045,00000,46720,01,0,4661302,¿Á°ú¸é Á×¸²¸®,0101,0001,46720,37022,1,¼º¾Ï¸Ç¼Ç,10,25,46720-8,41.265,,101-1,46720,12,,
0,"6,600",,1997,2013,»ïÀÎµ¿±æ,00013,00000,46720,01,,4661140,°î¼ºÀ¾ ÇÐÁ¤¸®,0535,0005,46720,25022,1,µµ¸²,11,14,46720-3,59.91,,535-5,46720,12,,
1,"5,500",,1992,2013,Á×¸²5±æ,00003,00000,46720,01,0,4661303,¿Á°ú¸é Á×¸²¸®,0204,0002,46720,37022,1,°í¿îÆÄÅ©¸Ç¼Ç,11,19,46720-5,73.98,,204-2,46720,3,,
0,"3,200",,1991,2013,À¾³»2±æ,00006,00000,46720,01,0,4661270,°î¼ºÀ¾ À¾³»¸®,0792,0002,46720,25021,1,¼­ÀÏ1,12,27,46720-1,82.55,,792-2,46720,5,,
1,"4,500",,1997,2013,»ïÀÎµ¿±æ,00013,00000,46720,01,,4661140,°î¼ºÀ¾ ÇÐÁ¤¸®,0535,0005,46720,25022,1,µµ¸²,12,13,46720-3,59.91,,535-5,46720,9,,
2,"12,000",,2010,2013,ÇÐÁ¤3±æ,00020,00002,46720,01,0,4661337,°î¼ºÀ¾ ÇÐÁ¤¸®,0533,0021,46720,25022,1,°î¼º±âÂ÷¸¶À»¾Æ¶ß¸®¿ò,12,20,46720-21,59.6581,,533-21,46720,2,,
3,"9,000",,2004,2013,»ïÀÎµ¿±æ,00021,00000,46720,01,0,4661140,°î¼ºÀ¾ ÇÐÁ¤¸®,0535,0001,46720,25022,1,ÇÑ¾çÆÄÅ©ºô,12,27,46720-6,79.1485,,535-1,46720,9,,
4,"3,000",,1998,2013,Á×¸²2±æ,00045,00000,46720,01,0,4661302,¿Á°ú¸é Á×¸²¸®,0101,0001,46720,37022,1,¼º¾Ï¸Ç¼Ç,12,26,46720-8,41.265,,101-1,46720,11,,
0,"16,000",,2010,2014,ÇÐÁ¤3±æ,00020,00002,46720,01,0,4661337,°î¼ºÀ¾ ÇÐÁ¤¸®,0533,0021,46720,25022,1,°î¼º±âÂ÷¸¶À»¾Æ¶ß¸®¿ò,2,4,46720-21,84.7143,,533-21,46720,10,,
1,"8,500",,2004,2014,»ïÀÎµ¿±æ,00021,00000,46720,01,0,4661140,°î¼ºÀ¾ ÇÐÁ¤¸®,0535,0001,46720,25022,1,ÇÑ¾çÆÄÅ©ºô,2,21,46720-6,57.817,,535-1,46720,11,,
2,"10,500",,2004,2014,»ïÀÎµ¿±æ,00021,00000,46720,01,0,4661140,°î¼ºÀ¾ ÇÐÁ¤¸®,0535,0001,46720,25022,1,ÇÑ¾çÆÄÅ©ºô,2,28,46720-6,79.1485,,535-1,46720,2,,
3,"4,500",,1998,2014,Á×¸²2±æ,00045,00000,46720,01,0,4661302,¿Á°ú¸é Á×¸²¸®,0101,0001,46720,37022,1,¼º¾Ï¸Ç¼Ç,2,5,46720-8,59.4,,101-1,46720,3,,
4,"3,300",,1998,2014,Á×¸²2±æ,00045,00000,46720,01,0,4661302,¿Á°ú¸é Á×¸²¸®,0101,0001,46720,37022,1,¼º¾Ï¸Ç¼Ç,2,7,46720-8,41.265,,101-1,46720,2,,
0,"9,500",,2004,2014,»ïÀÎµ¿±æ,00021,00000,46720,01,0,4661140,°î¼ºÀ¾ ÇÐÁ¤¸®,0535,0001,46720,25022,1,ÇÑ¾çÆÄÅ©ºô,3,20,46720-6,57.817,,535-1,46720,6,,
1,"11,500",,2004,2014,»ïÀÎµ¿±æ,00021,00000,46720,01,0,4661140,°î¼ºÀ¾ ÇÐÁ¤¸®,0535,0001,46720,25022,1,ÇÑ¾çÆÄÅ©ºô,3,20,46720-6,79.1485,,535-1,46720,8,,
2,"9,300",,1997,2014,»ïÀÎµ¿±æ,00013,00000,46720,01,,4661140,°î¼ºÀ¾ ÇÐÁ¤¸®,0535,0005,46720,25022,1,µµ¸²,3,26,46720-3,84.93,,535-5,46720,7,,
0,"6,700",,1996,2014,À¾³»2±æ,00013,00000,46720,01,0,4661270,°î¼ºÀ¾ À¾³»¸®,0788,0006,46720,25021,1,°í¿î(788-6),4,17,46720-7,59.46,,788-6,46720,2,,
1,"13,000",,2004,2014,»ïÀÎµ¿±æ,00021,00000,46720,01,0,4661140,°î¼ºÀ¾ ÇÐÁ¤¸®,0535,0001,46720,25022,1,ÇÑ¾çÆÄÅ©ºô,4,17,46720-6,79.1485,,535-1,46720,7,,
2,"3,600",,1998,2014,Á×¸²2±æ,00045,00000,46720,01,0,4661302,¿Á°ú¸é Á×¸²¸®,0101,0001,46720,37022,1,¼º¾Ï¸Ç¼Ç,4,16,46720-8,41.265,,101-1,46720,7,,
0,"7,600",,1997,2014,»ïÀÎµ¿±æ,00013,00000,46720,01,,4661140,°î¼ºÀ¾ ÇÐÁ¤¸®,0535,0005,46720,25022,1,µµ¸²,5,12,46720-3,59.91,,535-5,46720,11,,
1,"11,700",,2004,2014,»ïÀÎµ¿±æ,00021,00000,46720,01,0,4661140,°î¼ºÀ¾ ÇÐÁ¤¸®,0535,0001,46720,25022,1,ÇÑ¾çÆÄÅ©ºô,5,23,46720-6,79.1485,,535-1,46720,11,,
2,"14,500",,2004,2014,»ïÀÎµ¿±æ,00021,00000,46720,01,0,4661140,°î¼ºÀ¾ ÇÐÁ¤¸®,0535,0001,46720,25022,1,ÇÑ¾çÆÄÅ©ºô,5,27,46720-6,79.1485,,535-1,46720,13,,
3,"15,000",,2010,2014,ÇÐÁ¤3±æ,00020,00002,46720,01,0,4661337,°î¼ºÀ¾ ÇÐÁ¤¸®,0533,0021,46720,25022,1,°î¼º±âÂ÷¸¶À»¾Æ¶ß¸®¿ò,5,30,46720-21,84.7143,,533-21,46720,1,,
4,"3,500",,1998,2014,Á×¸²2±æ,00045,00000,46720,01,0,4661302,¿Á°ú¸é Á×¸²¸®,0101,0001,46720,37022,1,¼º¾Ï¸Ç¼Ç,5,16,46720-8,41.265,,101-1,46720,3,,
0,"3,000",,1985,2014,ÇÐ±³·Î,00093,00000,46720,01,0,3287025,°î¼ºÀ¾ À¾³»¸®,0721,0001,46720,25021,1,¼ÛÁ¦,6,23,46720-2,58.4,,721-1,46720,3,,
1,"13,300",,2010,2014,ÇÐÁ¤3±æ,00020,00002,46720,01,0,4661337,°î¼ºÀ¾ ÇÐÁ¤¸®,0533,0021,46720,25022,1,°î¼º±âÂ÷¸¶À»¾Æ¶ß¸®¿ò,6,18,46720-21,59.6581,,533-21,46720,7,,
2,"7,800",,1997,2014,»ïÀÎµ¿±æ,00013,00000,46720,01,,4661140,°î¼ºÀ¾ ÇÐÁ¤¸®,0535,0005,46720,25022,1,µµ¸²,6,20,46720-3,59.91,,535-5,46720,11,,
3,"6,000",,1992,2014,Á×¸²5±æ,00003,00000,46720,01,0,4661303,¿Á°ú¸é Á×¸²¸®,0204,0002,46720,37022,1,°í¿îÆÄÅ©¸Ç¼Ç,6,5,46720-5,59.4,,204-2,46720,5,,
0,"16,600",,2010,2014,ÇÐÁ¤3±æ,00020,00002,46720,01,0,4661337,°î¼ºÀ¾ ÇÐÁ¤¸®,0533,0021,46720,25022,1,°î¼º±âÂ÷¸¶À»¾Æ¶ß¸®¿ò,7,4,46720-21,84.7143,,533-21,46720,5,,
1,"6,500",,1997,2014,»ïÀÎµ¿±æ,00013,00000,46720,01,,4661140,°î¼ºÀ¾ ÇÐÁ¤¸®,0535,0005,46720,25022,1,µµ¸²,7,21,46720-3,59.91,,535-5,46720,10,,
2,"3,800",,1998,2014,Á×¸²2±æ,00045,00000,46720,01,0,4661302,¿Á°ú¸é Á×¸²¸®,0101,0001,46720,37022,1,¼º¾Ï¸Ç¼Ç,7,10,46720-8,41.265,,101-1,46720,6,,
0,"4,050",,1985,2014,ÇÐ±³·Î,00093,00000,46720,01,0,3287025,°î¼ºÀ¾ À¾³»¸®,0721,0001,46720,25021,1,¼ÛÁ¦,8,11,46720-2,58.8,,721-1,46720,3,,
1,"13,100",,2004,2014,»ïÀÎµ¿±æ,00021,00000,46720,01,0,4661140,°î¼ºÀ¾ ÇÐÁ¤¸®,0535,0001,46720,25022,1,ÇÑ¾çÆÄÅ©ºô,8,22,46720-6,79.1485,,535-1,46720,4,,
2,"11,300",,2010,2014,ÇÐÁ¤3±æ,00020,00002,46720,01,0,4661337,°î¼ºÀ¾ ÇÐÁ¤¸®,0533,0021,46720,25022,1,°î¼º±âÂ÷¸¶À»¾Æ¶ß¸®¿ò,8,25,46720-21,59.6581,,533-21,46720,1,,
3,"9,000",,2004,2014,»ïÀÎµ¿±æ,00021,00000,46720,01,0,4661140,°î¼ºÀ¾ ÇÐÁ¤¸®,0535,0001,46720,25022,1,ÇÑ¾çÆÄÅ©ºô,8,29,46720-6,57.817,,535-1,46720,10,,
0,"6,800",,1997,2014,»ïÀÎµ¿±æ,00013,00000,46720,01,,4661140,°î¼ºÀ¾ ÇÐÁ¤¸®,0535,0005,46720,25022,1,µµ¸²,9,15,46720-3,59.91,,535-5,46720,7,,
1,"16,100",,2010,2014,ÇÐÁ¤3±æ,00020,00002,46720,01,0,4661337,°î¼ºÀ¾ ÇÐÁ¤¸®,0533,0021,46720,25022,1,°î¼º±âÂ÷¸¶À»¾Æ¶ß¸®¿ò,9,25,46720-21,84.7143,,533-21,46720,10,,
0,"9,900",,2004,2014,»ïÀÎµ¿±æ,00021,00000,46720,01,0,4661140,°î¼ºÀ¾ ÇÐÁ¤¸®,0535,0001,46720,25022,1,ÇÑ¾çÆÄÅ©ºô,10,17,46720-6,57.817,,535-1,46720,9,,
1,"3,650",,1998,2014,Á×¸²2±æ,00045,00000,46720,01,0,4661302,¿Á°ú¸é Á×¸²¸®,0101,0001,46720,37022,1,¼º¾Ï¸Ç¼Ç,10,7,46720-8,41.265,,101-1,46720,1,,
0,"5,350",,1996,2014,À¾³»2±æ,00013,00000,46720,01,0,4661270,°î¼ºÀ¾ À¾³»¸®,0788,0006,46720,25021,1,°í¿î(788-6),11,3,46720-7,59.46,,788-6,46720,1,,
1,"17,300",,2010,2014,ÇÐÁ¤3±æ,00020,00002,46720,01,0,4661337,°î¼ºÀ¾ ÇÐÁ¤¸®,0533,0021,46720,25022,1,°î¼º±âÂ÷¸¶À»¾Æ¶ß¸®¿ò,11,5,46720-21,84.7143,,533-21,46720,8,,
2,"17,300",,2010,2014,ÇÐÁ¤3±æ,00020,00002,46720,01,0,4661337,°î¼ºÀ¾ ÇÐÁ¤¸®,0533,0021,46720,25022,1,°î¼º±âÂ÷¸¶À»¾Æ¶ß¸®¿ò,11,7,46720-21,84.7143,,533-21,46720,4,,
3,"13,500",,2010,2014,ÇÐÁ¤3±æ,00020,00002,46720,01,0,4661337,°î¼ºÀ¾ ÇÐÁ¤¸®,0533,0021,46720,25022,1,°î¼º±âÂ÷¸¶À»¾Æ¶ß¸®¿ò,11,17,46720-21,59.6581,,533-21,46720,7,,
0,"12,000",,2004,2014,»ïÀÎµ¿±æ,00021,00000,46720,01,0,4661140,°î¼ºÀ¾ ÇÐÁ¤¸®,0535,0001,46720,25022,1,ÇÑ¾çÆÄÅ©ºô,12,1,46720-6,79.1485,,535-1,46720,14,,
0,"8,000",,1997,2015,»ïÀÎµ¿±æ,00013,00000,46720,01,,4661140,°î¼ºÀ¾ ÇÐÁ¤¸®,0535,0005,46720,25022,1,µµ¸²,1,13,46720-3,59.91,,535-5,46720,7,,
1,"3,500",,1998,2015,Á×¸²2±æ,00045,00000,46720,01,0,4661302,¿Á°ú¸é Á×¸²¸®,0101,0001,46720,37022,1,¼º¾Ï¸Ç¼Ç,1,20,46720-8,41.265,,101-1,46720,9,,
0,"8,500",,1997,2015,»ïÀÎµ¿±æ,00013,00000,46720,01,,4661140,°î¼ºÀ¾ ÇÐÁ¤¸®,0535,0005,46720,25022,1,µµ¸²,2,16,46720-3,59.91,,535-5,46720,5,,
1,"4,000",,1998,2015,Á×¸²2±æ,00045,00000,46720,01,0,4661302,¿Á°ú¸é Á×¸²¸®,0101,0001,46720,37022,1,¼º¾Ï¸Ç¼Ç,2,4,46720-8,41.265,,101-1,46720,8,,
0,"6,500",,1997,2015,»ïÀÎµ¿±æ,00013,00000,46720,01,,4661140,°î¼ºÀ¾ ÇÐÁ¤¸®,0535,0005,46720,25022,1,µµ¸²,3,19,46720-3,59.91,,535-5,46720,2,,
1,"4,900",,1992,2015,Á×¸²5±æ,00003,00000,46720,01,0,4661303,¿Á°ú¸é Á×¸²¸®,0204,0002,46720,37022,1,°í¿îÆÄÅ©¸Ç¼Ç,3,3,46720-5,59.4,,204-2,46720,1,,
2,"6,000",,1998,2015,Á×¸²2±æ,00045,00000,46720,01,0,4661302,¿Á°ú¸é Á×¸²¸®,0101,0001,46720,37022,1,¼º¾Ï¸Ç¼Ç,3,3,46720-8,59.4,,101-1,46720,4,,
3,"4,300",,1998,2015,Á×¸²2±æ,00045,00000,46720,01,0,4661302,¿Á°ú¸é Á×¸²¸®,0101,0001,46720,37022,1,¼º¾Ï¸Ç¼Ç,3,10,46720-8,41.265,,101-1,46720,4,,
4,"6,800",,1998,2015,Á×¸²2±æ,00045,00000,46720,01,0,4661302,¿Á°ú¸é Á×¸²¸®,0101,0001,46720,37022,1,¼º¾Ï¸Ç¼Ç,3,13,46720-8,59.4,,101-1,46720,10,,
5,"6,400",,1998,2015,Á×¸²2±æ,00045,00000,46720,01,0,4661302,¿Á°ú¸é Á×¸²¸®,0101,0001,46720,37022,1,¼º¾Ï¸Ç¼Ç,3,31,46720-8,59.4,,101-1,46720,1,,
0,"6,100",,1998,2015,Á×¸²2±æ,00045,00000,46720,01,0,4661302,¿Á°ú¸é Á×¸²¸®,0101,0001,46720,37022,1,¼º¾Ï¸Ç¼Ç,4,26,46720-8,59.4,,101-1,46720,7,,
1,"6,500",,1998,2015,Á×¸²2±æ,00045,00000,46720,01,0,4661302,¿Á°ú¸é Á×¸²¸®,0101,0001,46720,37022,1,¼º¾Ï¸Ç¼Ç,4,29,46720-8,59.4,,101-1,46720,13,,
0,"9,825",,2004,2015,»ïÀÎµ¿±æ,00021,00000,46720,01,0,4661140,°î¼ºÀ¾ ÇÐÁ¤¸®,0535,0001,46720,25022,1,ÇÑ¾çÆÄÅ©ºô,5,18,46720-6,57.817,,535-1,46720,5,,
0,"8,700",,2004,2015,»ïÀÎµ¿±æ,00021,00000,46720,01,0,4661140,°î¼ºÀ¾ ÇÐÁ¤¸®,0535,0001,46720,25022,1,ÇÑ¾çÆÄÅ©ºô,6,1,46720-6,57.817,,535-1,46720,4,,
1,"5,500",,2004,2015,»ïÀÎµ¿±æ,00021,00000,46720,01,0,4661140,°î¼ºÀ¾ ÇÐÁ¤¸®,0535,0001,46720,25022,1,ÇÑ¾çÆÄÅ©ºô,6,4,46720-6,57.817,,535-1,46720,1,,
2,"3,970",,1998,2015,Á×¸²2±æ,00045,00000,46720,01,0,4661302,¿Á°ú¸é Á×¸²¸®,0101,0001,46720,37022,1,¼º¾Ï¸Ç¼Ç,6,4,46720-8,41.265,,101-1,46720,12,,
0,"14,100",,2004,2015,»ïÀÎµ¿±æ,00021,00000,46720,01,0,4661140,°î¼ºÀ¾ ÇÐÁ¤¸®,0535,0001,46720,25022,1,ÇÑ¾çÆÄÅ©ºô,8,13,46720-6,79.1485,,535-1,46720,6,,
1,"9,201",,2004,2015,»ïÀÎµ¿±æ,00021,00000,46720,01,0,4661140,°î¼ºÀ¾ ÇÐÁ¤¸®,0535,0001,46720,25022,1,ÇÑ¾çÆÄÅ©ºô,8,31,46720-6,57.817,,535-1,46720,10,,
2,"10,000",,2004,2015,»ïÀÎµ¿±æ,00021,00000,46720,01,0,4661140,°î¼ºÀ¾ ÇÐÁ¤¸®,0535,0001,46720,25022,1,ÇÑ¾çÆÄÅ©ºô,8,31,46720-6,57.817,,535-1,46720,12,,
3,"6,600",,1998,2015,Á×¸²2±æ,00045,00000,46720,01,0,4661302,¿Á°ú¸é Á×¸²¸®,0101,0001,46720,37022,1,¼º¾Ï¸Ç¼Ç,8,12,46720-8,59.4,,101-1,46720,15,,
4,"3,700",,1998,2015,Á×¸²2±æ,00045,00000,46720,01,0,4661302,¿Á°ú¸é Á×¸²¸®,0101,0001,46720,37022,1,¼º¾Ï¸Ç¼Ç,8,13,46720-8,41.265,,101-1,46720,3,,
0,"6,500",,1996,2015,À¾³»2±æ,00013,00000,46720,01,0,4661270,°î¼ºÀ¾ À¾³»¸®,0788,0006,46720,25021,1,°í¿î(788-6),9,4,46720-7,59.46,,788-6,46720,3,,
1,"7,850",,1996,2015,À¾³»2±æ,00013,00000,46720,01,0,4661270,°î¼ºÀ¾ À¾³»¸®,0788,0006,46720,25021,1,°í¿î(788-6),9,22,46720-7,59.46,,788-6,46720,5,,
2,"8,100",,1996,2015,À¾³»2±æ,00013,00000,46720,01,0,4661270,°î¼ºÀ¾ À¾³»¸®,0788,0006,46720,25021,1,°í¿î(788-6),9,25,46720-7,59.46,,788-6,46720,5,,
0,"4,700",,1985,2015,ÇÐ±³·Î,00093,00000,46720,01,0,3287025,°î¼ºÀ¾ À¾³»¸®,0721,0001,46720,25021,1,¼ÛÁ¦,10,2,46720-2,58.8,,721-1,46720,1,,
1,"17,500",,2010,2015,ÇÐÁ¤3±æ,00020,00002,46720,01,0,4661337,°î¼ºÀ¾ ÇÐÁ¤¸®,0533,0021,46720,25022,1,°î¼º±âÂ÷¸¶À»¾Æ¶ß¸®¿ò,10,20,46720-21,84.7143,,533-21,46720,6,,
2,"10,150",,2004,2015,»ïÀÎµ¿±æ,00021,00000,46720,01,0,4661140,°î¼ºÀ¾ ÇÐÁ¤¸®,0535,0001,46720,25022,1,ÇÑ¾çÆÄÅ©ºô,10,22,46720-6,57.817,,535-1,46720,9,,
3,"14,000",,2004,2015,»ïÀÎµ¿±æ,00021,00000,46720,01,0,4661140,°î¼ºÀ¾ ÇÐÁ¤¸®,0535,0001,46720,25022,1,ÇÑ¾çÆÄÅ©ºô,10,26,46720-6,79.1485,,535-1,46720,11,,
4,"5,750",,1992,2015,Á×¸²5±æ,00003,00000,46720,01,0,4661303,¿Á°ú¸é Á×¸²¸®,0204,0002,46720,37022,1,°í¿îÆÄÅ©¸Ç¼Ç,10,5,46720-5,59.4,,204-2,46720,4,,
0,"14,000",,2004,2015,»ïÀÎµ¿±æ,00021,00000,46720,01,0,4661140,°î¼ºÀ¾ ÇÐÁ¤¸®,0535,0001,46720,25022,1,ÇÑ¾çÆÄÅ©ºô,11,12,46720-6,79.1485,,535-1,46720,1,,
1,"4,550",,1997,2015,»ïÀÎµ¿±æ,00013,00000,46720,01,,4661140,°î¼ºÀ¾ ÇÐÁ¤¸®,0535,0005,46720,25022,1,µµ¸²,11,20,46720-3,59.91,,535-5,46720,4,,
0,"3,600",,1985,2015,ÇÐ±³·Î,00093,00000,46720,01,0,3287025,°î¼ºÀ¾ À¾³»¸®,0721,0001,46720,25021,1,¼ÛÁ¦,12,17,46720-2,58.8,,721-1,46720,1,,
1,"4,000",,1985,2015,ÇÐ±³·Î,00093,00000,46720,01,0,3287025,°î¼ºÀ¾ À¾³»¸®,0721,0001,46720,25021,1,¼ÛÁ¦,12,28,46720-2,58.8,,721-1,46720,2,,
2,"10,700",,2004,2015,»ïÀÎµ¿±æ,00021,00000,46720,01,0,4661140,°î¼ºÀ¾ ÇÐÁ¤¸®,0535,0001,46720,25022,1,ÇÑ¾çÆÄÅ©ºô,12,1,46720-6,57.817,,535-1,46720,7,,
3,"18,600",,2010,2015,ÇÐÁ¤3±æ,00020,00002,46720,01,0,4661337,°î¼ºÀ¾ ÇÐÁ¤¸®,0533,0021,46720,25022,1,°î¼º±âÂ÷¸¶À»¾Æ¶ß¸®¿ò,12,17,46720-21,84.7143,,533-21,46720,8,,
0,"7,500",,1992,2016,ÇÐÁ¤3±æ,00018,00000,46720,01,0,4661337,°î¼ºÀ¾ ÇÐÁ¤¸®,0664,0001,46720,25022,1,¼­ÀÏ2,1,11,46720-4,59.91,,664-1,46720,4,,
1,"10,300",,2004,2016,»ïÀÎµ¿±æ,00021,00000,46720,01,0,4661140,°î¼ºÀ¾ ÇÐÁ¤¸®,0535,0001,46720,25022,1,ÇÑ¾çÆÄÅ©ºô,1,15,46720-6,57.817,,535-1,46720,10,,
2,"5,050",,1992,2016,Á×¸²5±æ,00003,00000,46720,01,0,4661303,¿Á°ú¸é Á×¸²¸®,0204,0002,46720,37022,1,°í¿îÆÄÅ©¸Ç¼Ç,1,11,46720-5,59.4,,204-2,46720,1,,
3,"6,600",,1998,2016,Á×¸²2±æ,00045,00000,46720,01,0,4661302,¿Á°ú¸é Á×¸²¸®,0101,0001,46720,37022,1,¼º¾Ï¸Ç¼Ç,1,22,46720-8,59.4,,101-1,46720,12,,
0,"13,000",,2004,2016,»ïÀÎµ¿±æ,00021,00000,46720,01,0,4661140,°î¼ºÀ¾ ÇÐÁ¤¸®,0535,0001,46720,25022,1,ÇÑ¾çÆÄÅ©ºô,3,11,46720-6,79.1485,,535-1,46720,14,,
1,"12,000",,2004,2016,»ïÀÎµ¿±æ,00021,00000,46720,01,0,4661140,°î¼ºÀ¾ ÇÐÁ¤¸®,0535,0001,46720,25022,1,ÇÑ¾çÆÄÅ©ºô,3,23,46720-6,79.1485,,535-1,46720,9,,
2,"15,400",,2004,2016,»ïÀÎµ¿±æ,00021,00000,46720,01,0,4661140,°î¼ºÀ¾ ÇÐÁ¤¸®,0535,0001,46720,25022,1,ÇÑ¾çÆÄÅ©ºô,3,24,46720-6,79.1485,,535-1,46720,10,,
3,"15,500",,2004,2016,»ïÀÎµ¿±æ,00021,00000,46720,01,0,4661140,°î¼ºÀ¾ ÇÐÁ¤¸®,0535,0001,46720,25022,1,ÇÑ¾çÆÄÅ©ºô,3,28,46720-6,79.1485,,535-1,46720,10,,
4,"5,500",,1997,2016,»ïÀÎµ¿±æ,00013,00000,46720,01,,4661140,°î¼ºÀ¾ ÇÐÁ¤¸®,0535,0005,46720,25022,1,µµ¸²,3,31,46720-3,59.91,,535-5,46720,10,,
5,"3,500",,1998,2016,Á×¸²2±æ,00045,00000,46720,01,0,4661302,¿Á°ú¸é Á×¸²¸®,0101,0001,46720,37022,1,¼º¾Ï¸Ç¼Ç,3,10,46720-8,41.265,,101-1,46720,4,,
0,"7,800",,1996,2016,À¾³»2±æ,00013,00000,46720,01,0,4661270,°î¼ºÀ¾ À¾³»¸®,0788,0006,46720,25021,1,°í¿î(788-6),4,25,46720-7,59.46,,788-6,46720,2,,
1,"19,500",,2010,2016,ÇÐÁ¤3±æ,00020,00002,46720,01,0,4661337,°î¼ºÀ¾ ÇÐÁ¤¸®,0533,0021,46720,25022,1,°î¼º±âÂ÷¸¶À»¾Æ¶ß¸®¿ò,4,14,46720-21,84.7143,,533-21,46720,2,,
2,"8,500",,1997,2016,»ïÀÎµ¿±æ,00013,00000,46720,01,,4661140,°î¼ºÀ¾ ÇÐÁ¤¸®,0535,0005,46720,25022,1,µµ¸²,4,20,46720-3,59.91,,535-5,46720,12,,
3,"6,200",,1992,2016,Á×¸²5±æ,00003,00000,46720,01,0,4661303,¿Á°ú¸é Á×¸²¸®,0204,0002,46720,37022,1,°í¿îÆÄÅ©¸Ç¼Ç,4,29,46720-5,59.4,,204-2,46720,4,,
0,"15,400",,2004,2016,»ïÀÎµ¿±æ,00021,00000,46720,01,0,4661140,°î¼ºÀ¾ ÇÐÁ¤¸®,0535,0001,46720,25022,1,ÇÑ¾çÆÄÅ©ºô,5,26,46720-6,79.1485,,535-1,46720,5,,
1,"6,400",,1998,2016,Á×¸²2±æ,00045,00000,46720,01,0,4661302,¿Á°ú¸é Á×¸²¸®,0101,0001,46720,37022,1,¼º¾Ï¸Ç¼Ç,5,9,46720-8,59.4,,101-1,46720,6,,
0,"8,350",,1997,2016,»ïÀÎµ¿±æ,00013,00000,46720,01,,4661140,°î¼ºÀ¾ ÇÐÁ¤¸®,0535,0005,46720,25022,1,µµ¸²,7,4,46720-3,59.91,,535-5,46720,6,,
1,"3,250",,1998,2016,Á×¸²2±æ,00045,00000,46720,01,0,4661302,¿Á°ú¸é Á×¸²¸®,0101,0001,46720,37022,1,¼º¾Ï¸Ç¼Ç,7,14,46720-8,41.265,,101-1,46720,1,,
0,"7,200",,1996,2016,À¾³»2±æ,00013,00000,46720,01,0,4661270,°î¼ºÀ¾ À¾³»¸®,0788,0006,46720,25021,1,°í¿î(788-6),8,3,46720-7,59.46,,788-6,46720,4,,
1,"15,000",,2004,2016,»ïÀÎµ¿±æ,00021,00000,46720,01,0,4661140,°î¼ºÀ¾ ÇÐÁ¤¸®,0535,0001,46720,25022,1,ÇÑ¾çÆÄÅ©ºô,8,13,46720-6,79.1485,,535-1,46720,10,,
0,"6,120",,1992,2016,Á×¸²5±æ,00003,00000,46720,01,0,4661303,¿Á°ú¸é Á×¸²¸®,0204,0002,46720,37022,1,°í¿îÆÄÅ©¸Ç¼Ç,9,21,46720-5,59.4,,204-2,46720,1,,
1,"6,800",,1998,2016,Á×¸²2±æ,00045,00000,46720,01,0,4661302,¿Á°ú¸é Á×¸²¸®,0101,0001,46720,37022,1,¼º¾Ï¸Ç¼Ç,9,28,46720-8,59.4,,101-1,46720,11,,
0,"4,300",,1991,2016,À¾³»2±æ,00006,00000,46720,01,0,4661270,°î¼ºÀ¾ À¾³»¸®,0792,0002,46720,25021,1,¼­ÀÏ1,10,14,46720-1,79.01,,792-2,46720,1,,
1,"9,500",,2004,2016,»ïÀÎµ¿±æ,00021,00000,46720,01,0,4661140,°î¼ºÀ¾ ÇÐÁ¤¸®,0535,0001,46720,25022,1,ÇÑ¾çÆÄÅ©ºô,10,21,46720-6,57.817,,535-1,46720,4,,
2,"13,000",,2004,2016,»ïÀÎµ¿±æ,00021,00000,46720,01,0,4661140,°î¼ºÀ¾ ÇÐÁ¤¸®,0535,0001,46720,25022,1,ÇÑ¾çÆÄÅ©ºô,10,22,46720-6,79.1485,,535-1,46720,5,,
3,"8,000",,2004,2016,»ïÀÎµ¿±æ,00021,00000,46720,01,0,4661140,°î¼ºÀ¾ ÇÐÁ¤¸®,0535,0001,46720,25022,1,ÇÑ¾çÆÄÅ©ºô,10,28,46720-6,79.1485,,535-1,46720,2,,
0,"10,000",,2004,2016,»ïÀÎµ¿±æ,00021,00000,46720,01,0,4661140,°î¼ºÀ¾ ÇÐÁ¤¸®,0535,0001,46720,25022,1,ÇÑ¾çÆÄÅ©ºô,11,3,46720-6,57.817,,535-1,46720,2,,
1,"7,650",,1997,2016,»ïÀÎµ¿±æ,00013,00000,46720,01,,4661140,°î¼ºÀ¾ ÇÐÁ¤¸®,0535,0005,46720,25022,1,µµ¸²,11,7,46720-3,59.91,,535-5,46720,10,,
2,"10,900",,2004,2016,»ïÀÎµ¿±æ,00021,00000,46720,01,0,4661140,°î¼ºÀ¾ ÇÐÁ¤¸®,0535,0001,46720,25022,1,ÇÑ¾çÆÄÅ©ºô,11,10,46720-6,57.817,,535-1,46720,7,,
3,"20,500",,2010,2016,ÇÐÁ¤3±æ,00020,00002,46720,01,0,4661337,°î¼ºÀ¾ ÇÐÁ¤¸®,0533,0021,46720,25022,1,°î¼º±âÂ÷¸¶À»¾Æ¶ß¸®¿ò,11,24,46720-21,84.7143,,533-21,46720,9,,
4,"6,300",,1998,2016,Á×¸²2±æ,00045,00000,46720,01,0,4661302,¿Á°ú¸é Á×¸²¸®,0101,0001,46720,37022,1,¼º¾Ï¸Ç¼Ç,11,7,46720-8,59.4,,101-1,46720,1,,
0,"8,000",,1997,2016,»ïÀÎµ¿±æ,00013,00000,46720,01,,4661140,°î¼ºÀ¾ ÇÐÁ¤¸®,0535,0005,46720,25022,1,µµ¸²,12,9,46720-3,59.91,,535-5,46720,11,,
1,"20,500",,2010,2016,ÇÐÁ¤3±æ,00020,00002,46720,01,0,4661337,°î¼ºÀ¾ ÇÐÁ¤¸®,0533,0021,46720,25022,1,°î¼º±âÂ÷¸¶À»¾Æ¶ß¸®¿ò,12,12,46720-21,84.7143,,533-21,46720,6,,
2,"18,000",,2010,2016,ÇÐÁ¤3±æ,00020,00002,46720,01,0,4661337,°î¼ºÀ¾ ÇÐÁ¤¸®,0533,0021,46720,25022,1,°î¼º±âÂ÷¸¶À»¾Æ¶ß¸®¿ò,12,26,46720-21,84.7143,,533-21,46720,7,,
0,"7,500",,1991,2017,À¾³»2±æ,00006,00000,46720,01,0,4661270,°î¼ºÀ¾ À¾³»¸®,0792,0002,46720,25021,1,¼­ÀÏ1,1,2,46720-1,79.01,,792-2,46720,4,,
1,"4,500",,1985,2017,ÇÐ±³·Î,00093,00000,46720,01,0,3287025,°î¼ºÀ¾ À¾³»¸®,0721,0001,46720,25021,1,¼ÛÁ¦,1,16,46720-2,58.8,,721-1,46720,1,,
2,"6,500",,1996,2017,À¾³»2±æ,00013,00000,46720,01,0,4661270,°î¼ºÀ¾ À¾³»¸®,0788,0006,46720,25021,1,°í¿î(788-6),1,25,46720-7,59.46,,788-6,46720,6,,
3,"8,450",,1997,2017,»ïÀÎµ¿±æ,00013,00000,46720,01,,4661140,°î¼ºÀ¾ ÇÐÁ¤¸®,0535,0005,46720,25022,1,µµ¸²,1,26,46720-3,59.91,,535-5,46720,7,,
0,"15,900",,2010,2017,ÇÐÁ¤3±æ,00020,00002,46720,01,0,4661337,°î¼ºÀ¾ ÇÐÁ¤¸®,0533,0021,46720,25022,1,°î¼º±âÂ÷¸¶À»¾Æ¶ß¸®¿ò,2,22,46720-21,59.6581,,533-21,46720,4,,
0,"7,000",,1991,2017,À¾³»2±æ,00006,00000,46720,01,0,4661270,°î¼ºÀ¾ À¾³»¸®,0792,0002,46720,25021,1,¼­ÀÏ1,3,15,46720-1,73.73,,792-2,46720,3,,
1,"6,750",,1996,2017,À¾³»2±æ,00013,00000,46720,01,0,4661270,°î¼ºÀ¾ À¾³»¸®,0788,0006,46720,25021,1,°í¿î(788-6),3,20,46720-7,59.46,,788-6,46720,1,,
2,"7,350",,1998,2017,Á×¸²2±æ,00045,00000,46720,01,0,4661302,¿Á°ú¸é Á×¸²¸®,0101,0001,46720,37022,1,¼º¾Ï¸Ç¼Ç,3,23,46720-8,59.4,,101-1,46720,10,,
0,"21,000",,2010,2017,ÇÐÁ¤3±æ,00020,00002,46720,01,0,4661337,°î¼ºÀ¾ ÇÐÁ¤¸®,0533,0021,46720,25022,1,°î¼º±âÂ÷¸¶À»¾Æ¶ß¸®¿ò,4,4,46720-21,84.7143,,533-21,46720,3,,
1,"16,500",,2004,2017,»ïÀÎµ¿±æ,00021,00000,46720,01,0,4661140,°î¼ºÀ¾ ÇÐÁ¤¸®,0535,0001,46720,25022,1,ÇÑ¾çÆÄÅ©ºô,4,12,46720-6,79.1485,,535-1,46720,3,,
2,"7,800",,1992,2017,Á×¸²5±æ,00003,00000,46720,01,0,4661303,¿Á°ú¸é Á×¸²¸®,0204,0002,46720,37022,1,°í¿îÆÄÅ©¸Ç¼Ç,4,3,46720-5,84.51,,204-2,46720,6,,
3,"6,050",,1998,2017,Á×¸²2±æ,00045,00000,46720,01,0,4661302,¿Á°ú¸é Á×¸²¸®,0101,0001,46720,37022,1,¼º¾Ï¸Ç¼Ç,4,8,46720-8,59.4,,101-1,46720,1,,
0,"7,400",,1998,2017,Á×¸²2±æ,00045,00000,46720,01,0,4661302,¿Á°ú¸é Á×¸²¸®,0101,0001,46720,37022,1,¼º¾Ï¸Ç¼Ç,5,4,46720-8,59.4,,101-1,46720,13,,
0,"11,400",,2004,2017,»ïÀÎµ¿±æ,00021,00000,46720,01,0,4661140,°î¼ºÀ¾ ÇÐÁ¤¸®,0535,0001,46720,25022,1,ÇÑ¾çÆÄÅ©ºô,6,8,46720-6,57.817,,535-1,46720,4,,
1,"9,200",,1997,2017,»ïÀÎµ¿±æ,00013,00000,46720,01,,4661140,°î¼ºÀ¾ ÇÐÁ¤¸®,0535,0005,46720,25022,1,µµ¸²,6,13,46720-3,59.91,,535-5,46720,6,,
2,"18,200",,2010,2017,ÇÐÁ¤3±æ,00020,00002,46720,01,0,4661337,°î¼ºÀ¾ ÇÐÁ¤¸®,0533,0021,46720,25022,1,°î¼º±âÂ÷¸¶À»¾Æ¶ß¸®¿ò,6,19,46720-21,84.7143,,533-21,46720,4,,
0,"9,600",,2004,2017,»ïÀÎµ¿±æ,00021,00000,46720,01,0,4661140,°î¼ºÀ¾ ÇÐÁ¤¸®,0535,0001,46720,25022,1,ÇÑ¾çÆÄÅ©ºô,7,22,46720-6,57.817,,535-1,46720,2,,
0,"8,400",,1997,2017,»ïÀÎµ¿±æ,00013,00000,46720,01,,4661140,°î¼ºÀ¾ ÇÐÁ¤¸®,0535,0005,46720,25022,1,µµ¸²,8,5,46720-3,59.91,,535-5,46720,4,,
1,"6,500",,1998,2017,Á×¸²2±æ,00045,00000,46720,01,0,4661302,¿Á°ú¸é Á×¸²¸®,0101,0001,46720,37022,1,¼º¾Ï¸Ç¼Ç,8,23,46720-8,59.4,,101-1,46720,1,,
2,"3,900",,1998,2017,Á×¸²2±æ,00045,00000,46720,01,0,4661302,¿Á°ú¸é Á×¸²¸®,0101,0001,46720,37022,1,¼º¾Ï¸Ç¼Ç,8,27,46720-8,41.265,,101-1,46720,3,,
0,"6,000",,1985,2017,ÇÐ±³·Î,00093,00000,46720,01,0,3287025,°î¼ºÀ¾ À¾³»¸®,0721,0001,46720,25021,1,¼ÛÁ¦,9,6,46720-2,58.8,,721-1,46720,2,,
1,"4,500",,1985,2017,ÇÐ±³·Î,00093,00000,46720,01,0,3287025,°î¼ºÀ¾ À¾³»¸®,0721,0001,46720,25021,1,¼ÛÁ¦,9,13,46720-2,58.8,,721-1,46720,2,,
2,"7,500",,1991,2017,À¾³»2±æ,00006,00000,46720,01,0,4661270,°î¼ºÀ¾ À¾³»¸®,0792,0002,46720,25021,1,¼­ÀÏ1,9,20,46720-1,79.01,,792-2,46720,5,,
3,"19,000",,2010,2017,ÇÐÁ¤3±æ,00020,00002,46720,01,0,4661337,°î¼ºÀ¾ ÇÐÁ¤¸®,0533,0021,46720,25022,1,°î¼º±âÂ÷¸¶À»¾Æ¶ß¸®¿ò,9,6,46720-21,84.7143,,533-21,46720,11,,
4,"16,800",,2004,2017,»ïÀÎµ¿±æ,00021,00000,46720,01,0,4661140,°î¼ºÀ¾ ÇÐÁ¤¸®,0535,0001,46720,25022,1,ÇÑ¾çÆÄÅ©ºô,9,11,46720-6,79.1485,,535-1,46720,7,,
5,"15,000",,2004,2017,»ïÀÎµ¿±æ,00021,00000,46720,01,0,4661140,°î¼ºÀ¾ ÇÐÁ¤¸®,0535,0001,46720,25022,1,ÇÑ¾çÆÄÅ©ºô,9,13,46720-6,79.1485,,535-1,46720,10,,
6,"17,000",,2004,2017,»ïÀÎµ¿±æ,00021,00000,46720,01,0,4661140,°î¼ºÀ¾ ÇÐÁ¤¸®,0535,0001,46720,25022,1,ÇÑ¾çÆÄÅ©ºô,9,13,46720-6,79.1485,,535-1,46720,7,,
7,"5,500",,1998,2017,Á×¸²2±æ,00045,00000,46720,01,0,4661302,¿Á°ú¸é Á×¸²¸®,0101,0001,46720,37022,1,¼º¾Ï¸Ç¼Ç,9,30,46720-8,41.265,,101-1,46720,3,,
0,"8,820",,1997,2017,»ïÀÎµ¿±æ,00013,00000,46720,01,,4661140,°î¼ºÀ¾ ÇÐÁ¤¸®,0535,0005,46720,25022,1,µµ¸²,10,12,46720-3,59.91,,535-5,46720,11,,
0,"19,000",,2010,2017,ÇÐÁ¤3±æ,00020,00002,46720,01,0,4661337,°î¼ºÀ¾ ÇÐÁ¤¸®,0533,0021,46720,25022,1,°î¼º±âÂ÷¸¶À»¾Æ¶ß¸®¿ò,11,21,46720-21,84.7143,,533-21,46720,3,,
0,"15,000",,2004,2017,»ïÀÎµ¿±æ,00021,00000,46720,01,0,4661140,°î¼ºÀ¾ ÇÐÁ¤¸®,0535,0001,46720,25022,1,ÇÑ¾çÆÄÅ©ºô,12,1,46720-6,79.1485,,535-1,46720,1,,
1,"14,500",,2010,2017,ÇÐÁ¤3±æ,00020,00002,46720,01,0,4661337,°î¼ºÀ¾ ÇÐÁ¤¸®,0533,0021,46720,25022,1,°î¼º±âÂ÷¸¶À»¾Æ¶ß¸®¿ò,12,1,46720-21,59.6581,,533-21,46720,5,,
2,"24,000",,2010,2017,ÇÐÁ¤3±æ,00020,00002,46720,01,0,4661337,°î¼ºÀ¾ ÇÐÁ¤¸®,0533,0021,46720,25022,1,°î¼º±âÂ÷¸¶À»¾Æ¶ß¸®¿ò,12,8,46720-21,84.7143,,533-21,46720,10,,
3,"7,100",,1998,2017,Á×¸²2±æ,00045,00000,46720,01,0,4661302,¿Á°ú¸é Á×¸²¸®,0101,0001,46720,37022,1,¼º¾Ï¸Ç¼Ç,12,3,46720-8,59.4,,101-1,46720,7,,
0,"7,000",,1996,2018,À¾³»2±æ,00013,00000,46720,01,0,4661270,°î¼ºÀ¾ À¾³»¸®,0788,0006,46720,25021,1,°í¿î(788-6),1,12,46720-7,59.46,,788-6,46720,3,,
1,"9,500",,1992,2018,Á×¸²5±æ,00003,00000,46720,01,0,4661303,¿Á°ú¸é Á×¸²¸®,0204,0002,46720,37022,1,°í¿îÆÄÅ©¸Ç¼Ç,1,22,46720-5,84.51,,204-2,46720,5,,
0,"25,500",,2018,2018,ÇÐ±³·Î,00087,00000,46720,00,0,3287025,°î¼ºÀ¾ À¾³»¸®,0724,0001,46720,25021,1,ÇØµç¼¾Æ®·²,2,6,46720-39,82.6615,,724-1,46720,2,,
1,"13,700",,1997,2018,»ïÀÎµ¿±æ,00013,00000,46720,01,,4661140,°î¼ºÀ¾ ÇÐÁ¤¸®,0535,0005,46720,25022,1,µµ¸²,2,8,46720-3,84.93,,535-5,46720,11,,
0,"7,700",,1996,2018,À¾³»2±æ,00013,00000,46720,01,0,4661270,°î¼ºÀ¾ À¾³»¸®,0788,0006,46720,25021,1,°í¿î(788-6),3,12,46720-7,59.46,,788-6,46720,5,,
1,"4,700",,1985,2018,ÇÐ±³·Î,00093,00000,46720,01,0,3287025,°î¼ºÀ¾ À¾³»¸®,0721,0001,46720,25021,1,¼ÛÁ¦,3,16,46720-2,58.8,,721-1,46720,4,,
2,"4,500",,1985,2018,ÇÐ±³·Î,00093,00000,46720,01,0,3287025,°î¼ºÀ¾ À¾³»¸®,0721,0001,46720,25021,1,¼ÛÁ¦,3,17,46720-2,58.4,,721-1,46720,3,,
3,"5,000",,1991,2018,À¾³»2±æ,00006,00000,46720,01,0,4661270,°î¼ºÀ¾ À¾³»¸®,0792,0002,46720,25021,1,¼­ÀÏ1,3,21,46720-1,73.73,,792-2,46720,5,,
4,"21,700",,2018,2018,ÇÐ±³·Î,00087,00000,46720,01,0,3287025,°î¼ºÀ¾ À¾³»¸®,0724,0001,46720,25021,1,ÇØµç¼¾Æ®·²,3,29,46720-39,82.6615,,724-1,46720,2,,
5,"18,000",,2010,2018,ÇÐÁ¤3±æ,00020,00002,46720,01,0,4661337,°î¼ºÀ¾ ÇÐÁ¤¸®,0533,0021,46720,25022,1,°î¼º±âÂ÷¸¶À»¾Æ¶ß¸®¿ò,3,2,46720-21,84.7143,,533-21,46720,1,,
6,"18,300",,2004,2018,»ïÀÎµ¿±æ,00021,00000,46720,01,0,4661140,°î¼ºÀ¾ ÇÐÁ¤¸®,0535,0001,46720,25022,1,ÇÑ¾çÆÄÅ©ºô,3,12,46720-6,79.1485,,535-1,46720,11,,
7,"6,200",,1998,2018,Á×¸²2±æ,00045,00000,46720,01,0,4661302,¿Á°ú¸é Á×¸²¸®,0101,0001,46720,37022,1,¼º¾Ï¸Ç¼Ç,3,8,46720-8,59.4,,101-1,46720,4,,
8,"4,070",,1998,2018,Á×¸²2±æ,00045,00000,46720,01,0,4661302,¿Á°ú¸é Á×¸²¸®,0101,0001,46720,37022,1,¼º¾Ï¸Ç¼Ç,3,26,46720-8,41.265,,101-1,46720,12,,
0,"20,400",,2018,2018,ÇÐ±³·Î,00087,00000,46720,01,0,3287025,°î¼ºÀ¾ À¾³»¸®,0724,0001,46720,25021,1,ÇØµç¼¾Æ®·²,4,20,46720-39,66.2665,,724-1,46720,9,,
1,"18,000",,2018,2018,ÇÐ±³·Î,00087,00000,46720,01,0,3287025,°î¼ºÀ¾ À¾³»¸®,0724,0001,46720,25021,1,ÇØµç¼¾Æ®·²,4,20,46720-39,75.1291,,724-1,46720,9,,
2,"5,000",,1998,2018,Á×¸²2±æ,00045,00000,46720,01,0,4661302,¿Á°ú¸é Á×¸²¸®,0101,0001,46720,37022,1,¼º¾Ï¸Ç¼Ç,4,27,46720-8,41.265,,101-1,46720,9,,
0,"20,300",,2018,2018,ÇÐ±³·Î,00087,00000,46720,01,0,3287025,°î¼ºÀ¾ À¾³»¸®,0724,0001,46720,25021,1,ÇØµç¼¾Æ®·²,5,21,46720-39,82.1783,,724-1,46720,4,,
1,"8,000",,1991,2018,À¾³»2±æ,00006,00000,46720,01,0,4661270,°î¼ºÀ¾ À¾³»¸®,0792,0002,46720,25021,1,¼­ÀÏ1,5,29,46720-1,73.73,,792-2,46720,4,,
2,"17,000",,2004,2018,»ïÀÎµ¿±æ,00021,00000,46720,01,0,4661140,°î¼ºÀ¾ ÇÐÁ¤¸®,0535,0001,46720,25022,1,ÇÑ¾çÆÄÅ©ºô,5,8,46720-6,79.1485,,535-1,46720,1,,
3,"14,200",,2010,2018,ÇÐÁ¤3±æ,00020,00002,46720,01,0,4661337,°î¼ºÀ¾ ÇÐÁ¤¸®,0533,0021,46720,25022,1,°î¼º±âÂ÷¸¶À»¾Æ¶ß¸®¿ò,5,30,46720-21,59.6581,,533-21,46720,7,,
4,"7,400",,1998,2018,Á×¸²2±æ,00045,00000,46720,01,0,4661302,¿Á°ú¸é Á×¸²¸®,0101,0001,46720,37022,1,¼º¾Ï¸Ç¼Ç,5,3,46720-8,59.4,,101-1,46720,11,,
0,"4,000",,1985,2018,ÇÐ±³·Î,00093,00000,46720,01,0,3287025,°î¼ºÀ¾ À¾³»¸®,0721,0001,46720,25021,1,¼ÛÁ¦,6,19,46720-2,58.8,,721-1,46720,1,,
1,"7,700",,1996,2018,À¾³»2±æ,00013,00000,46720,01,0,4661270,°î¼ºÀ¾ À¾³»¸®,0788,0006,46720,25021,1,°í¿î(788-6),6,27,46720-7,59.46,,788-6,46720,3,,
2,"18,500",,2004,2018,»ïÀÎµ¿±æ,00021,00000,46720,01,0,4661140,°î¼ºÀ¾ ÇÐÁ¤¸®,0535,0001,46720,25022,1,ÇÑ¾çÆÄÅ©ºô,6,7,46720-6,79.1485,,535-1,46720,12,,
3,"4,900",,1992,2018,ÇÐÁ¤3±æ,00018,00000,46720,01,0,4661337,°î¼ºÀ¾ ÇÐÁ¤¸®,0664,0001,46720,25022,1,¼­ÀÏ2,6,27,46720-4,59.91,,664-1,46720,1,,
0,"20,400",,2018,2018,ÇÐ±³·Î,00087,00000,46720,01,0,3287025,°î¼ºÀ¾ À¾³»¸®,0724,0001,46720,25021,1,ÇØµç¼¾Æ®·²,7,11,46720-39,82.6615,,724-1,46720,5,,
1,"10,500",,2004,2018,»ïÀÎµ¿±æ,00021,00000,46720,01,0,4661140,°î¼ºÀ¾ ÇÐÁ¤¸®,0535,0001,46720,25022,1,ÇÑ¾çÆÄÅ©ºô,7,24,46720-6,57.817,,535-1,46720,9,,
2,"8,700",,1992,2018,Á×¸²5±æ,00003,00000,46720,01,0,4661303,¿Á°ú¸é Á×¸²¸®,0204,0002,46720,37022,1,°í¿îÆÄÅ©¸Ç¼Ç,7,31,46720-5,84.51,,204-2,46720,2,,
0,"3,500",,1985,2018,ÇÐ±³·Î,00093,00000,46720,01,0,3287025,°î¼ºÀ¾ À¾³»¸®,0721,0001,46720,25021,1,¼ÛÁ¦,8,16,46720-2,58.8,,721-1,46720,5,,
1,"14,900",,2010,2018,ÇÐÁ¤3±æ,00020,00002,46720,01,0,4661337,°î¼ºÀ¾ ÇÐÁ¤¸®,0533,0021,46720,25022,1,°î¼º±âÂ÷¸¶À»¾Æ¶ß¸®¿ò,8,17,46720-21,59.6581,,533-21,46720,11,,
2,"8,900",,1997,2018,»ïÀÎµ¿±æ,00013,00000,46720,01,,4661140,°î¼ºÀ¾ ÇÐÁ¤¸®,0535,0005,46720,25022,1,µµ¸²,8,20,46720-3,59.91,,535-5,46720,9,,
0,"17,600",,2018,2018,ÇÐ±³·Î,00087,00000,46720,01,0,3287025,°î¼ºÀ¾ À¾³»¸®,0724,0001,46720,25021,1,ÇØµç¼¾Æ®·²,9,18,46720-39,77.6914,,724-1,46720,7,,
1,"13,200",,1997,2018,»ïÀÎµ¿±æ,00013,00000,46720,01,,4661140,°î¼ºÀ¾ ÇÐÁ¤¸®,0535,0005,46720,25022,1,µµ¸²,9,27,46720-3,84.93,,535-5,46720,7,,
2,"4,000",,1998,2018,Á×¸²2±æ,00045,00000,46720,01,0,4661302,¿Á°ú¸é Á×¸²¸®,0101,0001,46720,37022,1,¼º¾Ï¸Ç¼Ç,9,19,46720-8,41.265,,101-1,46720,4,,
0,"6,500",,1996,2018,À¾³»2±æ,00013,00000,46720,01,0,4661270,°î¼ºÀ¾ À¾³»¸®,0788,0006,46720,25021,1,°í¿î(788-6),10,1,46720-7,59.46,,788-6,46720,1,,
1,"3,450",,1985,2018,ÇÐ±³·Î,00093,00000,46720,01,0,3287025,°î¼ºÀ¾ À¾³»¸®,0721,0001,46720,25021,1,¼ÛÁ¦,10,10,46720-2,58.4,,721-1,46720,3,,
2,"6,600",,1996,2018,À¾³»2±æ,00013,00000,46720,01,0,4661270,°î¼ºÀ¾ À¾³»¸®,0788,0006,46720,25021,1,°í¿î(788-6),10,17,46720-7,59.46,,788-6,46720,6,,
3,"2,900",,1985,2018,ÇÐ±³·Î,00093,00000,46720,01,0,3287025,°î¼ºÀ¾ À¾³»¸®,0721,0001,46720,25021,1,¼ÛÁ¦,10,30,46720-2,58.8,,721-1,46720,5,,
4,"8,500",,1997,2018,»ïÀÎµ¿±æ,00013,00000,46720,01,,4661140,°î¼ºÀ¾ ÇÐÁ¤¸®,0535,0005,46720,25022,1,µµ¸²,10,10,46720-3,59.91,,535-5,46720,12,,
5,"20,000",,2010,2018,ÇÐÁ¤3±æ,00020,00002,46720,01,0,4661337,°î¼ºÀ¾ ÇÐÁ¤¸®,0533,0021,46720,25022,1,°î¼º±âÂ÷¸¶À»¾Æ¶ß¸®¿ò,10,25,46720-21,84.7143,,533-21,46720,2,,
6,"7,450",,1998,2018,Á×¸²2±æ,00045,00000,46720,01,0,4661302,¿Á°ú¸é Á×¸²¸®,0101,0001,46720,37022,1,¼º¾Ï¸Ç¼Ç,10,11,46720-8,59.4,,101-1,46720,1,,
7,"7,500",,1998,2018,Á×¸²2±æ,00045,00000,46720,01,0,4661302,¿Á°ú¸é Á×¸²¸®,0101,0001,46720,37022,1,¼º¾Ï¸Ç¼Ç,10,26,46720-8,59.4,,101-1,46720,6,,
0,"2,700",,1985,2018,ÇÐ±³·Î,00093,00000,46720,01,0,3287025,°î¼ºÀ¾ À¾³»¸®,0721,0001,46720,25021,1,¼ÛÁ¦,11,13,46720-2,58.8,,721-1,46720,5,,
1,"6,000",,1992,2018,ÇÐÁ¤3±æ,00018,00000,46720,01,0,4661337,°î¼ºÀ¾ ÇÐÁ¤¸®,0664,0001,46720,25022,1,¼­ÀÏ2,11,12,46720-4,59.91,,664-1,46720,3,,
2,"11,300",,2004,2018,»ïÀÎµ¿±æ,00021,00000,46720,01,0,4661140,°î¼ºÀ¾ ÇÐÁ¤¸®,0535,0001,46720,25022,1,ÇÑ¾çÆÄÅ©ºô,11,12,46720-6,57.817,,535-1,46720,10,,
3,"18,500",,2004,2018,»ïÀÎµ¿±æ,00021,00000,46720,01,0,4661140,°î¼ºÀ¾ ÇÐÁ¤¸®,0535,0001,46720,25022,1,ÇÑ¾çÆÄÅ©ºô,11,23,46720-6,79.1485,,535-1,46720,14,,
4,"7,200",,1998,2018,Á×¸²2±æ,00045,00000,46720,01,0,4661302,¿Á°ú¸é Á×¸²¸®,0101,0001,46720,37022,1,¼º¾Ï¸Ç¼Ç,11,5,46720-8,59.4,,101-1,46720,6,,
0,"7,200",,1996,2018,À¾³»2±æ,00013,00000,46720,01,0,4661270,°î¼ºÀ¾ À¾³»¸®,0788,0006,46720,25021,1,°í¿î(788-6),12,3,46720-7,59.46,,788-6,46720,2,,
1,"24,319",,2018,2018,Áß¾Ó·Î,00132,00000,46720,01,0,3287033,°î¼ºÀ¾ À¾³»¸®,0349,0004,46720,25021,1,Ã»¾Ï¼¾Æ®·²ºô,12,7,46720-40,83.912,,349-4,46720,6,,
2,"25,985",,2018,2018,Áß¾Ó·Î,00132,00000,46720,01,0,3287033,°î¼ºÀ¾ À¾³»¸®,0349,0004,46720,25021,1,Ã»¾Ï¼¾Æ®·²ºô,12,7,46720-40,83.912,,349-4,46720,12,,
3,"24,319",,2018,2018,Áß¾Ó·Î,00132,00000,46720,01,0,3287033,°î¼ºÀ¾ À¾³»¸®,0349,0004,46720,25021,1,Ã»¾Ï¼¾Æ®·²ºô,12,10,46720-40,83.912,,349-4,46720,6,,
4,"25,985",,2018,2018,Áß¾Ó·Î,00132,00000,46720,01,0,3287033,°î¼ºÀ¾ À¾³»¸®,0349,0004,46720,25021,1,Ã»¾Ï¼¾Æ®·²ºô,12,10,46720-40,83.912,,349-4,46720,12,,
5,"20,700",,2018,2018,ÇÐ±³·Î,00087,00000,46720,01,0,3287025,°î¼ºÀ¾ À¾³»¸®,0724,0001,46720,25021,1,ÇØµç¼¾Æ®·²,12,21,46720-39,77.6914,,724-1,46720,2,,
6,"6,000",,1998,2018,Á×¸²2±æ,00045,00000,46720,01,0,4661302,¿Á°ú¸é Á×¸²¸®,0101,0001,46720,37022,1,¼º¾Ï¸Ç¼Ç,12,12,46720-8,59.4,,101-1,46720,6,,
0,"7,600",,1996,2019,À¾³»2±æ,00013,00000,46720,01,0,4661270,°î¼ºÀ¾ À¾³»¸®,0788,0006,46720,25021,1,°í¿î(788-6),1,17,46720-7,59.46,,788-6,46720,4,,
1,"9,600",,1997,2019,»ïÀÎµ¿±æ,00013,00000,46720,01,,4661140,°î¼ºÀ¾ ÇÐÁ¤¸®,0535,0005,46720,25022,1,µµ¸²,1,18,46720-3,59.91,,535-5,46720,5,,
2,"7,000",,1998,2019,Á×¸²2±æ,00045,00000,46720,01,0,4661302,¿Á°ú¸é Á×¸²¸®,0101,0001,46720,37022,1,¼º¾Ï¸Ç¼Ç,1,7,46720-8,59.4,,101-1,46720,1,,
3,"6,600",,1992,2019,Á×¸²5±æ,00003,00000,46720,01,0,4661303,¿Á°ú¸é Á×¸²¸®,0204,0002,46720,37022,1,°í¿îÆÄÅ©¸Ç¼Ç,1,30,46720-5,59.4,,204-2,46720,2,,
0,"7,000",,1997,2019,»ïÀÎµ¿±æ,00013,00000,46720,01,,4661140,°î¼ºÀ¾ ÇÐÁ¤¸®,0535,0005,46720,25022,1,µµ¸²,2,11,46720-3,59.91,,535-5,46720,9,,
1,"14,400",,2010,2019,ÇÐÁ¤3±æ,00020,00002,46720,01,0,4661337,°î¼ºÀ¾ ÇÐÁ¤¸®,0533,0021,46720,25022,1,°î¼º±âÂ÷¸¶À»¾Æ¶ß¸®¿ò,2,15,46720-21,59.6581,,533-21,46720,7,,
2,"13,800",,2010,2019,ÇÐÁ¤3±æ,00020,00002,46720,01,0,4661337,°î¼ºÀ¾ ÇÐÁ¤¸®,0533,0021,46720,25022,1,°î¼º±âÂ÷¸¶À»¾Æ¶ß¸®¿ò,2,19,46720-21,59.6581,,533-21,46720,4,,
0,"24,023",,2018,2019,Áß¾Ó·Î,00132,00000,46720,01,0,3287033,°î¼ºÀ¾ À¾³»¸®,0349,0004,46720,25021,1,Ã»¾Ï¼¾Æ®·²ºô,3,22,46720-40,84.3637,,349-4,46720,5,,
1,"25,669",,2018,2019,Áß¾Ó·Î,00132,00000,46720,01,0,3287033,°î¼ºÀ¾ À¾³»¸®,0349,0004,46720,25021,1,Ã»¾Ï¼¾Æ®·²ºô,3,22,46720-40,84.3637,,349-4,46720,13,,
2,"25,669",,2018,2019,Áß¾Ó·Î,00132,00000,46720,01,0,3287033,°î¼ºÀ¾ À¾³»¸®,0349,0004,46720,25021,1,Ã»¾Ï¼¾Æ®·²ºô,3,22,46720-40,84.3637,,349-4,46720,12,,
3,"25,669",,2018,2019,Áß¾Ó·Î,00132,00000,46720,01,0,3287033,°î¼ºÀ¾ À¾³»¸®,0349,0004,46720,25021,1,Ã»¾Ï¼¾Æ®·²ºô,3,22,46720-40,84.3637,,349-4,46720,10,,
4,"24,682",,2018,2019,Áß¾Ó·Î,00132,00000,46720,01,0,3287033,°î¼ºÀ¾ À¾³»¸®,0349,0004,46720,25021,1,Ã»¾Ï¼¾Æ®·²ºô,3,22,46720-40,84.3637,,349-4,46720,9,,
5,"24,682",,2018,2019,Áß¾Ó·Î,00132,00000,46720,01,0,3287033,°î¼ºÀ¾ À¾³»¸®,0349,0004,46720,25021,1,Ã»¾Ï¼¾Æ®·²ºô,3,22,46720-40,84.3637,,349-4,46720,7,,
6,"24,023",,2018,2019,Áß¾Ó·Î,00132,00000,46720,01,0,3287033,°î¼ºÀ¾ À¾³»¸®,0349,0004,46720,25021,1,Ã»¾Ï¼¾Æ®·²ºô,3,22,46720-40,84.3637,,349-4,46720,6,,
7,"24,023",,2018,2019,Áß¾Ó·Î,00132,00000,46720,01,0,3287033,°î¼ºÀ¾ À¾³»¸®,0349,0004,46720,25021,1,Ã»¾Ï¼¾Æ®·²ºô,3,27,46720-40,84.3637,,349-4,46720,5,,
8,"25,669",,2018,2019,Áß¾Ó·Î,00132,00000,46720,01,0,3287033,°î¼ºÀ¾ À¾³»¸®,0349,0004,46720,25021,1,Ã»¾Ï¼¾Æ®·²ºô,3,27,46720-40,84.3637,,349-4,46720,13,,
9,"25,669",,2018,2019,Áß¾Ó·Î,00132,00000,46720,01,0,3287033,°î¼ºÀ¾ À¾³»¸®,0349,0004,46720,25021,1,Ã»¾Ï¼¾Æ®·²ºô,3,27,46720-40,84.3637,,349-4,46720,12,,
10,"25,669",,2018,2019,Áß¾Ó·Î,00132,00000,46720,01,0,3287033,°î¼ºÀ¾ À¾³»¸®,0349,0004,46720,25021,1,Ã»¾Ï¼¾Æ®·²ºô,3,27,46720-40,84.3637,,349-4,46720,10,,
11,"24,682",,2018,2019,Áß¾Ó·Î,00132,00000,46720,01,0,3287033,°î¼ºÀ¾ À¾³»¸®,0349,0004,46720,25021,1,Ã»¾Ï¼¾Æ®·²ºô,3,27,46720-40,84.3637,,349-4,46720,9,,
12,"24,682",,2018,2019,Áß¾Ó·Î,00132,00000,46720,01,0,3287033,°î¼ºÀ¾ À¾³»¸®,0349,0004,46720,25021,1,Ã»¾Ï¼¾Æ®·²ºô,3,27,46720-40,84.3637,,349-4,46720,7,,
13,"24,023",,2018,2019,Áß¾Ó·Î,00132,00000,46720,01,0,3287033,°î¼ºÀ¾ À¾³»¸®,0349,0004,46720,25021,1,Ã»¾Ï¼¾Æ®·²ºô,3,27,46720-40,84.3637,,349-4,46720,6,,
14,"17,400",,2004,2019,»ïÀÎµ¿±æ,00021,00000,46720,01,0,4661140,°î¼ºÀ¾ ÇÐÁ¤¸®,0535,0001,46720,25022,1,ÇÑ¾çÆÄÅ©ºô,3,30,46720-6,79.1485,,535-1,46720,4,,
15,"7,450",,1998,2019,Á×¸²2±æ,00045,00000,46720,01,0,4661302,¿Á°ú¸é Á×¸²¸®,0101,0001,46720,37022,1,¼º¾Ï¸Ç¼Ç,3,20,46720-8,59.4,,101-1,46720,3,,
0,"25,985",,2018,2019,Áß¾Ó·Î,00132,00000,46720,01,0,3287033,°î¼ºÀ¾ À¾³»¸®,0349,0004,46720,25021,1,Ã»¾Ï¼¾Æ®·²ºô,4,10,46720-40,83.912,,349-4,46720,11,,
1,"25,985",,2018,2019,Áß¾Ó·Î,00132,00000,46720,01,0,3287033,°î¼ºÀ¾ À¾³»¸®,0349,0004,46720,25021,1,Ã»¾Ï¼¾Æ®·²ºô,4,17,46720-40,83.912,,349-4,46720,11,,
2,"24,986",,2018,2019,Áß¾Ó·Î,00132,00000,46720,01,0,3287033,°î¼ºÀ¾ À¾³»¸®,0349,0004,46720,25021,1,Ã»¾Ï¼¾Æ®·²ºô,4,18,46720-40,83.912,,349-4,46720,7,,
3,"24,986",,2018,2019,Áß¾Ó·Î,00132,00000,46720,01,0,3287033,°î¼ºÀ¾ À¾³»¸®,0349,0004,46720,25021,1,Ã»¾Ï¼¾Æ®·²ºô,4,18,46720-40,83.912,,349-4,46720,8,,
4,"18,000",,2018,2019,ÇÐ±³·Î,00087,00000,46720,01,0,3287025,°î¼ºÀ¾ À¾³»¸®,0724,0001,46720,25021,1,ÇØµç¼¾Æ®·²,4,24,46720-39,77.6914,,724-1,46720,5,,
5,"25,985",,2018,2019,Áß¾Ó·Î,00132,00000,46720,01,0,3287033,°î¼ºÀ¾ À¾³»¸®,0349,0004,46720,25021,1,Ã»¾Ï¼¾Æ®·²ºô,4,25,46720-40,83.912,,349-4,46720,11,,
6,"24,986",,2018,2019,Áß¾Ó·Î,00132,00000,46720,01,0,3287033,°î¼ºÀ¾ À¾³»¸®,0349,0004,46720,25021,1,Ã»¾Ï¼¾Æ®·²ºô,4,30,46720-40,83.912,,349-4,46720,7,,
7,"24,986",,2018,2019,Áß¾Ó·Î,00132,00000,46720,01,0,3287033,°î¼ºÀ¾ À¾³»¸®,0349,0004,46720,25021,1,Ã»¾Ï¼¾Æ®·²ºô,4,30,46720-40,83.912,,349-4,46720,8,,
8,"8,700",,1997,2019,»ïÀÎµ¿±æ,00013,00000,46720,01,,4661140,°î¼ºÀ¾ ÇÐÁ¤¸®,0535,0005,46720,25022,1,µµ¸²,4,4,46720-3,59.91,,535-5,46720,11,,
0,"8,000",,1991,2019,À¾³»2±æ,00006,00000,46720,01,0,4661270,°î¼ºÀ¾ À¾³»¸®,0792,0002,46720,25021,1,¼­ÀÏ1,5,1,46720-1,79.01,,792-2,46720,2,,
1,"7,850",,1996,2019,À¾³»2±æ,00013,00000,46720,01,0,4661270,°î¼ºÀ¾ À¾³»¸®,0788,0006,46720,25021,1,°í¿î(788-6),5,6,46720-7,59.46,,788-6,46720,2,,
2,"24,986",,2018,2019,Áß¾Ó·Î,00132,00000,46720,01,0,3287033,°î¼ºÀ¾ À¾³»¸®,0349,0004,46720,25021,1,Ã»¾Ï¼¾Æ®·²ºô,5,8,46720-40,83.912,,349-4,46720,7,,
3,"24,986",,2018,2019,Áß¾Ó·Î,00132,00000,46720,01,0,3287033,°î¼ºÀ¾ À¾³»¸®,0349,0004,46720,25021,1,Ã»¾Ï¼¾Æ®·²ºô,5,8,46720-40,83.912,,349-4,46720,8,,
4,"8,000",,1992,2019,Á×¸²5±æ,00003,00000,46720,01,0,4661303,¿Á°ú¸é Á×¸²¸®,0204,0002,46720,37022,1,°í¿îÆÄÅ©¸Ç¼Ç,5,14,46720-5,73.98,,204-2,46720,3,,
5,"8,100",,1992,2019,Á×¸²5±æ,00003,00000,46720,01,0,4661303,¿Á°ú¸é Á×¸²¸®,0204,0002,46720,37022,1,°í¿îÆÄÅ©¸Ç¼Ç,5,17,46720-5,84.51,,204-2,46720,1,,
0,"7,700",,1991,2019,À¾³»2±æ,00006,00000,46720,01,0,4661270,°î¼ºÀ¾ À¾³»¸®,0792,0002,46720,25021,1,¼­ÀÏ1,6,14,46720-1,73.73,,792-2,46720,4,,
1,"13,900",,2010,2019,ÇÐÁ¤3±æ,00020,00002,46720,01,0,4661337,°î¼ºÀ¾ ÇÐÁ¤¸®,0533,0021,46720,25022,1,°î¼º±âÂ÷¸¶À»¾Æ¶ß¸®¿ò,6,8,46720-21,59.6581,,533-21,46720,11,,
2,"6,900",,1992,2019,Á×¸²5±æ,00003,00000,46720,01,0,4661303,¿Á°ú¸é Á×¸²¸®,0204,0002,46720,37022,1,°í¿îÆÄÅ©¸Ç¼Ç,6,1,46720-5,59.4,,204-2,46720,4,,
0,"7,600",,1996,2019,À¾³»2±æ,00013,00000,46720,01,0,4661270,°î¼ºÀ¾ À¾³»¸®,0788,0006,46720,25021,1,°í¿î(788-6),7,1,46720-7,59.46,,788-6,46720,2,,
1,"21,000",,2018,2019,Áß¾Ó·Î,00132,00000,46720,01,0,3287033,°î¼ºÀ¾ À¾³»¸®,0349,0004,46720,25021,1,Ã»¾Ï¼¾Æ®·²ºô,7,4,46720-40,84.3637,,349-4,46720,7,,
2,"21,000",,2018,2019,Áß¾Ó·Î,00132,00000,46720,01,0,3287033,°î¼ºÀ¾ À¾³»¸®,0349,0004,46720,25021,1,Ã»¾Ï¼¾Æ®·²ºô,7,15,46720-40,83.912,,349-4,46720,6,,
3,"20,500",,2018,2019,Áß¾Ó·Î,00132,00000,46720,01,0,3287033,°î¼ºÀ¾ À¾³»¸®,0349,0004,46720,25021,1,Ã»¾Ï¼¾Æ®·²ºô,7,27,46720-40,84.3637,,349-4,46720,6,,
4,"14,000",,2010,2019,ÇÐÁ¤3±æ,00020,00002,46720,01,0,4661337,°î¼ºÀ¾ ÇÐÁ¤¸®,0533,0021,46720,25022,1,°î¼º±âÂ÷¸¶À»¾Æ¶ß¸®¿ò,7,2,46720-21,59.6581,,533-21,46720,4,,
5,"11,000",,2004,2019,»ïÀÎµ¿±æ,00021,00000,46720,01,0,4661140,°î¼ºÀ¾ ÇÐÁ¤¸®,0535,0001,46720,25022,1,ÇÑ¾çÆÄÅ©ºô,7,4,46720-6,57.817,,535-1,46720,8,,
6,"21,000",,2010,2019,ÇÐÁ¤3±æ,00020,00002,46720,01,0,4661337,°î¼ºÀ¾ ÇÐÁ¤¸®,0533,0021,46720,25022,1,°î¼º±âÂ÷¸¶À»¾Æ¶ß¸®¿ò,7,5,46720-21,84.7143,,533-21,46720,2,,
7,"6,730",,2019,2019,´ëÇÐ·Î,00128,00000,46720,01,0,3287027,¿Á°ú¸é ¿Á°ú¸®,0220,0001,46720,37021,1,ÃµÁöÆÓ¸®½º,7,17,46720-41,22.2281,,220-1,46720,6,,
8,"6,730",,2019,2019,´ëÇÐ·Î,00128,00000,46720,01,0,3287027,¿Á°ú¸é ¿Á°ú¸®,0220,0001,46720,37021,1,ÃµÁöÆÓ¸®½º,7,17,46720-41,22.2281,,220-1,46720,7,,
9,"6,730",,2019,2019,´ëÇÐ·Î,00128,00000,46720,01,0,3287027,¿Á°ú¸é ¿Á°ú¸®,0220,0001,46720,37021,1,ÃµÁöÆÓ¸®½º,7,17,46720-41,22.2281,,220-1,46720,7,,
10,"6,730",,2019,2019,´ëÇÐ·Î,00128,00000,46720,01,0,3287027,¿Á°ú¸é ¿Á°ú¸®,0220,0001,46720,37021,1,ÃµÁöÆÓ¸®½º,7,17,46720-41,22.2281,,220-1,46720,7,,
11,"6,730",,2019,2019,´ëÇÐ·Î,00128,00000,46720,01,0,3287027,¿Á°ú¸é ¿Á°ú¸®,0220,0001,46720,37021,1,ÃµÁöÆÓ¸®½º,7,17,46720-41,22.2281,,220-1,46720,7,,
12,"6,730",,2019,2019,´ëÇÐ·Î,00128,00000,46720,01,0,3287027,¿Á°ú¸é ¿Á°ú¸®,0220,0001,46720,37021,1,ÃµÁöÆÓ¸®½º,7,17,46720-41,22.2281,,220-1,46720,7,,
13,"6,786",,2019,2019,´ëÇÐ·Î,00128,00000,46720,01,0,3287027,¿Á°ú¸é ¿Á°ú¸®,0220,0001,46720,37021,1,ÃµÁöÆÓ¸®½º,7,17,46720-41,22.4796,,220-1,46720,7,,
14,"6,786",,2019,2019,´ëÇÐ·Î,00128,00000,46720,01,0,3287027,¿Á°ú¸é ¿Á°ú¸®,0220,0001,46720,37021,1,ÃµÁöÆÓ¸®½º,7,17,46720-41,22.4796,,220-1,46720,7,,
0,"20,500",,2018,2019,Áß¾Ó·Î,00132,00000,46720,01,0,3287033,°î¼ºÀ¾ À¾³»¸®,0349,0004,46720,25021,1,Ã»¾Ï¼¾Æ®·²ºô,8,19,46720-40,84.3637,,349-4,46720,5,,
1,"7,500",,1996,2019,À¾³»2±æ,00013,00000,46720,01,0,4661270,°î¼ºÀ¾ À¾³»¸®,0788,0006,46720,25021,1,°í¿î(788-6),8,21,46720-7,59.46,,788-6,46720,1,,
2,"6,730",,2019,2019,´ëÇÐ·Î,00128,00000,46720,01,0,3287027,¿Á°ú¸é ¿Á°ú¸®,0220,0001,46720,37021,1,ÃµÁöÆÓ¸®½º,8,14,46720-41,22.2281,,220-1,46720,3,,
3,"6,730",,2019,2019,´ëÇÐ·Î,00128,00000,46720,01,0,3287027,¿Á°ú¸é ¿Á°ú¸®,0220,0001,46720,37021,1,ÃµÁöÆÓ¸®½º,8,14,46720-41,22.2281,,220-1,46720,3,,
4,"6,730",,2019,2019,´ëÇÐ·Î,00128,00000,46720,01,0,3287027,¿Á°ú¸é ¿Á°ú¸®,0220,0001,46720,37021,1,ÃµÁöÆÓ¸®½º,8,14,46720-41,22.2281,,220-1,46720,3,,
5,"6,730",,2019,2019,´ëÇÐ·Î,00128,00000,46720,01,0,3287027,¿Á°ú¸é ¿Á°ú¸®,0220,0001,46720,37021,1,ÃµÁöÆÓ¸®½º,8,14,46720-41,22.2281,,220-1,46720,3,,
6,"6,730",,2019,2019,´ëÇÐ·Î,00128,00000,46720,01,0,3287027,¿Á°ú¸é ¿Á°ú¸®,0220,0001,46720,37021,1,ÃµÁöÆÓ¸®½º,8,20,46720-41,22.2281,,220-1,46720,7,,
7,"6,730",,2019,2019,´ëÇÐ·Î,00128,00000,46720,01,0,3287027,¿Á°ú¸é ¿Á°ú¸®,0220,0001,46720,37021,1,ÃµÁöÆÓ¸®½º,8,20,46720-41,22.2281,,220-1,46720,7,,
8,"6,730",,2019,2019,´ëÇÐ·Î,00128,00000,46720,01,0,3287027,¿Á°ú¸é ¿Á°ú¸®,0220,0001,46720,37021,1,ÃµÁöÆÓ¸®½º,8,20,46720-41,22.2281,,220-1,46720,7,,
9,"6,730",,2019,2019,´ëÇÐ·Î,00128,00000,46720,01,0,3287027,¿Á°ú¸é ¿Á°ú¸®,0220,0001,46720,37021,1,ÃµÁöÆÓ¸®½º,8,20,46720-41,22.2281,,220-1,46720,7,,
10,"6,730",,2019,2019,´ëÇÐ·Î,00128,00000,46720,01,0,3287027,¿Á°ú¸é ¿Á°ú¸®,0220,0001,46720,37021,1,ÃµÁöÆÓ¸®½º,8,20,46720-41,22.2281,,220-1,46720,7,,
11,"6,730",,2019,2019,´ëÇÐ·Î,00128,00000,46720,01,0,3287027,¿Á°ú¸é ¿Á°ú¸®,0220,0001,46720,37021,1,ÃµÁöÆÓ¸®½º,8,20,46720-41,22.2281,,220-1,46720,7,,
12,"6,730",,2019,2019,´ëÇÐ·Î,00128,00000,46720,01,0,3287027,¿Á°ú¸é ¿Á°ú¸®,0220,0001,46720,37021,1,ÃµÁöÆÓ¸®½º,8,20,46720-41,22.2281,,220-1,46720,7,,
13,"6,730",,2019,2019,´ëÇÐ·Î,00128,00000,46720,01,0,3287027,¿Á°ú¸é ¿Á°ú¸®,0220,0001,46720,37021,1,ÃµÁöÆÓ¸®½º,8,20,46720-41,22.2281,,220-1,46720,7,,
14,"6,730",,2019,2019,´ëÇÐ·Î,00128,00000,46720,01,0,3287027,¿Á°ú¸é ¿Á°ú¸®,0220,0001,46720,37021,1,ÃµÁöÆÓ¸®½º,8,22,46720-41,22.2281,,220-1,46720,4,,
15,"6,730",,2019,2019,´ëÇÐ·Î,00128,00000,46720,01,0,3287027,¿Á°ú¸é ¿Á°ú¸®,0220,0001,46720,37021,1,ÃµÁöÆÓ¸®½º,8,22,46720-41,22.2281,,220-1,46720,4,,
16,"6,730",,2019,2019,´ëÇÐ·Î,00128,00000,46720,01,0,3287027,¿Á°ú¸é ¿Á°ú¸®,0220,0001,46720,37021,1,ÃµÁöÆÓ¸®½º,8,22,46720-41,22.2281,,220-1,46720,4,,
17,"6,730",,2019,2019,´ëÇÐ·Î,00128,00000,46720,01,0,3287027,¿Á°ú¸é ¿Á°ú¸®,0220,0001,46720,37021,1,ÃµÁöÆÓ¸®½º,8,22,46720-41,22.2281,,220-1,46720,4,,
0,"22,750",,2018,2019,Áß¾Ó·Î,00132,00000,46720,01,0,3287033,°î¼ºÀ¾ À¾³»¸®,0349,0004,46720,25021,1,Ã»¾Ï¼¾Æ®·²ºô,9,24,46720-40,83.912,,349-4,46720,12,,
1,"4,500",,1998,2019,Á×¸²2±æ,00045,00000,46720,01,0,4661302,¿Á°ú¸é Á×¸²¸®,0101,0001,46720,37022,1,¼º¾Ï¸Ç¼Ç,9,18,46720-8,41.265,,101-1,46720,12,,
0,"7,600",,1996,2019,À¾³»2±æ,00013,00000,46720,01,0,4661270,°î¼ºÀ¾ À¾³»¸®,0788,0006,46720,25021,1,°í¿î(788-6),10,28,46720-7,59.46,,788-6,46720,4,,
1,"18,000",,2018,2019,ÇÐ±³·Î,00087,00000,46720,00,0,3287025,°î¼ºÀ¾ À¾³»¸®,0724,0001,46720,25021,1,ÇØµç¼¾Æ®·²,10,28,46720-39,77.6914,,724-1,46720,8,,
2,"17,800",,2004,2019,»ïÀÎµ¿±æ,00021,00000,46720,01,0,4661140,°î¼ºÀ¾ ÇÐÁ¤¸®,0535,0001,46720,25022,1,ÇÑ¾çÆÄÅ©ºô,10,1,46720-6,79.1485,,535-1,46720,14,,
3,"5,000",,1992,2019,ÇÐÁ¤3±æ,00018,00000,46720,01,0,4661337,°î¼ºÀ¾ ÇÐÁ¤¸®,0664,0001,46720,25022,1,¼­ÀÏ2,10,15,46720-4,59.91,,664-1,46720,5,,
4,"10,700",,2004,2019,»ïÀÎµ¿±æ,00021,00000,46720,01,0,4661140,°î¼ºÀ¾ ÇÐÁ¤¸®,0535,0001,46720,25022,1,ÇÑ¾çÆÄÅ©ºô,10,15,46720-6,57.817,,535-1,46720,11,,
5,"7,150",,1998,2019,Á×¸²2±æ,00045,00000,46720,01,0,4661302,¿Á°ú¸é Á×¸²¸®,0101,0001,46720,37022,1,¼º¾Ï¸Ç¼Ç,10,16,46720-8,59.4,,101-1,46720,14,,
0,"15,100",,2010,2019,ÇÐÁ¤3±æ,00020,00002,46720,01,0,4661337,°î¼ºÀ¾ ÇÐÁ¤¸®,0533,0021,46720,25022,1,°î¼º±âÂ÷¸¶À»¾Æ¶ß¸®¿ò,11,6,46720-21,59.6581,,533-21,46720,5,,
1,"6,730",,2019,2019,´ëÇÐ·Î,00128,00000,46720,01,0,3287027,¿Á°ú¸é ¿Á°ú¸®,0220,0001,46720,37021,1,ÃµÁöÆÓ¸®½º,11,22,46720-41,22.2281,,220-1,46720,3,,
2,"6,730",,2019,2019,´ëÇÐ·Î,00128,00000,46720,01,0,3287027,¿Á°ú¸é ¿Á°ú¸®,0220,0001,46720,37021,1,ÃµÁöÆÓ¸®½º,11,22,46720-41,22.2281,,220-1,46720,3,,
3,"6,730",,2019,2019,´ëÇÐ·Î,00128,00000,46720,01,0,3287027,¿Á°ú¸é ¿Á°ú¸®,0220,0001,46720,37021,1,ÃµÁöÆÓ¸®½º,11,22,46720-41,22.2281,,220-1,46720,3,,
4,"6,730",,2019,2019,´ëÇÐ·Î,00128,00000,46720,01,0,3287027,¿Á°ú¸é ¿Á°ú¸®,0220,0001,46720,37021,1,ÃµÁöÆÓ¸®½º,11,22,46720-41,22.2281,,220-1,46720,3,,
5,"6,730",,2019,2019,´ëÇÐ·Î,00128,00000,46720,01,0,3287027,¿Á°ú¸é ¿Á°ú¸®,0220,0001,46720,37021,1,ÃµÁöÆÓ¸®½º,11,22,46720-41,22.2281,,220-1,46720,3,,
6,"6,730",,2019,2019,´ëÇÐ·Î,00128,00000,46720,01,0,3287027,¿Á°ú¸é ¿Á°ú¸®,0220,0001,46720,37021,1,ÃµÁöÆÓ¸®½º,11,22,46720-41,22.2281,,220-1,46720,3,,
7,"6,730",,2019,2019,´ëÇÐ·Î,00128,00000,46720,01,0,3287027,¿Á°ú¸é ¿Á°ú¸®,0220,0001,46720,37021,1,ÃµÁöÆÓ¸®½º,11,22,46720-41,22.2281,,220-1,46720,3,,
8,"3,000",,1998,2019,Á×¸²2±æ,00045,00000,46720,01,0,4661302,¿Á°ú¸é Á×¸²¸®,0101,0001,46720,37022,1,¼º¾Ï¸Ç¼Ç,11,26,46720-8,41.265,,101-1,46720,11,,
0,"6,730",,2019,2019,´ëÇÐ·Î,00128,00000,46720,01,0,3287027,¿Á°ú¸é ¿Á°ú¸®,0220,0001,46720,37021,1,ÃµÁöÆÓ¸®½º,12,3,46720-41,22.2281,,220-1,46720,4,,
1,"6,000",,2019,2019,´ëÇÐ·Î,00128,00000,46720,01,0,3287027,¿Á°ú¸é ¿Á°ú¸®,0220,0001,46720,37021,1,ÃµÁöÆÓ¸®½º,12,3,46720-41,22.2281,,220-1,46720,8,,
2,"6,000",,2019,2019,´ëÇÐ·Î,00128,00000,46720,01,0,3287027,¿Á°ú¸é ¿Á°ú¸®,0220,0001,46720,37021,1,ÃµÁöÆÓ¸®½º,12,3,46720-41,22.2281,,220-1,46720,8,,
3,"6,000",,2019,2019,´ëÇÐ·Î,00128,00000,46720,01,0,3287027,¿Á°ú¸é ¿Á°ú¸®,0220,0001,46720,37021,1,ÃµÁöÆÓ¸®½º,12,3,46720-41,22.2281,,220-1,46720,8,,
4,"6,000",,2019,2019,´ëÇÐ·Î,00128,00000,46720,01,0,3287027,¿Á°ú¸é ¿Á°ú¸®,0220,0001,46720,37021,1,ÃµÁöÆÓ¸®½º,12,3,46720-41,22.2281,,220-1,46720,8,,
5,"6,000",,2019,2019,´ëÇÐ·Î,00128,00000,46720,01,0,3287027,¿Á°ú¸é ¿Á°ú¸®,0220,0001,46720,37021,1,ÃµÁöÆÓ¸®½º,12,3,46720-41,22.2281,,220-1,46720,8,,
6,"6,000",,2019,2019,´ëÇÐ·Î,00128,00000,46720,01,0,3287027,¿Á°ú¸é ¿Á°ú¸®,0220,0001,46720,37021,1,ÃµÁöÆÓ¸®½º,12,3,46720-41,22.2281,,220-1,46720,8,,
7,"6,000",,2019,2019,´ëÇÐ·Î,00128,00000,46720,01,0,3287027,¿Á°ú¸é ¿Á°ú¸®,0220,0001,46720,37021,1,ÃµÁöÆÓ¸®½º,12,3,46720-41,22.2281,,220-1,46720,8,,
8,"6,000",,2019,2019,´ëÇÐ·Î,00128,00000,46720,01,0,3287027,¿Á°ú¸é ¿Á°ú¸®,0220,0001,46720,37021,1,ÃµÁöÆÓ¸®½º,12,3,46720-41,22.2281,,220-1,46720,8,,
9,"6,000",,2019,2019,´ëÇÐ·Î,00128,00000,46720,01,0,3287027,¿Á°ú¸é ¿Á°ú¸®,0220,0001,46720,37021,1,ÃµÁöÆÓ¸®½º,12,3,46720-41,22.2281,,220-1,46720,8,,
10,"6,000",,2019,2019,´ëÇÐ·Î,00128,00000,46720,01,0,3287027,¿Á°ú¸é ¿Á°ú¸®,0220,0001,46720,37021,1,ÃµÁöÆÓ¸®½º,12,3,46720-41,22.2281,,220-1,46720,8,,
11,"6,000",,2019,2019,´ëÇÐ·Î,00128,00000,46720,01,0,3287027,¿Á°ú¸é ¿Á°ú¸®,0220,0001,46720,37021,1,ÃµÁöÆÓ¸®½º,12,3,46720-41,22.2281,,220-1,46720,8,,
12,"6,000",,2019,2019,´ëÇÐ·Î,00128,00000,46720,01,0,3287027,¿Á°ú¸é ¿Á°ú¸®,0220,0001,46720,37021,1,ÃµÁöÆÓ¸®½º,12,3,46720-41,22.2281,,220-1,46720,8,,
13,"6,000",,2019,2019,´ëÇÐ·Î,00128,00000,46720,01,0,3287027,¿Á°ú¸é ¿Á°ú¸®,0220,0001,46720,37021,1,ÃµÁöÆÓ¸®½º,12,3,46720-41,22.2281,,220-1,46720,6,,
14,"6,000",,2019,2019,´ëÇÐ·Î,00128,00000,46720,01,0,3287027,¿Á°ú¸é ¿Á°ú¸®,0220,0001,46720,37021,1,ÃµÁöÆÓ¸®½º,12,3,46720-41,22.2281,,220-1,46720,6,,
15,"6,000",,2019,2019,´ëÇÐ·Î,00128,00000,46720,01,0,3287027,¿Á°ú¸é ¿Á°ú¸®,0220,0001,46720,37021,1,ÃµÁöÆÓ¸®½º,12,3,46720-41,22.2281,,220-1,46720,6,,
16,"6,000",,2019,2019,´ëÇÐ·Î,00128,00000,46720,01,0,3287027,¿Á°ú¸é ¿Á°ú¸®,0220,0001,46720,37021,1,ÃµÁöÆÓ¸®½º,12,3,46720-41,22.2281,,220-1,46720,6,,
17,"6,000",,2019,2019,´ëÇÐ·Î,00128,00000,46720,01,0,3287027,¿Á°ú¸é ¿Á°ú¸®,0220,0001,46720,37021,1,ÃµÁöÆÓ¸®½º,12,3,46720-41,22.2281,,220-1,46720,6,,
18,"6,730",,2019,2019,´ëÇÐ·Î,00128,00000,46720,01,0,3287027,¿Á°ú¸é ¿Á°ú¸®,0220,0001,46720,37021,1,ÃµÁöÆÓ¸®½º,12,3,46720-41,22.2281,,220-1,46720,5,,
19,"6,000",,2019,2019,´ëÇÐ·Î,00128,00000,46720,01,0,3287027,¿Á°ú¸é ¿Á°ú¸®,0220,0001,46720,37021,1,ÃµÁöÆÓ¸®½º,12,3,46720-41,22.2281,,220-1,46720,5,,
20,"6,000",,2019,2019,´ëÇÐ·Î,00128,00000,46720,01,0,3287027,¿Á°ú¸é ¿Á°ú¸®,0220,0001,46720,37021,1,ÃµÁöÆÓ¸®½º,12,3,46720-41,22.2281,,220-1,46720,5,,
21,"6,000",,2019,2019,´ëÇÐ·Î,00128,00000,46720,01,0,3287027,¿Á°ú¸é ¿Á°ú¸®,0220,0001,46720,37021,1,ÃµÁöÆÓ¸®½º,12,3,46720-41,22.2281,,220-1,46720,5,,
22,"6,000",,2019,2019,´ëÇÐ·Î,00128,00000,46720,01,0,3287027,¿Á°ú¸é ¿Á°ú¸®,0220,0001,46720,37021,1,ÃµÁöÆÓ¸®½º,12,3,46720-41,22.2281,,220-1,46720,5,,
23,"6,000",,2019,2019,´ëÇÐ·Î,00128,00000,46720,01,0,3287027,¿Á°ú¸é ¿Á°ú¸®,0220,0001,46720,37021,1,ÃµÁöÆÓ¸®½º,12,3,46720-41,22.2281,,220-1,46720,5,,
24,"6,786",,2019,2019,´ëÇÐ·Î,00128,00000,46720,01,0,3287027,¿Á°ú¸é ¿Á°ú¸®,0220,0001,46720,37021,1,ÃµÁöÆÓ¸®½º,12,3,46720-41,22.4796,,220-1,46720,4,,
25,"6,786",,2019,2019,´ëÇÐ·Î,00128,00000,46720,01,0,3287027,¿Á°ú¸é ¿Á°ú¸®,0220,0001,46720,37021,1,ÃµÁöÆÓ¸®½º,12,3,46720-41,22.4796,,220-1,46720,4,,
26,"6,730",,2019,2019,´ëÇÐ·Î,00128,00000,46720,01,0,3287027,¿Á°ú¸é ¿Á°ú¸®,0220,0001,46720,37021,1,ÃµÁöÆÓ¸®½º,12,3,46720-41,22.2281,,220-1,46720,4,,
27,"6,730",,2019,2019,´ëÇÐ·Î,00128,00000,46720,01,0,3287027,¿Á°ú¸é ¿Á°ú¸®,0220,0001,46720,37021,1,ÃµÁöÆÓ¸®½º,12,3,46720-41,22.2281,,220-1,46720,4,,
28,"6,000",,2019,2019,´ëÇÐ·Î,00128,00000,46720,01,0,3287027,¿Á°ú¸é ¿Á°ú¸®,0220,0001,46720,37021,1,ÃµÁöÆÓ¸®½º,12,3,46720-41,22.2281,,220-1,46720,4,,
29,"6,730",,2019,2019,´ëÇÐ·Î,00128,00000,46720,01,0,3287027,¿Á°ú¸é ¿Á°ú¸®,0220,0001,46720,37021,1,ÃµÁöÆÓ¸®½º,12,3,46720-41,22.2281,,220-1,46720,4,,
30,"6,000",,2019,2019,´ëÇÐ·Î,00128,00000,46720,01,0,3287027,¿Á°ú¸é ¿Á°ú¸®,0220,0001,46720,37021,1,ÃµÁöÆÓ¸®½º,12,3,46720-41,22.2281,,220-1,46720,4,,
31,"6,730",,2019,2019,´ëÇÐ·Î,00128,00000,46720,01,0,3287027,¿Á°ú¸é ¿Á°ú¸®,0220,0001,46720,37021,1,ÃµÁöÆÓ¸®½º,12,3,46720-41,22.2281,,220-1,46720,4,,
32,"6,730",,2019,2019,´ëÇÐ·Î,00128,00000,46720,01,0,3287027,¿Á°ú¸é ¿Á°ú¸®,0220,0001,46720,37021,1,ÃµÁöÆÓ¸®½º,12,6,46720-41,22.2281,,220-1,46720,2,,
33,"6,730",,2019,2019,´ëÇÐ·Î,00128,00000,46720,01,0,3287027,¿Á°ú¸é ¿Á°ú¸®,0220,0001,46720,37021,1,ÃµÁöÆÓ¸®½º,12,6,46720-41,22.2281,,220-1,46720,6,,
34,"6,730",,2019,2019,´ëÇÐ·Î,00128,00000,46720,01,0,3287027,¿Á°ú¸é ¿Á°ú¸®,0220,0001,46720,37021,1,ÃµÁöÆÓ¸®½º,12,6,46720-41,22.2281,,220-1,46720,2,,
35,"6,730",,2019,2019,´ëÇÐ·Î,00128,00000,46720,01,0,3287027,¿Á°ú¸é ¿Á°ú¸®,0220,0001,46720,37021,1,ÃµÁöÆÓ¸®½º,12,6,46720-41,22.2281,,220-1,46720,2,,
36,"6,730",,2019,2019,´ëÇÐ·Î,00128,00000,46720,01,0,3287027,¿Á°ú¸é ¿Á°ú¸®,0220,0001,46720,37021,1,ÃµÁöÆÓ¸®½º,12,6,46720-41,22.2281,,220-1,46720,2,,
37,"6,730",,2019,2019,´ëÇÐ·Î,00128,00000,46720,01,0,3287027,¿Á°ú¸é ¿Á°ú¸®,0220,0001,46720,37021,1,ÃµÁöÆÓ¸®½º,12,6,46720-41,22.2281,,220-1,46720,2,,
38,"6,730",,2019,2019,´ëÇÐ·Î,00128,00000,46720,01,0,3287027,¿Á°ú¸é ¿Á°ú¸®,0220,0001,46720,37021,1,ÃµÁöÆÓ¸®½º,12,6,46720-41,22.2281,,220-1,46720,2,,
39,"6,730",,2019,2019,´ëÇÐ·Î,00128,00000,46720,01,0,3287027,¿Á°ú¸é ¿Á°ú¸®,0220,0001,46720,37021,1,ÃµÁöÆÓ¸®½º,12,6,46720-41,22.2281,,220-1,46720,2,,
40,"6,730",,2019,2019,´ëÇÐ·Î,00128,00000,46720,01,0,3287027,¿Á°ú¸é ¿Á°ú¸®,0220,0001,46720,37021,1,ÃµÁöÆÓ¸®½º,12,6,46720-41,22.2281,,220-1,46720,2,,
41,"6,730",,2019,2019,´ëÇÐ·Î,00128,00000,46720,01,0,3287027,¿Á°ú¸é ¿Á°ú¸®,0220,0001,46720,37021,1,ÃµÁöÆÓ¸®½º,12,6,46720-41,22.2281,,220-1,46720,2,,
42,"6,730",,2019,2019,´ëÇÐ·Î,00128,00000,46720,01,0,3287027,¿Á°ú¸é ¿Á°ú¸®,0220,0001,46720,37021,1,ÃµÁöÆÓ¸®½º,12,6,46720-41,22.2281,,220-1,46720,2,,
43,"6,730",,2019,2019,´ëÇÐ·Î,00128,00000,46720,01,0,3287027,¿Á°ú¸é ¿Á°ú¸®,0220,0001,46720,37021,1,ÃµÁöÆÓ¸®½º,12,6,46720-41,22.2281,,220-1,46720,2,,
44,"6,730",,2019,2019,´ëÇÐ·Î,00128,00000,46720,01,0,3287027,¿Á°ú¸é ¿Á°ú¸®,0220,0001,46720,37021,1,ÃµÁöÆÓ¸®½º,12,6,46720-41,22.2281,,220-1,46720,2,,
45,"6,730",,2019,2019,´ëÇÐ·Î,00128,00000,46720,01,0,3287027,¿Á°ú¸é ¿Á°ú¸®,0220,0001,46720,37021,1,ÃµÁöÆÓ¸®½º,12,6,46720-41,22.2281,,220-1,46720,2,,
46,"6,786",,2019,2019,´ëÇÐ·Î,00128,00000,46720,01,0,3287027,¿Á°ú¸é ¿Á°ú¸®,0220,0001,46720,37021,1,ÃµÁöÆÓ¸®½º,12,6,46720-41,22.4796,,220-1,46720,2,,
47,"6,786",,2019,2019,´ëÇÐ·Î,00128,00000,46720,01,0,3287027,¿Á°ú¸é ¿Á°ú¸®,0220,0001,46720,37021,1,ÃµÁöÆÓ¸®½º,12,6,46720-41,22.4796,,220-1,46720,2,,
48,"6,730",,2019,2019,´ëÇÐ·Î,00128,00000,46720,01,0,3287027,¿Á°ú¸é ¿Á°ú¸®,0220,0001,46720,37021,1,ÃµÁöÆÓ¸®½º,12,6,46720-41,22.2281,,220-1,46720,3,,
49,"6,730",,2019,2019,´ëÇÐ·Î,00128,00000,46720,01,0,3287027,¿Á°ú¸é ¿Á°ú¸®,0220,0001,46720,37021,1,ÃµÁöÆÓ¸®½º,12,6,46720-41,22.2281,,220-1,46720,3,,
50,"6,786",,2019,2019,´ëÇÐ·Î,00128,00000,46720,01,0,3287027,¿Á°ú¸é ¿Á°ú¸®,0220,0001,46720,37021,1,ÃµÁöÆÓ¸®½º,12,6,46720-41,22.4796,,220-1,46720,3,,
51,"6,786",,2019,2019,´ëÇÐ·Î,00128,00000,46720,01,0,3287027,¿Á°ú¸é ¿Á°ú¸®,0220,0001,46720,37021,1,ÃµÁöÆÓ¸®½º,12,6,46720-41,22.4796,,220-1,46720,3,,
52,"6,730",,2019,2019,´ëÇÐ·Î,00128,00000,46720,01,0,3287027,¿Á°ú¸é ¿Á°ú¸®,0220,0001,46720,37021,1,ÃµÁöÆÓ¸®½º,12,27,46720-41,22.2281,,220-1,46720,5,,
53,"6,730",,2019,2019,´ëÇÐ·Î,00128,00000,46720,01,0,3287027,¿Á°ú¸é ¿Á°ú¸®,0220,0001,46720,37021,1,ÃµÁöÆÓ¸®½º,12,27,46720-41,22.2281,,220-1,46720,5,,
54,"6,730",,2019,2019,´ëÇÐ·Î,00128,00000,46720,01,0,3287027,¿Á°ú¸é ¿Á°ú¸®,0220,0001,46720,37021,1,ÃµÁöÆÓ¸®½º,12,27,46720-41,22.2281,,220-1,46720,5,,
55,"6,730",,2019,2019,´ëÇÐ·Î,00128,00000,46720,01,0,3287027,¿Á°ú¸é ¿Á°ú¸®,0220,0001,46720,37021,1,ÃµÁöÆÓ¸®½º,12,27,46720-41,22.2281,,220-1,46720,5,,
56,"6,730",,2019,2019,´ëÇÐ·Î,00128,00000,46720,01,0,3287027,¿Á°ú¸é ¿Á°ú¸®,0220,0001,46720,37021,1,ÃµÁöÆÓ¸®½º,12,27,46720-41,22.2281,,220-1,46720,5,,
57,"6,730",,2019,2019,´ëÇÐ·Î,00128,00000,46720,01,0,3287027,¿Á°ú¸é ¿Á°ú¸®,0220,0001,46720,37021,1,ÃµÁöÆÓ¸®½º,12,27,46720-41,22.2281,,220-1,46720,5,,
58,"6,786",,2019,2019,´ëÇÐ·Î,00128,00000,46720,01,0,3287027,¿Á°ú¸é ¿Á°ú¸®,0220,0001,46720,37021,1,ÃµÁöÆÓ¸®½º,12,27,46720-41,22.4796,,220-1,46720,5,,
59,"6,786",,2019,2019,´ëÇÐ·Î,00128,00000,46720,01,0,3287027,¿Á°ú¸é ¿Á°ú¸®,0220,0001,46720,37021,1,ÃµÁöÆÓ¸®½º,12,27,46720-41,22.4796,,220-1,46720,5,,
60,"6,730",,2019,2019,´ëÇÐ·Î,00128,00000,46720,01,0,3287027,¿Á°ú¸é ¿Á°ú¸®,0220,0001,46720,37021,1,ÃµÁöÆÓ¸®½º,12,27,46720-41,22.2281,,220-1,46720,6,,
61,"6,730",,2019,2019,´ëÇÐ·Î,00128,00000,46720,01,0,3287027,¿Á°ú¸é ¿Á°ú¸®,0220,0001,46720,37021,1,ÃµÁöÆÓ¸®½º,12,27,46720-41,22.2281,,220-1,46720,6,,
62,"6,730",,2019,2019,´ëÇÐ·Î,00128,00000,46720,01,0,3287027,¿Á°ú¸é ¿Á°ú¸®,0220,0001,46720,37021,1,ÃµÁöÆÓ¸®½º,12,27,46720-41,22.2281,,220-1,46720,6,,
63,"6,786",,2019,2019,´ëÇÐ·Î,00128,00000,46720,01,0,3287027,¿Á°ú¸é ¿Á°ú¸®,0220,0001,46720,37021,1,ÃµÁöÆÓ¸®½º,12,27,46720-41,22.4796,,220-1,46720,6,,
64,"6,786",,2019,2019,´ëÇÐ·Î,00128,00000,46720,01,0,3287027,¿Á°ú¸é ¿Á°ú¸®,0220,0001,46720,37021,1,ÃµÁöÆÓ¸®½º,12,27,46720-41,22.4796,,220-1,46720,6,,
0,"7,311",,1991,2020,À¾³»2±æ,00006,00000,46720,01,0,4661270,°î¼ºÀ¾ À¾³»¸®,0792,0002,46720,25021,1,¼­ÀÏ1,1,3,46720-1,79.01,,792-2,46720,4,,
1,"24,000",,2018,2020,Áß¾Ó·Î,00132,00000,46720,01,0,3287033,°î¼ºÀ¾ À¾³»¸®,0349,0004,46720,25021,1,Ã»¾Ï¼¾Æ®·²ºô,1,14,46720-40,83.912,,349-4,46720,8,,
2,"20,500",,2010,2020,ÇÐÁ¤3±æ,00020,00002,46720,01,0,4661337,°î¼ºÀ¾ ÇÐÁ¤¸®,0533,0021,46720,25022,1,°î¼º±âÂ÷¸¶À»¾Æ¶ß¸®¿ò,1,3,46720-21,84.7143,,533-21,46720,6,,
3,"8,200",,1997,2020,»ïÀÎµ¿±æ,00013,00000,46720,01,,4661140,°î¼ºÀ¾ ÇÐÁ¤¸®,0535,0005,46720,25022,1,µµ¸²,1,10,46720-3,59.91,,535-5,46720,6,,
4,"13,000",,2010,2020,ÇÐÁ¤3±æ,00020,00002,46720,01,0,4661337,°î¼ºÀ¾ ÇÐÁ¤¸®,0533,0021,46720,25022,1,°î¼º±âÂ÷¸¶À»¾Æ¶ß¸®¿ò,1,20,46720-21,59.6581,,533-21,46720,2,,
5,"10,600",,2004,2020,»ïÀÎµ¿±æ,00021,00000,46720,01,0,4661140,°î¼ºÀ¾ ÇÐÁ¤¸®,0535,0001,46720,25022,1,ÇÑ¾çÆÄÅ©ºô,1,21,46720-6,57.817,,535-1,46720,3,,
6,"7,000",,1998,2020,Á×¸²2±æ,00045,00000,46720,01,0,4661302,¿Á°ú¸é Á×¸²¸®,0101,0001,46720,37022,1,¼º¾Ï¸Ç¼Ç,1,15,46720-8,59.4,,101-1,46720,8,,
7,"7,000",,1998,2020,Á×¸²2±æ,00045,00000,46720,01,0,4661302,¿Á°ú¸é Á×¸²¸®,0101,0001,46720,37022,1,¼º¾Ï¸Ç¼Ç,1,20,46720-8,59.4,,101-1,46720,5,,
0,"7,850",,1996,2020,À¾³»2±æ,00013,00000,46720,01,0,4661270,°î¼ºÀ¾ À¾³»¸®,0788,0006,46720,25021,1,°í¿î(788-6),2,3,46720-7,59.46,,788-6,46720,5,,
1,"4,700",,1985,2020,ÇÐ±³·Î,00093,00000,46720,01,0,3287025,°î¼ºÀ¾ À¾³»¸®,0721,0001,46720,25021,1,¼ÛÁ¦,2,11,46720-2,58.8,,721-1,46720,1,,
2,"18,000",,2018,2020,ÇÐ±³·Î,00087,00000,46720,00,0,3287025,°î¼ºÀ¾ À¾³»¸®,0724,0001,46720,25021,1,ÇØµç¼¾Æ®·²,2,18,46720-39,77.6914,,724-1,46720,6,,
3,"9,300",,2004,2020,»ïÀÎµ¿±æ,00021,00000,46720,01,0,4661140,°î¼ºÀ¾ ÇÐÁ¤¸®,0535,0001,46720,25022,1,ÇÑ¾çÆÄÅ©ºô,2,18,46720-6,79.1485,,535-1,46720,3,,
4,"6,730",,2019,2020,´ëÇÐ·Î,00128,00000,46720,01,0,3287027,¿Á°ú¸é ¿Á°ú¸®,0220,0001,46720,37021,1,ÃµÁöÆÓ¸®½º,2,25,46720-41,22.2281,,220-1,46720,4,,
5,"6,730",,2019,2020,´ëÇÐ·Î,00128,00000,46720,01,0,3287027,¿Á°ú¸é ¿Á°ú¸®,0220,0001,46720,37021,1,ÃµÁöÆÓ¸®½º,2,25,46720-41,22.2281,,220-1,46720,6,,
6,"6,730",,2019,2020,´ëÇÐ·Î,00128,00000,46720,01,0,3287027,¿Á°ú¸é ¿Á°ú¸®,0220,0001,46720,37021,1,ÃµÁöÆÓ¸®½º,2,25,46720-41,22.2281,,220-1,46720,6,,
7,"6,730",,2019,2020,´ëÇÐ·Î,00128,00000,46720,01,0,3287027,¿Á°ú¸é ¿Á°ú¸®,0220,0001,46720,37021,1,ÃµÁöÆÓ¸®½º,2,25,46720-41,22.2281,,220-1,46720,6,,
8,"6,730",,2019,2020,´ëÇÐ·Î,00128,00000,46720,01,0,3287027,¿Á°ú¸é ¿Á°ú¸®,0220,0001,46720,37021,1,ÃµÁöÆÓ¸®½º,2,25,46720-41,22.2281,,220-1,46720,4,,
9,"4,000",,1998,2020,Á×¸²2±æ,00045,00000,46720,01,0,4661302,¿Á°ú¸é Á×¸²¸®,0101,0001,46720,37022,1,¼º¾Ï¸Ç¼Ç,2,6,46720-8,41.265,,101-1,46720,3,,
10,"7,000",,1998,2020,Á×¸²2±æ,00045,00000,46720,01,0,4661302,¿Á°ú¸é Á×¸²¸®,0101,0001,46720,37022,1,¼º¾Ï¸Ç¼Ç,2,6,46720-8,59.4,,101-1,46720,9,,
11,"7,000",,1992,2020,Á×¸²5±æ,00003,00000,46720,01,0,4661303,¿Á°ú¸é Á×¸²¸®,0204,0002,46720,37022,1,°í¿îÆÄÅ©¸Ç¼Ç,2,12,46720-5,59.4,,204-2,46720,3,,
12,"3,500",,1998,2020,Á×¸²2±æ,00045,00000,46720,01,0,4661302,¿Á°ú¸é Á×¸²¸®,0101,0001,46720,37022,1,¼º¾Ï¸Ç¼Ç,2,14,46720-8,41.265,,101-1,46720,9,,
0,"4,600",,1985,2020,ÇÐ±³·Î,00093,00000,46720,01,0,3287025,°î¼ºÀ¾ À¾³»¸®,0721,0001,46720,25021,1,¼ÛÁ¦,3,6,46720-2,58.8,,721-1,46720,5,,
1,"19,000",,2010,2020,ÇÐÁ¤3±æ,00020,00002,46720,01,0,4661337,°î¼ºÀ¾ ÇÐÁ¤¸®,0533,0021,46720,25022,1,°î¼º±âÂ÷¸¶À»¾Æ¶ß¸®¿ò,3,27,46720-21,84.7143,,533-21,46720,7,,
2,"12,300",,2004,2020,»ïÀÎµ¿±æ,00021,00000,46720,01,0,4661140,°î¼ºÀ¾ ÇÐÁ¤¸®,0535,0001,46720,25022,1,ÇÑ¾çÆÄÅ©ºô,3,30,46720-6,57.817,,535-1,46720,7,,
3,"6,730",,2019,2020,´ëÇÐ·Î,00128,00000,46720,01,0,3287027,¿Á°ú¸é ¿Á°ú¸®,0220,0001,46720,37021,1,ÃµÁöÆÓ¸®½º,3,23,46720-41,22.2281,,220-1,46720,6,,
0,"11,600",,2004,2020,»ïÀÎµ¿±æ,00021,00000,46720,01,0,4661140,°î¼ºÀ¾ ÇÐÁ¤¸®,0535,0001,46720,25022,1,ÇÑ¾çÆÄÅ©ºô,4,6,46720-6,57.817,,535-1,46720,6,,
1,"7,300",,1998,2020,Á×¸²2±æ,00045,00000,46720,01,0,4661302,¿Á°ú¸é Á×¸²¸®,0101,0001,46720,37022,1,¼º¾Ï¸Ç¼Ç,4,7,46720-8,59.4,,101-1,46720,3,,
2,"6,000",,1992,2020,Á×¸²5±æ,00003,00000,46720,01,0,4661303,¿Á°ú¸é Á×¸²¸®,0204,0002,46720,37022,1,°í¿îÆÄÅ©¸Ç¼Ç,4,17,46720-5,59.4,,204-2,46720,6,,
3,"6,500",,1998,2020,Á×¸²2±æ,00045,00000,46720,01,0,4661302,¿Á°ú¸é Á×¸²¸®,0101,0001,46720,37022,1,¼º¾Ï¸Ç¼Ç,4,23,46720-8,59.4,,101-1,46720,14,,
0,"21,130",,2020,2020,¼®°î2±æ,00033,00000,46720,01,0,4661154,¼®°î¸é ¼®°î¸®,0556,0000,46720,33021,1,Ã»ÀÚ¿¬¾ÆÆÄÆ®101µ¿,5,20,46720-43,77.5127,,556,46720,5,,
1,"21,130",,2020,2020,¼®°î2±æ,00033,00000,46720,01,0,4661154,¼®°î¸é ¼®°î¸®,0556,0000,46720,33021,1,Ã»ÀÚ¿¬¾ÆÆÄÆ®101µ¿,5,20,46720-43,77.5127,,556,46720,12,,
2,"21,130",,2020,2020,¼®°î2±æ,00033,00000,46720,01,0,4661154,¼®°î¸é ¼®°î¸®,0556,0000,46720,33021,1,Ã»ÀÚ¿¬¾ÆÆÄÆ®101µ¿,5,20,46720-43,77.5127,,556,46720,11,,
3,"21,130",,2020,2020,¼®°î2±æ,00033,00000,46720,01,0,4661154,¼®°î¸é ¼®°î¸®,0556,0000,46720,33021,1,Ã»ÀÚ¿¬¾ÆÆÄÆ®101µ¿,5,20,46720-43,77.5127,,556,46720,10,,
4,"21,130",,2020,2020,¼®°î2±æ,00033,00000,46720,01,0,4661154,¼®°î¸é ¼®°î¸®,0556,0000,46720,33021,1,Ã»ÀÚ¿¬¾ÆÆÄÆ®101µ¿,5,20,46720-43,77.5127,,556,46720,9,,
5,"21,130",,2020,2020,¼®°î2±æ,00033,00000,46720,01,0,4661154,¼®°î¸é ¼®°î¸®,0556,0000,46720,33021,1,Ã»ÀÚ¿¬¾ÆÆÄÆ®101µ¿,5,20,46720-43,77.5127,,556,46720,8,,
6,"5,600",,2019,2020,´ëÇÐ·Î,00128,00000,46720,01,0,3287027,¿Á°ú¸é ¿Á°ú¸®,0220,0001,46720,37021,1,ÃµÁöÆÓ¸®½º,5,18,46720-41,22.2281,,220-1,46720,6,,
7,"13,300",,2015,2020,´ëÇÐ·Î,00208,00000,46720,00,0,3287027,¿Á°ú¸é Á×¸²¸®,0684,0000,46720,37022,1,¿Á°úÇØ±¤¼§±×¸±¶ó,5,6,46720-33,59.4293,,684,46720,1,,
8,"14,790",,2015,2020,´ëÇÐ·Î,00208,00000,46720,00,0,3287027,¿Á°ú¸é Á×¸²¸®,0684,0000,46720,37022,1,¿Á°úÇØ±¤¼§±×¸±¶ó,5,6,46720-33,59.4293,,684,46720,15,,
9,"13,490",,2015,2020,´ëÇÐ·Î,00208,00000,46720,00,0,3287027,¿Á°ú¸é Á×¸²¸®,0684,0000,46720,37022,1,¿Á°úÇØ±¤¼§±×¸±¶ó,5,6,46720-33,59.4293,,684,46720,14,,
10,"13,490",,2015,2020,´ëÇÐ·Î,00208,00000,46720,00,0,3287027,¿Á°ú¸é Á×¸²¸®,0684,0000,46720,37022,1,¿Á°úÇØ±¤¼§±×¸±¶ó,5,6,46720-33,59.4293,,684,46720,14,,
11,"13,490",,2015,2020,´ëÇÐ·Î,00208,00000,46720,00,0,3287027,¿Á°ú¸é Á×¸²¸®,0684,0000,46720,37022,1,¿Á°úÇØ±¤¼§±×¸±¶ó,5,6,46720-33,59.4293,,684,46720,13,,
12,"13,490",,2015,2020,´ëÇÐ·Î,00208,00000,46720,00,0,3287027,¿Á°ú¸é Á×¸²¸®,0684,0000,46720,37022,1,¿Á°úÇØ±¤¼§±×¸±¶ó,5,6,46720-33,59.4293,,684,46720,12,,
13,"13,490",,2015,2020,´ëÇÐ·Î,00208,00000,46720,00,0,3287027,¿Á°ú¸é Á×¸²¸®,0684,0000,46720,37022,1,¿Á°úÇØ±¤¼§±×¸±¶ó,5,6,46720-33,59.4293,,684,46720,12,,
14,"13,490",,2015,2020,´ëÇÐ·Î,00208,00000,46720,00,0,3287027,¿Á°ú¸é Á×¸²¸®,0684,0000,46720,37022,1,¿Á°úÇØ±¤¼§±×¸±¶ó,5,6,46720-33,59.4293,,684,46720,12,,
15,"13,490",,2015,2020,´ëÇÐ·Î,00208,00000,46720,00,0,3287027,¿Á°ú¸é Á×¸²¸®,0684,0000,46720,37022,1,¿Á°úÇØ±¤¼§±×¸±¶ó,5,6,46720-33,59.4293,,684,46720,11,,
16,"13,490",,2015,2020,´ëÇÐ·Î,00208,00000,46720,00,0,3287027,¿Á°ú¸é Á×¸²¸®,0684,0000,46720,37022,1,¿Á°úÇØ±¤¼§±×¸±¶ó,5,6,46720-33,59.4293,,684,46720,10,,
17,"13,490",,2015,2020,´ëÇÐ·Î,00208,00000,46720,00,0,3287027,¿Á°ú¸é Á×¸²¸®,0684,0000,46720,37022,1,¿Á°úÇØ±¤¼§±×¸±¶ó,5,6,46720-33,59.4293,,684,46720,10,,
18,"13,490",,2015,2020,´ëÇÐ·Î,00208,00000,46720,00,0,3287027,¿Á°ú¸é Á×¸²¸®,0684,0000,46720,37022,1,¿Á°úÇØ±¤¼§±×¸±¶ó,5,6,46720-33,59.4293,,684,46720,10,,
19,"13,490",,2015,2020,´ëÇÐ·Î,00208,00000,46720,00,0,3287027,¿Á°ú¸é Á×¸²¸®,0684,0000,46720,37022,1,¿Á°úÇØ±¤¼§±×¸±¶ó,5,6,46720-33,59.4293,,684,46720,9,,
20,"13,490",,2015,2020,´ëÇÐ·Î,00208,00000,46720,00,0,3287027,¿Á°ú¸é Á×¸²¸®,0684,0000,46720,37022,1,¿Á°úÇØ±¤¼§±×¸±¶ó,5,6,46720-33,59.4293,,684,46720,8,,
21,"13,490",,2015,2020,´ëÇÐ·Î,00208,00000,46720,00,0,3287027,¿Á°ú¸é Á×¸²¸®,0684,0000,46720,37022,1,¿Á°úÇØ±¤¼§±×¸±¶ó,5,6,46720-33,59.4293,,684,46720,8,,
22,"13,490",,2015,2020,´ëÇÐ·Î,00208,00000,46720,00,0,3287027,¿Á°ú¸é Á×¸²¸®,0684,0000,46720,37022,1,¿Á°úÇØ±¤¼§±×¸±¶ó,5,6,46720-33,59.4293,,684,46720,7,,
23,"13,490",,2015,2020,´ëÇÐ·Î,00208,00000,46720,00,0,3287027,¿Á°ú¸é Á×¸²¸®,0684,0000,46720,37022,1,¿Á°úÇØ±¤¼§±×¸±¶ó,5,6,46720-33,59.4293,,684,46720,7,,
24,"13,490",,2015,2020,´ëÇÐ·Î,00208,00000,46720,00,0,3287027,¿Á°ú¸é Á×¸²¸®,0684,0000,46720,37022,1,¿Á°úÇØ±¤¼§±×¸±¶ó,5,6,46720-33,59.4293,,684,46720,5,,
25,"13,490",,2015,2020,´ëÇÐ·Î,00208,00000,46720,00,0,3287027,¿Á°ú¸é Á×¸²¸®,0684,0000,46720,37022,1,¿Á°úÇØ±¤¼§±×¸±¶ó,5,6,46720-33,59.4293,,684,46720,5,,
26,"13,490",,2015,2020,´ëÇÐ·Î,00208,00000,46720,00,0,3287027,¿Á°ú¸é Á×¸²¸®,0684,0000,46720,37022,1,¿Á°úÇØ±¤¼§±×¸±¶ó,5,6,46720-33,59.4293,,684,46720,4,,
27,"13,490",,2015,2020,´ëÇÐ·Î,00208,00000,46720,00,0,3287027,¿Á°ú¸é Á×¸²¸®,0684,0000,46720,37022,1,¿Á°úÇØ±¤¼§±×¸±¶ó,5,6,46720-33,59.4293,,684,46720,4,,
28,"13,490",,2015,2020,´ëÇÐ·Î,00208,00000,46720,00,0,3287027,¿Á°ú¸é Á×¸²¸®,0684,0000,46720,37022,1,¿Á°úÇØ±¤¼§±×¸±¶ó,5,6,46720-33,59.4293,,684,46720,4,,
29,"13,490",,2015,2020,´ëÇÐ·Î,00208,00000,46720,00,0,3287027,¿Á°ú¸é Á×¸²¸®,0684,0000,46720,37022,1,¿Á°úÇØ±¤¼§±×¸±¶ó,5,6,46720-33,59.4293,,684,46720,3,,
30,"13,490",,2015,2020,´ëÇÐ·Î,00208,00000,46720,00,0,3287027,¿Á°ú¸é Á×¸²¸®,0684,0000,46720,37022,1,¿Á°úÇØ±¤¼§±×¸±¶ó,5,6,46720-33,59.4293,,684,46720,3,,
31,"13,400",,2015,2020,´ëÇÐ·Î,00208,00000,46720,00,0,3287027,¿Á°ú¸é Á×¸²¸®,0684,0000,46720,37022,1,¿Á°úÇØ±¤¼§±×¸±¶ó,5,6,46720-33,59.4293,,684,46720,2,,
32,"13,400",,2015,2020,´ëÇÐ·Î,00208,00000,46720,00,0,3287027,¿Á°ú¸é Á×¸²¸®,0684,0000,46720,37022,1,¿Á°úÇØ±¤¼§±×¸±¶ó,5,6,46720-33,59.4293,,684,46720,2,,
33,"13,490",,2015,2020,´ëÇÐ·Î,00208,00000,46720,00,0,3287027,¿Á°ú¸é Á×¸²¸®,0684,0000,46720,37022,1,¿Á°úÇØ±¤¼§±×¸±¶ó,5,6,46720-33,59.4293,,684,46720,2,,
34,"13,300",,2015,2020,´ëÇÐ·Î,00208,00000,46720,00,0,3287027,¿Á°ú¸é Á×¸²¸®,0684,0000,46720,37022,1,¿Á°úÇØ±¤¼§±×¸±¶ó,5,6,46720-33,59.4293,,684,46720,1,,
35,"13,300",,2015,2020,´ëÇÐ·Î,00208,00000,46720,00,0,3287027,¿Á°ú¸é Á×¸²¸®,0684,0000,46720,37022,1,¿Á°úÇØ±¤¼§±×¸±¶ó,5,6,46720-33,59.4293,,684,46720,1,,
36,"13,300",,2015,2020,´ëÇÐ·Î,00208,00000,46720,00,0,3287027,¿Á°ú¸é Á×¸²¸®,0684,0000,46720,37022,1,¿Á°úÇØ±¤¼§±×¸±¶ó,5,7,46720-33,59.4293,,684,46720,1,,
37,"14,790",,2015,2020,´ëÇÐ·Î,00208,00000,46720,00,0,3287027,¿Á°ú¸é Á×¸²¸®,0684,0000,46720,37022,1,¿Á°úÇØ±¤¼§±×¸±¶ó,5,7,46720-33,59.4293,,684,46720,15,,
38,"14,790",,2015,2020,´ëÇÐ·Î,00208,00000,46720,00,0,3287027,¿Á°ú¸é Á×¸²¸®,0684,0000,46720,37022,1,¿Á°úÇØ±¤¼§±×¸±¶ó,5,7,46720-33,59.4293,,684,46720,11,,
39,"13,490",,2015,2020,´ëÇÐ·Î,00208,00000,46720,00,0,3287027,¿Á°ú¸é Á×¸²¸®,0684,0000,46720,37022,1,¿Á°úÇØ±¤¼§±×¸±¶ó,5,7,46720-33,59.4293,,684,46720,10,,
40,"13,490",,2015,2020,´ëÇÐ·Î,00208,00000,46720,00,0,3287027,¿Á°ú¸é Á×¸²¸®,0684,0000,46720,37022,1,¿Á°úÇØ±¤¼§±×¸±¶ó,5,7,46720-33,59.4293,,684,46720,6,,
41,"13,490",,2015,2020,´ëÇÐ·Î,00208,00000,46720,00,0,3287027,¿Á°ú¸é Á×¸²¸®,0684,0000,46720,37022,1,¿Á°úÇØ±¤¼§±×¸±¶ó,5,7,46720-33,59.4293,,684,46720,6,,
42,"13,490",,2015,2020,´ëÇÐ·Î,00208,00000,46720,00,0,3287027,¿Á°ú¸é Á×¸²¸®,0684,0000,46720,37022,1,¿Á°úÇØ±¤¼§±×¸±¶ó,5,7,46720-33,59.4293,,684,46720,5,,
43,"13,400",,2015,2020,´ëÇÐ·Î,00208,00000,46720,00,0,3287027,¿Á°ú¸é Á×¸²¸®,0684,0000,46720,37022,1,¿Á°úÇØ±¤¼§±×¸±¶ó,5,8,46720-33,59.4293,,684,46720,2,,
44,"13,490",,2015,2020,´ëÇÐ·Î,00208,00000,46720,00,0,3287027,¿Á°ú¸é Á×¸²¸®,0684,0000,46720,37022,1,¿Á°úÇØ±¤¼§±×¸±¶ó,5,8,46720-33,59.4293,,684,46720,13,,
45,"13,490",,2015,2020,´ëÇÐ·Î,00208,00000,46720,00,0,3287027,¿Á°ú¸é Á×¸²¸®,0684,0000,46720,37022,1,¿Á°úÇØ±¤¼§±×¸±¶ó,5,8,46720-33,59.4293,,684,46720,11,,
46,"13,490",,2015,2020,´ëÇÐ·Î,00208,00000,46720,00,0,3287027,¿Á°ú¸é Á×¸²¸®,0684,0000,46720,37022,1,¿Á°úÇØ±¤¼§±×¸±¶ó,5,8,46720-33,59.4293,,684,46720,9,,
47,"13,490",,2015,2020,´ëÇÐ·Î,00208,00000,46720,00,0,3287027,¿Á°ú¸é Á×¸²¸®,0684,0000,46720,37022,1,¿Á°úÇØ±¤¼§±×¸±¶ó,5,8,46720-33,59.4293,,684,46720,9,,
48,"13,490",,2015,2020,´ëÇÐ·Î,00208,00000,46720,00,0,3287027,¿Á°ú¸é Á×¸²¸®,0684,0000,46720,37022,1,¿Á°úÇØ±¤¼§±×¸±¶ó,5,8,46720-33,59.4293,,684,46720,8,,
49,"13,490",,2015,2020,´ëÇÐ·Î,00208,00000,46720,00,0,3287027,¿Á°ú¸é Á×¸²¸®,0684,0000,46720,37022,1,¿Á°úÇØ±¤¼§±×¸±¶ó,5,8,46720-33,59.4293,,684,46720,8,,
50,"13,490",,2015,2020,´ëÇÐ·Î,00208,00000,46720,00,0,3287027,¿Á°ú¸é Á×¸²¸®,0684,0000,46720,37022,1,¿Á°úÇØ±¤¼§±×¸±¶ó,5,8,46720-33,59.4293,,684,46720,3,,
51,"13,490",,2015,2020,´ëÇÐ·Î,00208,00000,46720,00,0,3287027,¿Á°ú¸é Á×¸²¸®,0684,0000,46720,37022,1,¿Á°úÇØ±¤¼§±×¸±¶ó,5,13,46720-33,59.4293,,684,46720,7,,
52,"13,490",,2015,2020,´ëÇÐ·Î,00208,00000,46720,00,0,3287027,¿Á°ú¸é Á×¸²¸®,0684,0000,46720,37022,1,¿Á°úÇØ±¤¼§±×¸±¶ó,5,18,46720-33,59.4293,,684,46720,3,,
53,"13,490",,2015,2020,´ëÇÐ·Î,00208,00000,46720,00,0,3287027,¿Á°ú¸é Á×¸²¸®,0684,0000,46720,37022,1,¿Á°úÇØ±¤¼§±×¸±¶ó,5,20,46720-33,59.4293,,684,46720,4,,
54,"14,790",,2015,2020,´ëÇÐ·Î,00208,00000,46720,00,0,3287027,¿Á°ú¸é Á×¸²¸®,0684,0000,46720,37022,1,¿Á°úÇØ±¤¼§±×¸±¶ó,5,20,46720-33,59.4293,,684,46720,15,,
55,"13,490",,2015,2020,´ëÇÐ·Î,00208,00000,46720,00,0,3287027,¿Á°ú¸é Á×¸²¸®,0684,0000,46720,37022,1,¿Á°úÇØ±¤¼§±×¸±¶ó,5,20,46720-33,59.4293,,684,46720,14,,
56,"13,490",,2015,2020,´ëÇÐ·Î,00208,00000,46720,00,0,3287027,¿Á°ú¸é Á×¸²¸®,0684,0000,46720,37022,1,¿Á°úÇØ±¤¼§±×¸±¶ó,5,20,46720-33,59.4293,,684,46720,13,,
57,"13,490",,2015,2020,´ëÇÐ·Î,00208,00000,46720,00,0,3287027,¿Á°ú¸é Á×¸²¸®,0684,0000,46720,37022,1,¿Á°úÇØ±¤¼§±×¸±¶ó,5,20,46720-33,59.4293,,684,46720,11,,
58,"13,490",,2015,2020,´ëÇÐ·Î,00208,00000,46720,00,0,3287027,¿Á°ú¸é Á×¸²¸®,0684,0000,46720,37022,1,¿Á°úÇØ±¤¼§±×¸±¶ó,5,20,46720-33,59.4293,,684,46720,7,,
59,"13,490",,2015,2020,´ëÇÐ·Î,00208,00000,46720,00,0,3287027,¿Á°ú¸é Á×¸²¸®,0684,0000,46720,37022,1,¿Á°úÇØ±¤¼§±×¸±¶ó,5,20,46720-33,59.4293,,684,46720,6,,
60,"13,490",,2015,2020,´ëÇÐ·Î,00208,00000,46720,00,0,3287027,¿Á°ú¸é Á×¸²¸®,0684,0000,46720,37022,1,¿Á°úÇØ±¤¼§±×¸±¶ó,5,20,46720-33,59.4293,,684,46720,6,,
61,"13,490",,2015,2020,´ëÇÐ·Î,00208,00000,46720,00,0,3287027,¿Á°ú¸é Á×¸²¸®,0684,0000,46720,37022,1,¿Á°úÇØ±¤¼§±×¸±¶ó,5,20,46720-33,59.4293,,684,46720,5,,
62,"13,490",,2015,2020,´ëÇÐ·Î,00208,00000,46720,00,0,3287027,¿Á°ú¸é Á×¸²¸®,0684,0000,46720,37022,1,¿Á°úÇØ±¤¼§±×¸±¶ó,5,22,46720-33,59.4293,,684,46720,9,,
63,"3,900",,1998,2020,Á×¸²2±æ,00045,00000,46720,01,0,4661302,¿Á°ú¸é Á×¸²¸®,0101,0001,46720,37022,1,¼º¾Ï¸Ç¼Ç,5,25,46720-8,41.265,,101-1,46720,9,,
0,"8,500",,1996,2020,À¾³»2±æ,00013,00000,46720,01,0,4661270,°î¼ºÀ¾ À¾³»¸®,0788,0006,46720,25021,1,°í¿î(788-6),6,29,46720-7,59.46,,788-6,46720,4,,
1,"6,000",,1998,2020,Á×¸²2±æ,00045,00000,46720,01,0,4661302,¿Á°ú¸é Á×¸²¸®,0101,0001,46720,37022,1,¼º¾Ï¸Ç¼Ç,6,17,46720-8,59.4,,101-1,46720,10,,
2,"3,950",,1998,2020,Á×¸²2±æ,00045,00000,46720,01,0,4661302,¿Á°ú¸é Á×¸²¸®,0101,0001,46720,37022,1,¼º¾Ï¸Ç¼Ç,6,26,46720-8,41.265,,101-1,46720,5,,
0,"7,500",,1997,2020,»ïÀÎµ¿±æ,00013,00000,46720,01,,4661140,°î¼ºÀ¾ ÇÐÁ¤¸®,0535,0005,46720,25022,1,µµ¸²,7,3,46720-3,59.91,,535-5,46720,11,,
1,"18,500",,2004,2020,»ïÀÎµ¿±æ,00021,00000,46720,01,0,4661140,°î¼ºÀ¾ ÇÐÁ¤¸®,0535,0001,46720,25022,1,ÇÑ¾çÆÄÅ©ºô,7,17,46720-6,79.1485,,535-1,46720,9,,
2,"21,000",,2010,2020,ÇÐÁ¤3±æ,00020,00002,46720,01,0,4661337,°î¼ºÀ¾ ÇÐÁ¤¸®,0533,0021,46720,25022,1,°î¼º±âÂ÷¸¶À»¾Æ¶ß¸®¿ò,7,24,46720-21,84.7143,,533-21,46720,8,,
3,"7,080",,1998,2020,Á×¸²2±æ,00045,00000,46720,01,0,4661302,¿Á°ú¸é Á×¸²¸®,0101,0001,46720,37022,1,¼º¾Ï¸Ç¼Ç,7,8,46720-8,59.4,,101-1,46720,4,,
0,"16,000",,2010,2020,ÇÐÁ¤3±æ,00020,00002,46720,01,0,4661337,°î¼ºÀ¾ ÇÐÁ¤¸®,0533,0021,46720,25022,1,°î¼º±âÂ÷¸¶À»¾Æ¶ß¸®¿ò,8,12,46720-21,59.6581,,533-21,46720,8,,
1,"21,000",,2010,2020,ÇÐÁ¤3±æ,00020,00002,46720,01,0,4661337,°î¼ºÀ¾ ÇÐÁ¤¸®,0533,0021,46720,25022,1,°î¼º±âÂ÷¸¶À»¾Æ¶ß¸®¿ò,8,27,46720-21,84.7143,,533-21,46720,7,,
0,"17,200",,2004,2020,»ïÀÎµ¿±æ,00021,00000,46720,01,0,4661140,°î¼ºÀ¾ ÇÐÁ¤¸®,0535,0001,46720,25022,1,ÇÑ¾çÆÄÅ©ºô,9,7,46720-6,79.1485,,535-1,46720,15,,
1,"6,950",,1998,2020,Á×¸²2±æ,00045,00000,46720,01,0,4661302,¿Á°ú¸é Á×¸²¸®,0101,0001,46720,37022,1,¼º¾Ï¸Ç¼Ç,9,4,46720-8,59.4,,101-1,46720,2,,
0,"7,700",,1996,2020,À¾³»2±æ,00013,00000,46720,01,0,4661270,°î¼ºÀ¾ À¾³»¸®,0788,0006,46720,25021,1,°í¿î(788-6),10,13,46720-7,59.46,,788-6,46720,1,,
1,"3,500",,1998,2020,Á×¸²2±æ,00045,00000,46720,01,0,4661302,¿Á°ú¸é Á×¸²¸®,0101,0001,46720,37022,1,¼º¾Ï¸Ç¼Ç,10,14,46720-8,41.265,,101-1,46720,6,,
0,"7,600",,1996,2020,À¾³»2±æ,00013,00000,46720,01,0,4661270,°î¼ºÀ¾ À¾³»¸®,0788,0006,46720,25021,1,°í¿î(788-6),11,22,46720-7,59.46,,788-6,46720,6,,
1,"23,700",,2018,2020,Áß¾Ó·Î,00132,00000,46720,01,0,3287033,°î¼ºÀ¾ À¾³»¸®,0349,0004,46720,25021,1,Ã»¾Ï¼¾Æ®·²ºô,11,23,46720-40,84.3637,,349-4,46720,10,,
2,"22,000",,2018,2020,Áß¾Ó·Î,00132,00000,46720,01,0,3287033,°î¼ºÀ¾ À¾³»¸®,0349,0004,46720,25021,1,Ã»¾Ï¼¾Æ®·²ºô,11,27,46720-40,83.912,,349-4,46720,7,,
3,"5,300",,1992,2020,ÇÐÁ¤3±æ,00018,00000,46720,01,0,4661337,°î¼ºÀ¾ ÇÐÁ¤¸®,0664,0001,46720,25022,1,¼­ÀÏ2,11,10,46720-4,59.91,,664-1,46720,3,,
4,"13,000",,2010,2020,ÇÐÁ¤3±æ,00020,00002,46720,01,0,4661337,°î¼ºÀ¾ ÇÐÁ¤¸®,0533,0021,46720,25022,1,°î¼º±âÂ÷¸¶À»¾Æ¶ß¸®¿ò,11,10,46720-21,59.6581,,533-21,46720,2,,
5,"17,500",,2004,2020,»ïÀÎµ¿±æ,00021,00000,46720,01,0,4661140,°î¼ºÀ¾ ÇÐÁ¤¸®,0535,0001,46720,25022,1,ÇÑ¾çÆÄÅ©ºô,11,20,46720-6,79.1485,,535-1,46720,9,,
0,"4,800",,1992,2020,ÇÐÁ¤3±æ,00018,00000,46720,01,0,4661337,°î¼ºÀ¾ ÇÐÁ¤¸®,0664,0001,46720,25022,1,¼­ÀÏ2,12,8,46720-4,59.91,,664-1,46720,4,,
1,"20,400",,2010,2020,ÇÐÁ¤3±æ,00020,00002,46720,01,0,4661337,°î¼ºÀ¾ ÇÐÁ¤¸®,0533,0021,46720,25022,1,°î¼º±âÂ÷¸¶À»¾Æ¶ß¸®¿ò,12,21,46720-21,84.7143,,533-21,46720,4,,
2,"11,000",,2004,2020,»ïÀÎµ¿±æ,00021,00000,46720,01,0,4661140,°î¼ºÀ¾ ÇÐÁ¤¸®,0535,0001,46720,25022,1,ÇÑ¾çÆÄÅ©ºô,12,28,46720-6,57.817,,535-1,46720,10,,
3,"6,730",,2019,2020,´ëÇÐ·Î,00128,00000,46720,01,0,3287027,¿Á°ú¸é ¿Á°ú¸®,0220,0001,46720,37021,1,ÃµÁöÆÓ¸®½º,12,3,46720-41,22.2281,,220-1,46720,2,,
4,"6,730",,2019,2020,´ëÇÐ·Î,00128,00000,46720,01,0,3287027,¿Á°ú¸é ¿Á°ú¸®,0220,0001,46720,37021,1,ÃµÁöÆÓ¸®½º,12,3,46720-41,22.2281,,220-1,46720,2,21.01.15,O
5,"6,730",,2019,2020,´ëÇÐ·Î,00128,00000,46720,01,0,3287027,¿Á°ú¸é ¿Á°ú¸®,0220,0001,46720,37021,1,ÃµÁöÆÓ¸®½º,12,3,46720-41,22.2281,,220-1,46720,2,21.01.15,O
6,"6,730",,2019,2020,´ëÇÐ·Î,00128,00000,46720,01,0,3287027,¿Á°ú¸é ¿Á°ú¸®,0220,0001,46720,37021,1,ÃµÁöÆÓ¸®½º,12,3,46720-41,22.2281,,220-1,46720,2,21.01.15,O
7,"6,730",,2019,2020,´ëÇÐ·Î,00128,00000,46720,01,0,3287027,¿Á°ú¸é ¿Á°ú¸®,0220,0001,46720,37021,1,ÃµÁöÆÓ¸®½º,12,3,46720-41,22.2281,,220-1,46720,2,21.01.15,O
8,"6,730",,2019,2020,´ëÇÐ·Î,00128,00000,46720,01,0,3287027,¿Á°ú¸é ¿Á°ú¸®,0220,0001,46720,37021,1,ÃµÁöÆÓ¸®½º,12,3,46720-41,22.2281,,220-1,46720,2,21.01.15,O
9,"6,730",,2019,2020,´ëÇÐ·Î,00128,00000,46720,01,0,3287027,¿Á°ú¸é ¿Á°ú¸®,0220,0001,46720,37021,1,ÃµÁöÆÓ¸®½º,12,3,46720-41,22.2281,,220-1,46720,2,21.01.04,O
10,"13,800",,2015,2020,´ëÇÐ·Î,00208,00000,46720,00,0,3287027,¿Á°ú¸é Á×¸²¸®,0684,0000,46720,37022,1,¿Á°úÇØ±¤¼§±×¸±¶ó,12,23,46720-33,59.4293,,684,46720,4,,
0,"14,800",,2010,2021,ÇÐÁ¤3±æ,00020,00002,46720,01,0,4661337,°î¼ºÀ¾ ÇÐÁ¤¸®,0533,0021,46720,25022,1,°î¼º±âÂ÷¸¶À»¾Æ¶ß¸®¿ò,1,4,46720-21,59.6581,,533-21,46720,7,,
1,"14,800",,2010,2021,ÇÐÁ¤3±æ,00020,00002,46720,01,0,4661337,°î¼ºÀ¾ ÇÐÁ¤¸®,0533,0021,46720,25022,1,°î¼º±âÂ÷¸¶À»¾Æ¶ß¸®¿ò,1,4,46720-21,59.6581,,533-21,46720,7,21.05.27,O
2,"6,730",,2019,2021,´ëÇÐ·Î,00128,00000,46720,01,0,3287027,¿Á°ú¸é ¿Á°ú¸®,0220,0001,46720,37021,1,ÃµÁöÆÓ¸®½º,1,6,46720-41,22.2281,,220-1,46720,2,21.02.01,O
3,"6,730",,2019,2021,´ëÇÐ·Î,00128,00000,46720,01,0,3287027,¿Á°ú¸é ¿Á°ú¸®,0220,0001,46720,37021,1,ÃµÁöÆÓ¸®½º,1,6,46720-41,22.2281,,220-1,46720,2,21.02.01,O
4,"6,730",,2019,2021,´ëÇÐ·Î,00128,00000,46720,01,0,3287027,¿Á°ú¸é ¿Á°ú¸®,0220,0001,46720,37021,1,ÃµÁöÆÓ¸®½º,1,6,46720-41,22.2281,,220-1,46720,2,21.02.01,O
5,"6,730",,2019,2021,´ëÇÐ·Î,00128,00000,46720,01,0,3287027,¿Á°ú¸é ¿Á°ú¸®,0220,0001,46720,37021,1,ÃµÁöÆÓ¸®½º,1,6,46720-41,22.2281,,220-1,46720,2,21.02.01,O
6,"6,730",,2019,2021,´ëÇÐ·Î,00128,00000,46720,01,0,3287027,¿Á°ú¸é ¿Á°ú¸®,0220,0001,46720,37021,1,ÃµÁöÆÓ¸®½º,1,6,46720-41,22.2281,,220-1,46720,2,21.02.01,O
7,"6,730",,2019,2021,´ëÇÐ·Î,00128,00000,46720,01,0,3287027,¿Á°ú¸é ¿Á°ú¸®,0220,0001,46720,37021,1,ÃµÁöÆÓ¸®½º,1,18,46720-41,22.2281,,220-1,46720,2,,
8,"6,730",,2019,2021,´ëÇÐ·Î,00128,00000,46720,01,0,3287027,¿Á°ú¸é ¿Á°ú¸®,0220,0001,46720,37021,1,ÃµÁöÆÓ¸®½º,1,18,46720-41,22.2281,,220-1,46720,2,,
9,"6,730",,2019,2021,´ëÇÐ·Î,00128,00000,46720,01,0,3287027,¿Á°ú¸é ¿Á°ú¸®,0220,0001,46720,37021,1,ÃµÁöÆÓ¸®½º,1,26,46720-41,22.2281,,220-1,46720,2,,
10,"6,730",,2019,2021,´ëÇÐ·Î,00128,00000,46720,01,0,3287027,¿Á°ú¸é ¿Á°ú¸®,0220,0001,46720,37021,1,ÃµÁöÆÓ¸®½º,1,26,46720-41,22.2281,,220-1,46720,2,,
11,"6,730",,2019,2021,´ëÇÐ·Î,00128,00000,46720,01,0,3287027,¿Á°ú¸é ¿Á°ú¸®,0220,0001,46720,37021,1,ÃµÁöÆÓ¸®½º,1,26,46720-41,22.2281,,220-1,46720,2,,
12,"6,730",,2019,2021,´ëÇÐ·Î,00128,00000,46720,01,0,3287027,¿Á°ú¸é ¿Á°ú¸®,0220,0001,46720,37021,1,ÃµÁöÆÓ¸®½º,1,26,46720-41,22.2281,,220-1,46720,2,,
13,"6,730",,2019,2021,´ëÇÐ·Î,00128,00000,46720,01,0,3287027,¿Á°ú¸é ¿Á°ú¸®,0220,0001,46720,37021,1,ÃµÁöÆÓ¸®½º,1,26,46720-41,22.2281,,220-1,46720,2,,
0,"7,800",,1996,2021,À¾³»2±æ,00013,00000,46720,01,0,4661270,°î¼ºÀ¾ À¾³»¸®,0788,0006,46720,25021,1,°í¿î(788-6),2,13,46720-7,59.46,,788-6,46720,2,,
1,"22,000",,2018,2021,Áß¾Ó·Î,00132,00000,46720,01,0,3287033,°î¼ºÀ¾ À¾³»¸®,0349,0004,46720,25021,1,Ã»¾Ï¼¾Æ®·²ºô,2,19,46720-40,84.3637,,349-4,46720,6,,
2,"16,700",,2010,2021,ÇÐÁ¤3±æ,00020,00002,46720,01,0,4661337,°î¼ºÀ¾ ÇÐÁ¤¸®,0533,0021,46720,25022,1,°î¼º±âÂ÷¸¶À»¾Æ¶ß¸®¿ò,2,2,46720-21,59.6581,,533-21,46720,11,,
3,"21,000",,2010,2021,ÇÐÁ¤3±æ,00020,00002,46720,01,0,4661337,°î¼ºÀ¾ ÇÐÁ¤¸®,0533,0021,46720,25022,1,°î¼º±âÂ÷¸¶À»¾Æ¶ß¸®¿ò,2,16,46720-21,84.7143,,533-21,46720,9,,
4,"5,350",,1992,2021,ÇÐÁ¤3±æ,00018,00000,46720,01,0,4661337,°î¼ºÀ¾ ÇÐÁ¤¸®,0664,0001,46720,25022,1,¼­ÀÏ2,2,18,46720-4,59.91,,664-1,46720,1,,
5,"5,350",,1992,2021,ÇÐÁ¤3±æ,00018,00000,46720,01,0,4661337,°î¼ºÀ¾ ÇÐÁ¤¸®,0664,0001,46720,25022,1,¼­ÀÏ2,2,18,46720-4,59.91,,664-1,46720,1,21.05.27,O
0,"11,500",,2004,2021,»ïÀÎµ¿±æ,00021,00000,46720,01,0,4661140,°î¼ºÀ¾ ÇÐÁ¤¸®,0535,0001,46720,25022,1,ÇÑ¾çÆÄÅ©ºô,3,4,46720-6,57.817,,535-1,46720,11,,
1,"17,400",,2004,2021,»ïÀÎµ¿±æ,00021,00000,46720,01,0,4661140,°î¼ºÀ¾ ÇÐÁ¤¸®,0535,0001,46720,25022,1,ÇÑ¾çÆÄÅ©ºô,3,4,46720-6,79.1485,,535-1,46720,6,,
2,"8,500",,1997,2021,»ïÀÎµ¿±æ,00013,00000,46720,01,,4661140,°î¼ºÀ¾ ÇÐÁ¤¸®,0535,0005,46720,25022,1,µµ¸²,3,8,46720-3,59.91,,535-5,46720,6,,
3,"15,400",,2004,2021,»ïÀÎµ¿±æ,00021,00000,46720,01,0,4661140,°î¼ºÀ¾ ÇÐÁ¤¸®,0535,0001,46720,25022,1,ÇÑ¾çÆÄÅ©ºô,3,22,46720-6,79.1485,,535-1,46720,13,,
4,"7,000",,1998,2021,Á×¸²2±æ,00045,00000,46720,01,0,4661302,¿Á°ú¸é Á×¸²¸®,0101,0001,46720,37022,1,¼º¾Ï¸Ç¼Ç,3,23,46720-8,59.4,,101-1,46720,12,,
0,"7,000",,1991,2021,À¾³»2±æ,00006,00000,46720,01,0,4661270,°î¼ºÀ¾ À¾³»¸®,0792,0002,46720,25021,1,¼­ÀÏ1,4,6,46720-1,73.73,,792-2,46720,5,21.09.01,O
1,"4,700",,1985,2021,ÇÐ±³·Î,00093,00000,46720,01,0,3287025,°î¼ºÀ¾ À¾³»¸®,0721,0001,46720,25021,1,¼ÛÁ¦,4,14,46720-2,58.8,,721-1,46720,2,,
2,"12,100",,2004,2021,»ïÀÎµ¿±æ,00021,00000,46720,01,0,4661140,°î¼ºÀ¾ ÇÐÁ¤¸®,0535,0001,46720,25022,1,ÇÑ¾çÆÄÅ©ºô,4,22,46720-6,57.817,,535-1,46720,10,,
3,"4,500",,1998,2021,Á×¸²2±æ,00045,00000,46720,01,0,4661302,¿Á°ú¸é Á×¸²¸®,0101,0001,46720,37022,1,¼º¾Ï¸Ç¼Ç,4,15,46720-8,41.265,,101-1,46720,3,21.04.26,O
4,"4,900",,1998,2021,Á×¸²2±æ,00045,00000,46720,01,0,4661302,¿Á°ú¸é Á×¸²¸®,0101,0001,46720,37022,1,¼º¾Ï¸Ç¼Ç,4,15,46720-8,41.265,,101-1,46720,3,,
5,"17,400",,2015,2021,´ëÇÐ·Î,00208,00000,46720,00,0,3287027,¿Á°ú¸é Á×¸²¸®,0684,0000,46720,37022,1,¿Á°úÇØ±¤¼§±×¸±¶ó,4,30,46720-33,59.4293,,684,46720,9,,
0,"8,000",,1997,2021,»ïÀÎµ¿±æ,00013,00000,46720,01,,4661140,°î¼ºÀ¾ ÇÐÁ¤¸®,0535,0005,46720,25022,1,µµ¸²,5,27,46720-3,59.91,,535-5,46720,4,,
1,"8,600",,1997,2021,»ïÀÎµ¿±æ,00013,00000,46720,01,,4661140,°î¼ºÀ¾ ÇÐÁ¤¸®,0535,0005,46720,25022,1,µµ¸²,5,28,46720-3,59.91,,535-5,46720,5,,
2,"21,130",,2020,2021,¼®°î2±æ,00033,00000,46720,01,0,4661154,¼®°î¸é ¼®°î¸®,0556,0000,46720,33021,1,Ã»ÀÚ¿¬¾ÆÆÄÆ®101µ¿,5,20,46720-43,77.5127,,556,46720,10,,
3,"17,000",,2015,2021,´ëÇÐ·Î,00208,00000,46720,00,0,3287027,¿Á°ú¸é Á×¸²¸®,0684,0000,46720,37022,1,¿Á°úÇØ±¤¼§±×¸±¶ó,5,28,46720-33,59.4293,,684,46720,7,,
0,"14,900",,2018,2021,ÇÐ±³·Î,00087,00000,46720,00,0,3287025,°î¼ºÀ¾ À¾³»¸®,0724,0001,46720,25021,1,ÇØµç¼¾Æ®·²,6,7,46720-39,69.7826,,724-1,46720,7,,
1,"7,500",,1991,2021,À¾³»2±æ,00006,00000,46720,01,0,4661270,°î¼ºÀ¾ À¾³»¸®,0792,0002,46720,25021,1,¼­ÀÏ1,6,16,46720-1,73.73,,792-2,46720,4,,
2,"17,800",,2004,2021,»ïÀÎµ¿±æ,00021,00000,46720,01,0,4661140,°î¼ºÀ¾ ÇÐÁ¤¸®,0535,0001,46720,25022,1,ÇÑ¾çÆÄÅ©ºô,6,25,46720-6,79.1485,,535-1,46720,6,,
3,"21,130",,2020,2021,¼®°î2±æ,00033,00000,46720,01,0,4661154,¼®°î¸é ¼®°î¸®,0556,0000,46720,33021,1,Ã»ÀÚ¿¬¾ÆÆÄÆ®101µ¿,6,8,46720-43,77.5127,,556,46720,12,,
0,"5,650",,1985,2021,ÇÐ±³·Î,00093,00000,46720,01,0,3287025,°î¼ºÀ¾ À¾³»¸®,0721,0001,46720,25021,1,¼ÛÁ¦,7,17,46720-2,58.8,,721-1,46720,3,,
1,"5,300",,1985,2021,ÇÐ±³·Î,00093,00000,46720,01,0,3287025,°î¼ºÀ¾ À¾³»¸®,0721,0001,46720,25021,1,¼ÛÁ¦,7,21,46720-2,58.8,,721-1,46720,2,,
2,"22,300",,2018,2021,Áß¾Ó·Î,00132,00000,46720,01,0,3287033,°î¼ºÀ¾ À¾³»¸®,0349,0004,46720,25021,1,Ã»¾Ï¼¾Æ®·²ºô,7,27,46720-40,84.3637,,349-4,46720,9,,
3,"21,130",,2020,2021,¼®°î2±æ,00033,00000,46720,01,0,4661154,¼®°î¸é ¼®°î¸®,0556,0000,46720,33021,1,Ã»ÀÚ¿¬¾ÆÆÄÆ®101µ¿,7,7,46720-43,77.5127,,556,46720,6,,
4,"4,000",,1998,2021,Á×¸²2±æ,00045,00000,46720,01,0,4661302,¿Á°ú¸é Á×¸²¸®,0101,0001,46720,37022,1,¼º¾Ï¸Ç¼Ç,7,22,46720-8,41.265,,101-1,46720,5,,
0,"18,900",,2004,2021,»ïÀÎµ¿±æ,00021,00000,46720,01,0,4661140,°î¼ºÀ¾ ÇÐÁ¤¸®,0535,0001,46720,25022,1,ÇÑ¾çÆÄÅ©ºô,8,24,46720-6,79.1485,,535-1,46720,4,,
1,"5,670",,2019,2021,´ëÇÐ·Î,00128,00000,46720,01,0,3287027,¿Á°ú¸é ¿Á°ú¸®,0220,0001,46720,37021,1,ÃµÁöÆÓ¸®½º,8,2,46720-41,22.2281,,220-1,46720,2,,
2,"6,300",,2019,2021,´ëÇÐ·Î,00128,00000,46720,01,0,3287027,¿Á°ú¸é ¿Á°ú¸®,0220,0001,46720,37021,1,ÃµÁöÆÓ¸®½º,8,2,46720-41,22.2281,,220-1,46720,2,21.08.24,O
3,"7,500",,1998,2021,Á×¸²2±æ,00045,00000,46720,01,0,4661302,¿Á°ú¸é Á×¸²¸®,0101,0001,46720,37022,1,¼º¾Ï¸Ç¼Ç,8,3,46720-8,59.4,,101-1,46720,9,,
4,"4,400",,1998,2021,Á×¸²2±æ,00045,00000,46720,01,0,4661302,¿Á°ú¸é Á×¸²¸®,0101,0001,46720,37022,1,¼º¾Ï¸Ç¼Ç,8,12,46720-8,41.265,,101-1,46720,4,,
0,"7,000",,1998,2021,Á×¸²2±æ,00045,00000,46720,01,0,4661302,¿Á°ú¸é Á×¸²¸®,0101,0001,46720,37022,1,¼º¾Ï¸Ç¼Ç,9,30,46720-8,59.4,,101-1,46720,1,,
0,"7,000",,1991,2021,À¾³»2±æ,00006,00000,46720,01,0,4661270,°î¼ºÀ¾ À¾³»¸®,0792,0002,46720,25021,1,¼­ÀÏ1,10,5,46720-1,73.73,,792-2,46720,5,,
1,"8,000",,1992,2021,Á×¸²5±æ,00003,00000,46720,01,0,4661303,¿Á°ú¸é Á×¸²¸®,0204,0002,46720,37022,1,°í¿îÆÄÅ©¸Ç¼Ç,10,1,46720-5,73.98,,204-2,46720,1,,
0,"17,100",Áß°³°Å·¡,2004,2021,»ïÀÎµ¿±æ,00021,00000,46720,01,0,4661140,°î¼ºÀ¾ ÇÐÁ¤¸®,0535,0001,46720,25022,1,ÇÑ¾çÆÄÅ©ºô,11,1,46720-6,79.1485,Àü³² °î¼º±º,535-1,46720,8,,
1,"7,700",Á÷°Å·¡,1998,2021,Á×¸²2±æ,00045,00000,46720,01,0,4661302,¿Á°ú¸é Á×¸²¸®,0101,0001,46720,37022,1,¼º¾Ï¸Ç¼Ç,11,8,46720-8,59.4,,101-1,46720,15,,
2,"6,000",Áß°³°Å·¡,1998,2021,Á×¸²2±æ,00045,00000,46720,01,0,4661302,¿Á°ú¸é Á×¸²¸®,0101,0001,46720,37022,1,¼º¾Ï¸Ç¼Ç,11,14,46720-8,59.4,Àü³² °î¼º±º,101-1,46720,11,,
0,"4,000",Á÷°Å·¡,1998,2021,Á×¸²2±æ,00045,00000,46720,01,0,4661302,¿Á°ú¸é Á×¸²¸®,0101,0001,46720,37022,1,¼º¾Ï¸Ç¼Ç,12,3,46720-8,41.265,,101-1,46720,12,,
0,"8,000",Áß°³°Å·¡,1996,2022,À¾³»2±æ,00013,00000,46720,01,0,4661270,°î¼ºÀ¾ À¾³»¸®,0788,0006,46720,25021,1,°í¿î(788-6),2,9,46720-7,59.46,Àü³² °î¼º±º,788-6,46720,2,22.04.08,O
1,"8,200",Áß°³°Å·¡,1997,2022,»ïÀÎµ¿±æ,00013,00000,46720,01,,4661140,°î¼ºÀ¾ ÇÐÁ¤¸®,0535,0005,46720,25022,1,µµ¸²,2,4,46720-3,59.91,Àü³² °î¼º±º,535-5,46720,1,,
2,"14,700",Á÷°Å·¡,2010,2022,ÇÐÁ¤3±æ,00020,00002,46720,01,0,4661337,°î¼ºÀ¾ ÇÐÁ¤¸®,0533,0021,46720,25022,1,°î¼º±âÂ÷¸¶À»¾Æ¶ß¸®¿ò,2,26,46720-21,59.6581,,533-21,46720,8,,
0,"4,500",Á÷°Å·¡,1991,2022,À¾³»2±æ,00006,00000,46720,01,0,4661270,°î¼ºÀ¾ À¾³»¸®,0792,0002,46720,25021,1,¼­ÀÏ1,3,10,46720-1,73.73,,792-2,46720,4,,
1,"19,500",Áß°³°Å·¡,2004,2022,»ïÀÎµ¿±æ,00021,00000,46720,01,0,4661140,°î¼ºÀ¾ ÇÐÁ¤¸®,0535,0001,46720,25022,1,ÇÑ¾çÆÄÅ©ºô,3,24,46720-6,79.1485,Àü³² °î¼º±º,535-1,46720,3,,
2,"7,000",Á÷°Å·¡,1992,2022,Á×¸²5±æ,00003,00000,46720,01,0,4661303,¿Á°ú¸é Á×¸²¸®,0204,0002,46720,37022,1,°í¿îÆÄÅ©¸Ç¼Ç,3,14,46720-5,59.4,,204-2,46720,4,,
0,"9,000",Áß°³°Å·¡,1991,2022,À¾³»2±æ,00006,00000,46720,01,0,4661270,°î¼ºÀ¾ À¾³»¸®,0792,0002,46720,25021,1,¼­ÀÏ1,4,5,46720-1,82.55,±¤ÁÖ ºÏ±¸,792-2,46720,5,,
1,"8,000",Áß°³°Å·¡,1996,2022,À¾³»2±æ,00013,00000,46720,01,0,4661270,°î¼ºÀ¾ À¾³»¸®,0788,0006,46720,25021,1,°í¿î(788-6),4,12,46720-7,59.46,Àü³² °î¼º±º,788-6,46720,2,,
2,"8,600",Áß°³°Å·¡,1996,2022,À¾³»2±æ,00013,00000,46720,01,0,4661270,°î¼ºÀ¾ À¾³»¸®,0788,0006,46720,25021,1,°í¿î(788-6),4,15,46720-7,59.46,Àü³² °î¼º±º,788-6,46720,2,,
3,"18,500",Áß°³°Å·¡,2004,2022,»ïÀÎµ¿±æ,00021,00000,46720,01,0,4661140,°î¼ºÀ¾ ÇÐÁ¤¸®,0535,0001,46720,25022,1,ÇÑ¾çÆÄÅ©ºô,4,11,46720-6,79.1485,Àü³² °î¼º±º,535-1,46720,12,,
4,"8,000",Á÷°Å·¡,1997,2022,»ïÀÎµ¿±æ,00013,00000,46720,01,,4661140,°î¼ºÀ¾ ÇÐÁ¤¸®,0535,0005,46720,25022,1,µµ¸²,4,19,46720-3,59.91,,535-5,46720,4,,
5,"4,500",Á÷°Å·¡,1998,2022,Á×¸²2±æ,00045,00000,46720,01,0,4661302,¿Á°ú¸é Á×¸²¸®,0101,0001,46720,37022,1,¼º¾Ï¸Ç¼Ç,4,20,46720-8,41.265,,101-1,46720,4,,
6,"8,000",Áß°³°Å·¡,1992,2022,Á×¸²5±æ,00003,00000,46720,01,0,4661303,¿Á°ú¸é Á×¸²¸®,0204,0002,46720,37022,1,°í¿îÆÄÅ©¸Ç¼Ç,4,28,46720-5,73.98,Àü³² °î¼º±º,204-2,46720,6,,
0,"9,500",Áß°³°Å·¡,1997,2022,»ïÀÎµ¿±æ,00013,00000,46720,01,,4661140,°î¼ºÀ¾ ÇÐÁ¤¸®,0535,0005,46720,25022,1,µµ¸²,5,20,46720-3,59.91,Àü³² °î¼º±º,535-5,46720,12,,
1,"4,200",Áß°³°Å·¡,1998,2022,Á×¸²2±æ,00045,00000,46720,01,0,4661302,¿Á°ú¸é Á×¸²¸®,0101,0001,46720,37022,1,¼º¾Ï¸Ç¼Ç,5,12,46720-8,41.265,Àü³² °î¼º±º,101-1,46720,5,22.05.16,O
2,"4,200",Áß°³°Å·¡,1998,2022,Á×¸²2±æ,00045,00000,46720,01,0,4661302,¿Á°ú¸é Á×¸²¸®,0101,0001,46720,37022,1,¼º¾Ï¸Ç¼Ç,5,12,46720-8,41.265,Àü³² °î¼º±º,101-1,46720,5,,
0,"22,000",Áß°³°Å·¡,2018,2022,Áß¾Ó·Î,00132,00000,46720,01,0,3287033,°î¼ºÀ¾ À¾³»¸®,0349,0004,46720,25021,1,Ã»¾Ï¼¾Æ®·²ºô,6,16,46720-40,83.912,Àü³² °î¼º±º,349-4,46720,4,,
1,"23,000",Á÷°Å·¡,2010,2022,ÇÐÁ¤3±æ,00020,00002,46720,01,0,4661337,°î¼ºÀ¾ ÇÐÁ¤¸®,0533,0021,46720,25022,1,°î¼º±âÂ÷¸¶À»¾Æ¶ß¸®¿ò,6,8,46720-21,84.7143,,533-21,46720,7,,
2,"12,800",Áß°³°Å·¡,2004,2022,»ïÀÎµ¿±æ,00021,00000,46720,01,0,4661140,°î¼ºÀ¾ ÇÐÁ¤¸®,0535,0001,46720,25022,1,ÇÑ¾çÆÄÅ©ºô,6,23,46720-6,57.817,Àü³² °î¼º±º,535-1,46720,14,,
3,"21,130",Á÷°Å·¡,2020,2022,¼®°î2±æ,00033,00000,46720,00,0,4661154,¼®°î¸é ¼®°î¸®,0556,0000,46720,33021,1,Ã»ÀÚ¿¬¾ÆÆÄÆ®101µ¿,6,21,46720-43,77.5127,,556,46720,1,,
4,"4,450",Áß°³°Å·¡,1998,2022,Á×¸²2±æ,00045,00000,46720,01,0,4661302,¿Á°ú¸é Á×¸²¸®,0101,0001,46720,37022,1,¼º¾Ï¸Ç¼Ç,6,1,46720-8,41.265,Àü³² °î¼º±º,101-1,46720,10,,
5,"19,000",Á÷°Å·¡,2015,2022,´ëÇÐ·Î,00208,00000,46720,00,0,3287027,¿Á°ú¸é Á×¸²¸®,0684,0000,46720,37022,1,¿Á°úÇØ±¤¼§±×¸±¶ó,6,27,46720-33,59.4293,,684,46720,10,,
0,"16,250",Á÷°Å·¡,2004,2022,»ïÀÎµ¿±æ,00021,00000,46720,01,0,4661140,°î¼ºÀ¾ ÇÐÁ¤¸®,0535,0001,46720,25022,1,ÇÑ¾çÆÄÅ©ºô,7,13,46720-6,79.1485,,535-1,46720,6,,
1,"18,100",Áß°³°Å·¡,2015,2022,´ëÇÐ·Î,00208,00000,46720,00,0,3287027,¿Á°ú¸é Á×¸²¸®,0684,0000,46720,37022,1,¿Á°úÇØ±¤¼§±×¸±¶ó,7,12,46720-33,59.4293,Àü³² °î¼º±º,684,46720,3,,
0,"7,500",Áß°³°Å·¡,1991,2022,À¾³»2±æ,00006,00000,46720,01,0,4661270,°î¼ºÀ¾ À¾³»¸®,0792,0002,46720,25021,1,¼­ÀÏ1,8,1,46720-1,73.73,Àü³² °î¼º±º,792-2,46720,4,,
1,"16,500",Á÷°Å·¡,2004,2022,»ïÀÎµ¿±æ,00021,00000,46720,01,0,4661140,°î¼ºÀ¾ ÇÐÁ¤¸®,0535,0001,46720,25022,1,ÇÑ¾çÆÄÅ©ºô,8,9,46720-6,79.1485,,535-1,46720,5,,
0,"17,000",Á÷°Å·¡,2004,2022,»ïÀÎµ¿±æ,00021,00000,46720,01,0,4661140,°î¼ºÀ¾ ÇÐÁ¤¸®,0535,0001,46720,25022,1,ÇÑ¾çÆÄÅ©ºô,9,6,46720-6,79.1485,,535-1,46720,10,,
1,"7,080",Á÷°Å·¡,1998,2022,Á×¸²2±æ,00045,00000,46720,01,0,4661302,¿Á°ú¸é Á×¸²¸®,0101,0001,46720,37022,1,¼º¾Ï¸Ç¼Ç,9,15,46720-8,59.4,,101-1,46720,5,,
0,"19,000",Á÷°Å·¡,2018,2022,ÇÐ±³·Î,00087,00000,46720,00,0,3287025,°î¼ºÀ¾ À¾³»¸®,0724,0001,46720,25021,1,ÇØµç¼¾Æ®·²,10,17,46720-39,82.6615,,724-1,46720,6,,
1,"8,000",Á÷°Å·¡,1996,2022,À¾³»2±æ,00013,00000,46720,01,0,4661270,°î¼ºÀ¾ À¾³»¸®,0788,0006,46720,25021,1,°í¿î(788-6),10,18,46720-7,59.46,,788-6,46720,6,,
2,"12,000",Áß°³°Å·¡,1997,2022,»ïÀÎµ¿±æ,00013,00000,46720,01,,4661140,°î¼ºÀ¾ ÇÐÁ¤¸®,0535,0005,46720,25022,1,µµ¸²,10,18,46720-3,59.91,Àü³² °î¼º±º,535-5,46720,7,,
0,"21,000",Áß°³°Å·¡,2018,2022,Áß¾Ó·Î,00132,00000,46720,01,0,3287033,°î¼ºÀ¾ À¾³»¸®,0349,0004,46720,25021,1,Ã»¾Ï¼¾Æ®·²ºô,11,10,46720-40,84.3637,Àü³² °î¼º±º,349-4,46720,12,,
1,"8,000",Á÷°Å·¡,1997,2022,»ïÀÎµ¿±æ,00013,00000,46720,01,,4661140,°î¼ºÀ¾ ÇÐÁ¤¸®,0535,0005,46720,25022,1,µµ¸²,11,16,46720-3,59.91,,535-5,46720,4,23.01.31,O
0,"12,500",Á÷°Å·¡,1997,2022,»ïÀÎµ¿±æ,00013,00000,46720,01,,4661140,°î¼ºÀ¾ ÇÐÁ¤¸®,0535,0005,46720,25022,1,µµ¸²,12,12,46720-3,59.91,,535-5,46720,6,,
1,"7,700",Áß°³°Å·¡,1998,2022,Á×¸²2±æ,00045,00000,46720,01,0,4661302,¿Á°ú¸é Á×¸²¸®,0101,0001,46720,37022,1,¼º¾Ï¸Ç¼Ç,12,28,46720-8,59.4,Àü³² °î¼º±º,101-1,46720,14,,
0,"8,900",Áß°³°Å·¡,1996,2023,À¾³»2±æ,00013,00000,46720,01,0,4661270,°î¼ºÀ¾ À¾³»¸®,0788,0006,46720,25021,1,°í¿î(788-6),1,13,46720-7,59.46,Àü³² °î¼º±º,788-6,46720,4,,
1,"4,700",Á÷°Å·¡,2019,2023,´ëÇÐ·Î,00128,00000,46720,01,0,3287027,¿Á°ú¸é ¿Á°ú¸®,0220,0001,46720,37021,1,ÃµÁöÆÓ¸®½º,1,10,46720-41,22.2281,,220-1,46720,2,,
2,"17,100",Á÷°Å·¡,2015,2023,´ëÇÐ·Î,00208,00000,46720,00,0,3287027,¿Á°ú¸é Á×¸²¸®,0684,0000,46720,37022,1,¿Á°úÇØ±¤¼§±×¸±¶ó,1,11,46720-33,59.4293,,684,46720,8,,
3,"7,000",Áß°³°Å·¡,1998,2023,Á×¸²2±æ,00045,00000,46720,01,0,4661302,¿Á°ú¸é Á×¸²¸®,0101,0001,46720,37022,1,¼º¾Ï¸Ç¼Ç,1,31,46720-8,59.4,Àü³² °î¼º±º,101-1,46720,11,,
0,"4,500",Áß°³°Å·¡,1998,2023,Á×¸²2±æ,00045,00000,46720,01,0,4661302,¿Á°ú¸é Á×¸²¸®,0101,0001,46720,37022,1,¼º¾Ï¸Ç¼Ç,2,2,46720-8,41.265,Àü³² °î¼º±º,101-1,46720,3,,
1,"5,100",Á÷°Å·¡,1998,2023,Á×¸²2±æ,00045,00000,46720,01,0,4661302,¿Á°ú¸é Á×¸²¸®,0101,0001,46720,37022,1,¼º¾Ï¸Ç¼Ç,2,13,46720-8,41.265,,101-1,46720,12,,
0,"4,350",Á÷°Å·¡,1998,2023,Á×¸²2±æ,00045,00000,46720,01,0,4661302,¿Á°ú¸é Á×¸²¸®,0101,0001,46720,37022,1,¼º¾Ï¸Ç¼Ç,3,6,46720-8,41.265,,101-1,46720,2,,
1,"16,200",Á÷°Å·¡,2015,2023,´ëÇÐ·Î,00208,00000,46720,00,0,3287027,¿Á°ú¸é Á×¸²¸®,0684,0000,46720,37022,1,¿Á°úÇØ±¤¼§±×¸±¶ó,3,6,46720-33,59.4293,,684,46720,1,,
2,"8,000",Áß°³°Å·¡,1998,2023,Á×¸²2±æ,00045,00000,46720,01,0,4661302,¿Á°ú¸é Á×¸²¸®,0101,0001,46720,37022,1,¼º¾Ï¸Ç¼Ç,3,23,46720-8,59.4,Àü³² °î¼º±º,101-1,46720,7,,
