,∞≈∑°±›æ◊,∞≈∑°¿Ø«¸,∞«√‡≥‚µµ,≥‚,µµ∑Œ∏Ì,µµ∑Œ∏Ì∞«π∞∫ªπ¯»£ƒ⁄µÂ,µµ∑Œ∏Ì∞«π∞∫Œπ¯»£ƒ⁄µÂ,µµ∑Œ∏ÌΩ√±∫±∏ƒ⁄µÂ,µµ∑Œ∏Ì¿œ∑√π¯»£ƒ⁄µÂ,µµ∑Œ∏Ì¡ˆªÛ¡ˆ«œƒ⁄µÂ,µµ∑Œ∏Ìƒ⁄µÂ,π˝¡§µø,π˝¡§µø∫ªπ¯ƒ⁄µÂ,π˝¡§µø∫Œπ¯ƒ⁄µÂ,π˝¡§µøΩ√±∫±∏ƒ⁄µÂ,π˝¡§µø¿æ∏Èµøƒ⁄µÂ,π˝¡§µø¡ˆπ¯ƒ⁄µÂ,æ∆∆ƒ∆Æ,ø˘,¿œ,¿œ∑√π¯»£,¿¸øÎ∏È¿˚,¡ﬂ∞≥ªÁº“¿Á¡ˆ,¡ˆπ¯,¡ˆø™ƒ⁄µÂ,√˛,«ÿ¡¶ªÁ¿Øπﬂª˝¿œ,«ÿ¡¶ø©∫Œ
0,"4,300",,1995,2012,∞≈√Ã∑Œ,00053,00000,47920,01,0,3324001,∫¿»≠¿æ ≥ªº∫∏Æ,0334,0000,47920,25031,1,∞°µÁ∏Ò»≠,2,2,47920-1,59.84,,334,47920,6,,
1,"12,500",,2003,2012,±≥√Ã1±Ê,00002,00001,47920,01,0,4772040,∫¿»≠¿æ ≥ªº∫∏Æ,0490,0004,47920,25031,1,≈È≈ÿΩ√∆º∆ƒ≈©,2,3,47920-12,84.98,,490-4,47920,11,,
2,"5,700",,1992,2012,±≥√Ã±Ê,00041,00000,47920,01,0,4772042,∫¿»≠¿æ ≥ªº∫∏Æ,0448,0000,47920,25031,1,"ªÔøµ(C,Dµø)",2,9,47920-8,58.94,,448,47920,3,,
3,"13,300",,2011,2012,±≥√Ã±Ê,00011,00000,47920,01,0,4772042,∫¿»≠¿æ ≥ªº∫∏Æ,0463,0001,47920,25031,1,∏Ìº∫ºæΩ√∫Ù,2,24,47920-57,74.3971,,463-1,47920,1,,
4,"2,500",,1991,2012,√·æÁ∑Œ,00225,00011,47920,01,0,3324022,√·æÁ∏È ¿«æÁ∏Æ,0197,0012,47920,34021,1,∞≠∫Ø,2,10,47920-11,65.9,,197-12,47920,2,,
0,"6,300",,1994,2012,±≥√Ã2±Ê,00003,00000,47920,01,0,4772041,∫¿»≠¿æ ≥ªº∫∏Æ,0184,0005,47920,25031,1,∑Œæ‚3¬˜,3,2,47920-3,59.37,,184-5,47920,2,,
1,"5,900",,1992,2012,±≥√Ã2±Ê,00005,00000,47920,01,0,4772041,∫¿»≠¿æ ≥ªº∫∏Æ,0181,0005,47920,25031,1,«—Ω≈∞°µÁ∏«º«,3,2,47920-10,58.78,,181-5,47920,5,,
2,"2,700",,1993,2012,∞≈√Ã∑Œ,00047,00002,47920,01,0,3324001,∫¿»≠¿æ ≥ªº∫∏Æ,0332,0002,47920,25031,1,π›º€¡÷≈√,3,30,47920-7,49.05,,332-2,47920,5,,
3,"5,350",,1992,2012,±≥√Ã2±Ê,00005,00000,47920,01,0,4772041,∫¿»≠¿æ ≥ªº∫∏Æ,0181,0005,47920,25031,1,«—Ω≈∞°µÁ∏«º«,3,31,47920-10,58.78,,181-5,47920,1,,
0,"8,900",,1997,2012,≤…µø≥◊±Ê,00025,00000,47920,01,0,4772060,∫¿»≠¿æ ≥ªº∫∏Æ,0419,0007,47920,25031,1,∏Ìº∫¿Âø¯,4,27,47920-6,59.73,,419-7,47920,13,,
1,"4,500",,1991,2012,√·æÁ∑Œ,00225,00011,47920,01,0,3324022,√·æÁ∏È ¿«æÁ∏Æ,0197,0012,47920,34021,1,∞≠∫Ø,4,17,47920-11,60.32,,197-12,47920,5,,
0,"7,900",,2003,2012,±≥√Ã1±Ê,00002,00001,47920,01,0,4772040,∫¿»≠¿æ ≥ªº∫∏Æ,0490,0004,47920,25031,1,≈È≈ÿΩ√∆º∆ƒ≈©,5,3,47920-12,59.97,,490-4,47920,9,,
1,"5,100",,1995,2012,∞≈√Ã∑Œ,00053,00000,47920,01,0,3324001,∫¿»≠¿æ ≥ªº∫∏Æ,0334,0000,47920,25031,1,∞°µÁ∏Ò»≠,5,7,47920-1,59.84,,334,47920,6,,
2,"4,500",,1995,2012,øπ∫¿∑Œ,02124,00000,47920,01,0,3307049,∫¿»≠¿æ ≥ªº∫∏Æ,0468,0000,47920,25031,1,∏Ìº∫,5,18,47920-5,59.79,,468,47920,4,,
3,"5,400",,1992,2012,±≥√Ã2±Ê,00005,00000,47920,01,0,4772041,∫¿»≠¿æ ≥ªº∫∏Æ,0181,0005,47920,25031,1,«—Ω≈∞°µÁ∏«º«,5,25,47920-10,58.78,,181-5,47920,1,,
0,"3,800",,1994,2012,±≥√Ã2±Ê,00003,00000,47920,01,0,4772041,∫¿»≠¿æ ≥ªº∫∏Æ,0184,0005,47920,25031,1,∑Œæ‚3¬˜,6,5,47920-3,59.37,,184-5,47920,6,,
1,"6,000",,1992,2012,±≥√Ã±Ê,00059,00000,47920,01,0,4772042,∫¿»≠¿æ ≥ªº∫∏Æ,0188,0009,47920,25031,1,∑Œæ‚∏«º«,6,22,47920-4,84.47,,188-9,47920,4,,
0,"5,500",,1994,2012,±≥√Ã2±Ê,00003,00000,47920,01,0,4772041,∫¿»≠¿æ ≥ªº∫∏Æ,0184,0005,47920,25031,1,∑Œæ‚3¬˜,7,10,47920-3,59.37,,184-5,47920,1,,
0,"6,050",,1995,2012,∞≈√Ã∑Œ,00053,00000,47920,01,0,3324001,∫¿»≠¿æ ≥ªº∫∏Æ,0334,0000,47920,25031,1,∞°µÁ∏Ò»≠,9,3,47920-1,59.84,,334,47920,3,,
1,"11,000",,2003,2012,±≥√Ã1±Ê,00002,00001,47920,01,0,4772040,∫¿»≠¿æ ≥ªº∫∏Æ,0490,0004,47920,25031,1,≈È≈ÿΩ√∆º∆ƒ≈©,9,4,47920-12,84.98,,490-4,47920,6,,
2,"3,900",,1995,2012,øπ∫¿∑Œ,02124,00000,47920,01,0,3307049,∫¿»≠¿æ ≥ªº∫∏Æ,0468,0000,47920,25031,1,∏Ìº∫,9,8,47920-5,52.35,,468,47920,4,,
3,"8,200",,2001,2012,±≥√Ã±Ê,00062,00000,47920,01,0,4772042,∫¿»≠¿æ ≥ªº∫∏Æ,0186,0000,47920,25031,1,∏Ìº∫«—∫˚,9,10,47920-15,59.9642,,186,47920,3,,
4,"6,000",,1992,2012,±≥√Ã2±Ê,00005,00000,47920,01,0,4772041,∫¿»≠¿æ ≥ªº∫∏Æ,0181,0005,47920,25031,1,«—Ω≈∞°µÁ∏«º«,9,14,47920-10,84.82,,181-5,47920,5,,
5,"6,200",,1992,2012,±≥√Ã±Ê,00059,00000,47920,01,0,4772042,∫¿»≠¿æ ≥ªº∫∏Æ,0188,0009,47920,25031,1,∑Œæ‚∏«º«,9,24,47920-4,84.47,,188-9,47920,5,,
0,"4,100",,1995,2012,øπ∫¿∑Œ,02124,00000,47920,01,0,3307049,∫¿»≠¿æ ≥ªº∫∏Æ,0468,0000,47920,25031,1,∏Ìº∫,10,5,47920-5,52.35,,468,47920,4,,
1,"3,000",,1993,2012,∞≈√Ã∑Œ,00047,00002,47920,01,0,3324001,∫¿»≠¿æ ≥ªº∫∏Æ,0332,0002,47920,25031,1,π›º€¡÷≈√,10,19,47920-7,49.05,,332-2,47920,3,,
2,"7,700",,2001,2012,±≥√Ã±Ê,00062,00000,47920,01,0,4772042,∫¿»≠¿æ ≥ªº∫∏Æ,0186,0000,47920,25031,1,∏Ìº∫«—∫˚,10,22,47920-15,59.9642,,186,47920,4,,
3,"6,400",,1994,2012,±≥√Ã2±Ê,00003,00000,47920,01,0,4772041,∫¿»≠¿æ ≥ªº∫∏Æ,0184,0005,47920,25031,1,∑Œæ‚3¬˜,10,24,47920-3,59.37,,184-5,47920,3,,
4,"3,800",,1995,2012,øπ∫¿∑Œ,02124,00000,47920,01,0,3307049,∫¿»≠¿æ ≥ªº∫∏Æ,0468,0000,47920,25031,1,∏Ìº∫,10,31,47920-5,52.35,,468,47920,5,,
0,"4,000",,1994,2012,±≥√Ã2±Ê,00003,00000,47920,01,0,4772041,∫¿»≠¿æ ≥ªº∫∏Æ,0184,0005,47920,25031,1,∑Œæ‚3¬˜,11,1,47920-3,59.37,,184-5,47920,4,,
1,"5,500",,1992,2012,±≥√Ã2±Ê,00005,00000,47920,01,0,4772041,∫¿»≠¿æ ≥ªº∫∏Æ,0181,0005,47920,25031,1,«—Ω≈∞°µÁ∏«º«,11,2,47920-10,58.78,,181-5,47920,5,,
2,"4,000",,1992,2012,±≥√Ã±Ê,00041,00000,47920,01,0,4772042,∫¿»≠¿æ ≥ªº∫∏Æ,0448,0000,47920,25031,1,"ªÔøµ(C,Dµø)",11,23,47920-8,58.94,,448,47920,2,,
3,"14,800",,2011,2012,±≥√Ã±Ê,00027,00000,47920,01,0,4772042,∫¿»≠¿æ ≥ªº∫∏Æ,0466,0001,47920,25031,1,∏æ∆ºæ≈“Ω∫≈∏,11,23,47920-54,84.8597,,466-1,47920,6,,
4,"5,500",,1995,2012,∞≈√Ã∑Œ,00053,00000,47920,01,0,3324001,∫¿»≠¿æ ≥ªº∫∏Æ,0334,0000,47920,25031,1,∞°µÁ∏Ò»≠,11,29,47920-1,59.84,,334,47920,4,,
5,"8,000",,1992,2012,±≥√Ã2±Ê,00005,00000,47920,01,0,4772041,∫¿»≠¿æ ≥ªº∫∏Æ,0181,0005,47920,25031,1,«—Ω≈∞°µÁ∏«º«,11,30,47920-10,74.07,,181-5,47920,3,,
0,"8,600",,2001,2012,±≥√Ã±Ê,00062,00000,47920,01,0,4772042,∫¿»≠¿æ ≥ªº∫∏Æ,0186,0000,47920,25031,1,∏Ìº∫«—∫˚,12,14,47920-15,59.9642,,186,47920,2,,
1,"13,800",,2012,2012,øπ∫¿∑Œ,02124,00001,47920,01,0,3307049,∫¿»≠¿æ ≥ªº∫∏Æ,0466,0000,47920,25031,1,±€∑Œπ˙Ω√∆º3,12,18,47920-61,58.181,,466,47920,6,,
2,"13,110",,2012,2012,øπ∫¿∑Œ,02124,00002,47920,01,0,3307049,∫¿»≠¿æ ≥ªº∫∏Æ,0466,0006,47920,25031,1,±€∑Œπ˙Ω√∆º2,12,28,47920-62,58.181,,466-6,47920,1,,
0,"13,800",,2012,2013,øπ∫¿∑Œ,02124,00002,47920,01,0,3307049,∫¿»≠¿æ ≥ªº∫∏Æ,0466,0006,47920,25031,1,±€∑Œπ˙Ω√∆º2,1,14,47920-62,58.181,,466-6,47920,8,,
0,"5,350",,1992,2013,±≥√Ã2±Ê,00005,00000,47920,01,0,4772041,∫¿»≠¿æ ≥ªº∫∏Æ,0181,0005,47920,25031,1,«—Ω≈∞°µÁ∏«º«,2,1,47920-10,58.78,,181-5,47920,4,,
1,"13,800",,2012,2013,øπ∫¿∑Œ,02124,00001,47920,01,0,3307049,∫¿»≠¿æ ≥ªº∫∏Æ,0466,0000,47920,25031,1,±€∑Œπ˙Ω√∆º3,2,4,47920-61,58.181,,466,47920,2,,
2,"6,500",,1992,2013,±≥√Ã±Ê,00041,00000,47920,01,0,4772042,∫¿»≠¿æ ≥ªº∫∏Æ,0448,0000,47920,25031,1,"ªÔøµ(C,Dµø)",2,15,47920-8,58.94,,448,47920,4,,
0,"8,500",,2001,2013,±≥√Ã±Ê,00062,00000,47920,01,0,4772042,∫¿»≠¿æ ≥ªº∫∏Æ,0186,0000,47920,25031,1,∏Ìº∫«—∫˚,3,4,47920-15,59.9642,,186,47920,2,,
1,"4,500",,1995,2013,∞≈√Ã∑Œ,00053,00000,47920,01,0,3324001,∫¿»≠¿æ ≥ªº∫∏Æ,0334,0000,47920,25031,1,∞°µÁ∏Ò»≠,3,15,47920-1,59.84,,334,47920,2,,
0,"5,400",,1992,2013,±≥√Ã±Ê,00041,00000,47920,01,0,4772042,∫¿»≠¿æ ≥ªº∫∏Æ,0448,0000,47920,25031,1,"ªÔøµ(C,Dµø)",4,3,47920-8,58.94,,448,47920,1,,
1,"4,900",,1995,2013,∞≈√Ã∑Œ,00053,00000,47920,01,0,3324001,∫¿»≠¿æ ≥ªº∫∏Æ,0334,0000,47920,25031,1,∞°µÁ∏Ò»≠,4,6,47920-1,59.84,,334,47920,4,,
2,"6,200",,1992,2013,±≥√Ã±Ê,00059,00000,47920,01,0,4772042,∫¿»≠¿æ ≥ªº∫∏Æ,0188,0009,47920,25031,1,∑Œæ‚∏«º«,4,8,47920-4,84.47,,188-9,47920,5,,
3,"7,500",,1992,2013,±≥√Ã±Ê,00041,00000,47920,01,0,4772042,∫¿»≠¿æ ≥ªº∫∏Æ,0448,0000,47920,25031,1,"ªÔøµ(C,Dµø)",4,12,47920-8,84.84,,448,47920,2,,
4,"8,100",,2001,2013,±≥√Ã±Ê,00062,00000,47920,01,0,4772042,∫¿»≠¿æ ≥ªº∫∏Æ,0186,0000,47920,25031,1,∏Ìº∫«—∫˚,4,15,47920-15,59.9642,,186,47920,3,,
5,"5,800",,2001,2013,±≥√Ã±Ê,00062,00000,47920,01,0,4772042,∫¿»≠¿æ ≥ªº∫∏Æ,0186,0000,47920,25031,1,∏Ìº∫«—∫˚,4,22,47920-15,59.9642,,186,47920,6,,
0,"15,900",,2011,2013,±≥√Ã±Ê,00027,00002,47920,01,0,4772042,∫¿»≠¿æ ≥ªº∫∏Æ,0466,0003,47920,25031,1,∏æ∆±€∑Œπ˙Ω√∆º,5,2,47920-56,84.8597,,466-3,47920,1,,
1,"5,600",,1994,2013,±≥√Ã2±Ê,00003,00000,47920,01,0,4772041,∫¿»≠¿æ ≥ªº∫∏Æ,0184,0005,47920,25031,1,∑Œæ‚3¬˜,5,3,47920-3,59.37,,184-5,47920,3,,
2,"7,000",,2001,2013,±≥√Ã±Ê,00062,00000,47920,01,0,4772042,∫¿»≠¿æ ≥ªº∫∏Æ,0186,0000,47920,25031,1,∏Ìº∫«—∫˚,5,15,47920-15,59.9642,,186,47920,6,,
3,"4,200",,1993,2013,≤…µø≥◊±Ê,00019,00014,47920,01,0,4772060,∫¿»≠¿æ ≥ªº∫∏Æ,0419,0033,47920,25031,1,µø∏Ì,5,22,47920-2,84.22,,419-33,47920,1,,
0,"5,500",,1995,2013,∞≈√Ã∑Œ,00053,00000,47920,01,0,3324001,∫¿»≠¿æ ≥ªº∫∏Æ,0334,0000,47920,25031,1,∞°µÁ∏Ò»≠,6,1,47920-1,84.64,,334,47920,6,,
1,"4,980",,1995,2013,øπ∫¿∑Œ,02124,00000,47920,01,0,3307049,∫¿»≠¿æ ≥ªº∫∏Æ,0468,0000,47920,25031,1,∏Ìº∫,6,26,47920-5,52.35,,468,47920,2,,
2,"4,500",,1993,2013,∞≈√Ã∑Œ,00047,00002,47920,01,0,3324001,∫¿»≠¿æ ≥ªº∫∏Æ,0332,0002,47920,25031,1,π›º€¡÷≈√,6,27,47920-7,49.05,,332-2,47920,4,,
0,"6,800",,1994,2013,±≥√Ã2±Ê,00003,00000,47920,01,0,4772041,∫¿»≠¿æ ≥ªº∫∏Æ,0184,0005,47920,25031,1,∑Œæ‚3¬˜,7,8,47920-3,65.82,,184-5,47920,1,,
1,"8,100",,1992,2013,±≥√Ã±Ê,00041,00000,47920,01,0,4772042,∫¿»≠¿æ ≥ªº∫∏Æ,0448,0000,47920,25031,1,"ªÔøµ(C,Dµø)",7,24,47920-8,84.84,,448,47920,5,,
2,"4,500",,1995,2013,øπ∫¿∑Œ,02124,00000,47920,01,0,3307049,∫¿»≠¿æ ≥ªº∫∏Æ,0468,0000,47920,25031,1,∏Ìº∫,7,25,47920-5,52.35,,468,47920,5,,
3,"4,600",,1995,2013,øπ∫¿∑Œ,02124,00000,47920,01,0,3307049,∫¿»≠¿æ ≥ªº∫∏Æ,0468,0000,47920,25031,1,∏Ìº∫,7,26,47920-5,52.35,,468,47920,5,,
0,"6,000",,1993,2013,≤…µø≥◊±Ê,00019,00014,47920,01,0,4772060,∫¿»≠¿æ ≥ªº∫∏Æ,0419,0033,47920,25031,1,µø∏Ì,8,2,47920-2,84.22,,419-33,47920,2,,
1,"5,000",,1995,2013,øπ∫¿∑Œ,02124,00000,47920,01,0,3307049,∫¿»≠¿æ ≥ªº∫∏Æ,0468,0000,47920,25031,1,∏Ìº∫,8,6,47920-5,52.35,,468,47920,2,,
2,"4,800",,1995,2013,∞≈√Ã∑Œ,00053,00000,47920,01,0,3324001,∫¿»≠¿æ ≥ªº∫∏Æ,0334,0000,47920,25031,1,∞°µÁ∏Ò»≠,8,23,47920-1,59.84,,334,47920,6,,
0,"7,500",,2001,2013,±≥√Ã±Ê,00062,00000,47920,01,0,4772042,∫¿»≠¿æ ≥ªº∫∏Æ,0186,0000,47920,25031,1,∏Ìº∫«—∫˚,10,18,47920-15,59.9642,,186,47920,5,,
1,"6,350",,1993,2013,≤…µø≥◊±Ê,00019,00014,47920,01,0,4772060,∫¿»≠¿æ ≥ªº∫∏Æ,0419,0033,47920,25031,1,µø∏Ì,10,19,47920-2,84.22,,419-33,47920,5,,
0,"16,300",,2011,2013,±≥√Ã±Ê,00027,00001,47920,01,0,4772042,∫¿»≠¿æ ≥ªº∫∏Æ,0466,0002,47920,25031,1,∏æ∆¿ŒæÿΩ√∆º,11,6,47920-55,84.8597,,466-2,47920,2,,
1,"4,800",,1993,2013,∞≈√Ã∑Œ,00047,00002,47920,01,0,3324001,∫¿»≠¿æ ≥ªº∫∏Æ,0332,0002,47920,25031,1,π›º€¡÷≈√,11,12,47920-7,58.84,,332-2,47920,4,,
2,"17,500",,2003,2013,±≥√Ã1±Ê,00002,00001,47920,01,0,4772040,∫¿»≠¿æ ≥ªº∫∏Æ,0490,0004,47920,25031,1,≈È≈ÿΩ√∆º∆ƒ≈©,11,14,47920-12,112.97,,490-4,47920,8,,
3,"4,950",,1995,2013,øπ∫¿∑Œ,02124,00000,47920,01,0,3307049,∫¿»≠¿æ ≥ªº∫∏Æ,0468,0000,47920,25031,1,∏Ìº∫,11,19,47920-5,59.79,,468,47920,6,,
4,"8,000",,2001,2013,±≥√Ã±Ê,00062,00000,47920,01,0,4772042,∫¿»≠¿æ ≥ªº∫∏Æ,0186,0000,47920,25031,1,∏Ìº∫«—∫˚,11,21,47920-15,59.9642,,186,47920,6,,
0,"16,900",,2013,2013,∫∏πÿ±Ê,00032,00000,47920,01,0,4772160,∫¿»≠¿æ ≥ªº∫∏Æ,0376,0001,47920,25031,1,∏Ìº∫ºæΩ√∫Ù2¬˜,12,1,47920-63,84.9829,,376-1,47920,3,,
1,"12,700",,2003,2013,±≥√Ã1±Ê,00002,00001,47920,01,0,4772040,∫¿»≠¿æ ≥ªº∫∏Æ,0490,0004,47920,25031,1,≈È≈ÿΩ√∆º∆ƒ≈©,12,2,47920-12,84.98,,490-4,47920,10,,
2,"8,450",,1997,2013,≤…µø≥◊±Ê,00025,00000,47920,01,0,4772060,∫¿»≠¿æ ≥ªº∫∏Æ,0419,0007,47920,25031,1,∏Ìº∫¿Âø¯,12,6,47920-6,59.73,,419-7,47920,8,,
3,"8,100",,2003,2013,±≥√Ã1±Ê,00002,00001,47920,01,0,4772040,∫¿»≠¿æ ≥ªº∫∏Æ,0490,0004,47920,25031,1,≈È≈ÿΩ√∆º∆ƒ≈©,12,7,47920-12,59.97,,490-4,47920,4,,
4,"7,900",,2001,2013,±≥√Ã±Ê,00062,00000,47920,01,0,4772042,∫¿»≠¿æ ≥ªº∫∏Æ,0186,0000,47920,25031,1,∏Ìº∫«—∫˚,12,17,47920-15,59.9642,,186,47920,4,,
5,"7,990",,1997,2013,≤…µø≥◊±Ê,00023,00000,47920,00,0,4772060,∫¿»≠¿æ ≥ªº∫∏Æ,0419,0007,47920,25031,1,∏Ìº∫¿Âø¯,12,21,47920-6,59.73,,419-7,47920,6,,
6,"4,700",,1993,2013,∞≈√Ã∑Œ,00047,00002,47920,01,0,3324001,∫¿»≠¿æ ≥ªº∫∏Æ,0332,0002,47920,25031,1,π›º€¡÷≈√,12,31,47920-7,58.84,,332-2,47920,2,,
7,"5,300",,1991,2013,√·æÁ∑Œ,00225,00011,47920,01,0,3324022,√·æÁ∏È ¿«æÁ∏Æ,0197,0012,47920,34021,1,∞≠∫Ø,12,24,47920-11,60.32,,197-12,47920,3,,
8,"4,500",,1991,2013,√·æÁ∑Œ,00225,00011,47920,01,0,3324022,√·æÁ∏È ¿«æÁ∏Æ,0197,0012,47920,34021,1,∞≠∫Ø,12,30,47920-11,54.74,,197-12,47920,1,,
0,"6,000",,1997,2014,≥ªº∫∑Œ3±Ê,00018,00001,47920,01,0,4772069,∫¿»≠¿æ ≥ªº∫∏Æ,0192,0004,47920,25031,1,ºº«ˆ,1,13,47920-9,59.02,,192-4,47920,2,,
1,"7,650",,2001,2014,±≥√Ã±Ê,00062,00000,47920,01,0,4772042,∫¿»≠¿æ ≥ªº∫∏Æ,0186,0000,47920,25031,1,∏Ìº∫«—∫˚,1,13,47920-15,59.9642,,186,47920,1,,
2,"6,000",,1992,2014,±≥√Ã2±Ê,00005,00000,47920,01,0,4772041,∫¿»≠¿æ ≥ªº∫∏Æ,0181,0005,47920,25031,1,«—Ω≈∞°µÁ∏«º«,1,17,47920-10,58.78,,181-5,47920,2,,
3,"5,000",,1995,2014,øπ∫¿∑Œ,02124,00000,47920,01,0,3307049,∫¿»≠¿æ ≥ªº∫∏Æ,0468,0000,47920,25031,1,∏Ìº∫,1,28,47920-5,52.35,,468,47920,3,,
4,"11,400",,2003,2014,±≥√Ã1±Ê,00002,00000,47920,00,0,4772040,∫¿»≠¿æ ≥ªº∫∏Æ,0490,0004,47920,25031,1,≈È≈ÿΩ√∆º∆ƒ≈©,1,29,47920-12,84.98,,490-4,47920,1,,
5,"5,750",,1991,2014,√·æÁ∑Œ,00225,00011,47920,01,0,3324022,√·æÁ∏È ¿«æÁ∏Æ,0197,0012,47920,34021,1,∞≠∫Ø,1,14,47920-11,60.32,,197-12,47920,3,,
0,"7,200",,2001,2014,±≥√Ã±Ê,00064,00000,47920,00,0,4772042,∫¿»≠¿æ ≥ªº∫∏Æ,0186,0000,47920,25031,1,∏Ìº∫«—∫˚,3,3,47920-15,59.9642,,186,47920,5,,
1,"5,000",,1992,2014,±≥√Ã2±Ê,00005,00000,47920,01,0,4772041,∫¿»≠¿æ ≥ªº∫∏Æ,0181,0005,47920,25031,1,«—Ω≈∞°µÁ∏«º«,3,5,47920-10,84.82,,181-5,47920,5,,
2,"17,600",,2011,2014,±≥√Ã±Ê,00011,00000,47920,01,0,4772042,∫¿»≠¿æ ≥ªº∫∏Æ,0463,0001,47920,25031,1,∏Ìº∫ºæΩ√∫Ù,3,8,47920-57,74.21,,463-1,47920,8,,
3,"14,800",,2012,2014,øπ∫¿∑Œ,02124,00002,47920,01,0,3307049,∫¿»≠¿æ ≥ªº∫∏Æ,0466,0006,47920,25031,1,±€∑Œπ˙Ω√∆º2,3,10,47920-62,58.181,,466-6,47920,6,,
4,"8,000",,1992,2014,±≥√Ã±Ê,00041,00000,47920,01,0,4772042,∫¿»≠¿æ ≥ªº∫∏Æ,0448,0000,47920,25031,1,"ªÔøµ(C,Dµø)",3,17,47920-8,84.84,,448,47920,1,,
5,"8,700",,1995,2014,∞≈√Ã∑Œ,00053,00000,47920,01,0,3324001,∫¿»≠¿æ ≥ªº∫∏Æ,0334,0000,47920,25031,1,∞°µÁ∏Ò»≠,3,22,47920-1,84.64,,334,47920,3,,
6,"7,800",,1995,2014,∞≈√Ã∑Œ,00055,00000,47920,00,0,3324001,∫¿»≠¿æ ≥ªº∫∏Æ,0334,0000,47920,25031,1,∞°µÁ∏Ò»≠,3,27,47920-1,84.64,,334,47920,1,,
0,"7,900",,2001,2014,±≥√Ã±Ê,00062,00000,47920,01,0,4772042,∫¿»≠¿æ ≥ªº∫∏Æ,0186,0000,47920,25031,1,∏Ìº∫«—∫˚,4,30,47920-15,59.9642,,186,47920,4,,
1,"4,000",,1991,2014,√·æÁ∑Œ,00225,00011,47920,01,0,3324022,√·æÁ∏È ¿«æÁ∏Æ,0197,0012,47920,34021,1,∞≠∫Ø,4,2,47920-11,54.74,,197-12,47920,4,,
0,"3,200",,1993,2014,∞≈√Ã∑Œ,00047,00002,47920,01,0,3324001,∫¿»≠¿æ ≥ªº∫∏Æ,0332,0002,47920,25031,1,π›º€¡÷≈√,5,2,47920-7,58.84,,332-2,47920,3,,
1,"7,300",,2001,2014,±≥√Ã±Ê,00062,00000,47920,01,0,4772042,∫¿»≠¿æ ≥ªº∫∏Æ,0186,0000,47920,25031,1,∏Ìº∫«—∫˚,5,8,47920-15,59.9642,,186,47920,6,,
0,"4,000",,1995,2014,∞≈√Ã∑Œ,00053,00000,47920,01,0,3324001,∫¿»≠¿æ ≥ªº∫∏Æ,0334,0000,47920,25031,1,∞°µÁ∏Ò»≠,6,5,47920-1,59.84,,334,47920,3,,
1,"7,400",,2001,2014,±≥√Ã±Ê,00062,00000,47920,01,0,4772042,∫¿»≠¿æ ≥ªº∫∏Æ,0186,0000,47920,25031,1,∏Ìº∫«—∫˚,6,9,47920-15,59.9642,,186,47920,6,,
2,"5,350",,1995,2014,∞≈√Ã∑Œ,00053,00000,47920,01,0,3324001,∫¿»≠¿æ ≥ªº∫∏Æ,0334,0000,47920,25031,1,∞°µÁ∏Ò»≠,6,11,47920-1,59.84,,334,47920,4,,
3,"16,700",,2011,2014,±≥√Ã±Ê,00027,00002,47920,01,0,4772042,∫¿»≠¿æ ≥ªº∫∏Æ,0466,0003,47920,25031,1,∏æ∆±€∑Œπ˙Ω√∆º,6,14,47920-56,84.8597,,466-3,47920,1,,
4,"4,600",,1993,2014,∞≈√Ã∑Œ,00047,00002,47920,01,0,3324001,∫¿»≠¿æ ≥ªº∫∏Æ,0332,0002,47920,25031,1,π›º€¡÷≈√,6,18,47920-7,58.84,,332-2,47920,1,,
5,"3,000",,1993,2014,∞≈√Ã∑Œ,00047,00002,47920,01,0,3324001,∫¿»≠¿æ ≥ªº∫∏Æ,0332,0002,47920,25031,1,π›º€¡÷≈√,6,18,47920-7,58.84,,332-2,47920,1,,
6,"11,000",,2003,2014,±≥√Ã1±Ê,00002,00001,47920,01,0,4772040,∫¿»≠¿æ ≥ªº∫∏Æ,0490,0004,47920,25031,1,≈È≈ÿΩ√∆º∆ƒ≈©,6,26,47920-12,112.97,,490-4,47920,1,,
7,"4,400",,1991,2014,√·æÁ∑Œ,00225,00011,47920,01,0,3324022,√·æÁ∏È ¿«æÁ∏Æ,0197,0012,47920,34021,1,∞≠∫Ø,6,27,47920-11,60.32,,197-12,47920,5,,
0,"5,000",,1993,2014,≤…µø≥◊±Ê,00019,00014,47920,01,0,4772060,∫¿»≠¿æ ≥ªº∫∏Æ,0419,0033,47920,25031,1,µø∏Ì,7,1,47920-2,59.23,,419-33,47920,4,,
1,"15,500",,2011,2014,±≥√Ã±Ê,00027,00000,47920,01,0,4772042,∫¿»≠¿æ ≥ªº∫∏Æ,0466,0001,47920,25031,1,∏æ∆ºæ≈“Ω∫≈∏,7,4,47920-54,84.8597,,466-1,47920,1,,
2,"4,000",,1993,2014,∞≈√Ã∑Œ,00047,00002,47920,01,0,3324001,∫¿»≠¿æ ≥ªº∫∏Æ,0332,0002,47920,25031,1,π›º€¡÷≈√,7,15,47920-7,49.05,,332-2,47920,1,,
3,"10,400",,1997,2014,≤…µø≥◊±Ê,00025,00000,47920,01,0,4772060,∫¿»≠¿æ ≥ªº∫∏Æ,0419,0007,47920,25031,1,∏Ìº∫¿Âø¯,7,16,47920-6,75.76,,419-7,47920,11,,
4,"3,900",,1991,2014,√·æÁ∑Œ,00225,00011,47920,01,0,3324022,√·æÁ∏È ¿«æÁ∏Æ,0197,0012,47920,34021,1,∞≠∫Ø,7,24,47920-11,60.32,,197-12,47920,5,,
0,"5,700",,1994,2014,±≥√Ã2±Ê,00003,00000,47920,01,0,4772041,∫¿»≠¿æ ≥ªº∫∏Æ,0184,0005,47920,25031,1,∑Œæ‚3¬˜,8,1,47920-3,59.37,,184-5,47920,5,,
1,"3,000",,1993,2014,∞≈√Ã∑Œ,00047,00002,47920,01,0,3324001,∫¿»≠¿æ ≥ªº∫∏Æ,0332,0002,47920,25031,1,π›º€¡÷≈√,8,26,47920-7,58.84,,332-2,47920,5,,
0,"8,400",,1997,2014,≤…µø≥◊±Ê,00025,00000,47920,01,0,4772060,∫¿»≠¿æ ≥ªº∫∏Æ,0419,0007,47920,25031,1,∏Ìº∫¿Âø¯,9,16,47920-6,59.73,,419-7,47920,7,,
1,"18,700",,2011,2014,±≥√Ã±Ê,00027,00000,47920,01,0,4772042,∫¿»≠¿æ ≥ªº∫∏Æ,0466,0001,47920,25031,1,∏æ∆ºæ≈“Ω∫≈∏,9,23,47920-54,84.8597,,466-1,47920,4,,
0,"5,000",,1992,2014,±≥√Ã2±Ê,00005,00000,47920,01,0,4772041,∫¿»≠¿æ ≥ªº∫∏Æ,0181,0005,47920,25031,1,«—Ω≈∞°µÁ∏«º«,10,13,47920-10,58.78,,181-5,47920,5,,
0,"4,450",,1993,2014,∞≈√Ã∑Œ,00047,00002,47920,01,0,3324001,∫¿»≠¿æ ≥ªº∫∏Æ,0332,0002,47920,25031,1,π›º€¡÷≈√,11,6,47920-7,58.84,,332-2,47920,3,,
1,"15,000",,2003,2014,±≥√Ã1±Ê,00002,00000,47920,00,0,4772040,∫¿»≠¿æ ≥ªº∫∏Æ,0490,0004,47920,25031,1,≈È≈ÿΩ√∆º∆ƒ≈©,11,7,47920-12,84.98,,490-4,47920,6,,
2,"3,500",,1993,2014,∞≈√Ã∑Œ,00047,00002,47920,01,0,3324001,∫¿»≠¿æ ≥ªº∫∏Æ,0332,0002,47920,25031,1,π›º€¡÷≈√,11,10,47920-7,49.05,,332-2,47920,2,,
3,"6,500",,1992,2014,±≥√Ã±Ê,00041,00000,47920,01,0,4772042,∫¿»≠¿æ ≥ªº∫∏Æ,0448,0000,47920,25031,1,"ªÔøµ(C,Dµø)",11,12,47920-8,84.84,,448,47920,4,,
4,"4,830",,1995,2014,øπ∫¿∑Œ,02124,00000,47920,01,0,3307049,∫¿»≠¿æ ≥ªº∫∏Æ,0468,0000,47920,25031,1,∏Ìº∫,11,16,47920-5,52.35,,468,47920,4,,
5,"5,000",,1995,2014,∞≈√Ã∑Œ,00053,00000,47920,01,0,3324001,∫¿»≠¿æ ≥ªº∫∏Æ,0334,0000,47920,25031,1,∞°µÁ∏Ò»≠,11,28,47920-1,59.84,,334,47920,5,,
0,"3,800",,1995,2014,øπ∫¿∑Œ,02124,00000,47920,01,0,3307049,∫¿»≠¿æ ≥ªº∫∏Æ,0468,0000,47920,25031,1,∏Ìº∫,12,15,47920-5,52.35,,468,47920,6,,
1,"3,300",,1993,2014,∞≈√Ã∑Œ,00047,00002,47920,01,0,3324001,∫¿»≠¿æ ≥ªº∫∏Æ,0332,0002,47920,25031,1,π›º€¡÷≈√,12,15,47920-7,58.84,,332-2,47920,5,,
2,"5,800",,1995,2014,∞≈√Ã∑Œ,00053,00000,47920,01,0,3324001,∫¿»≠¿æ ≥ªº∫∏Æ,0334,0000,47920,25031,1,∞°µÁ∏Ò»≠,12,22,47920-1,59.84,,334,47920,1,,
3,"5,300",,1994,2014,±≥√Ã2±Ê,00003,00000,47920,01,0,4772041,∫¿»≠¿æ ≥ªº∫∏Æ,0184,0005,47920,25031,1,∑Œæ‚3¬˜,12,23,47920-3,59.37,,184-5,47920,1,,
4,"5,500",,1992,2014,±≥√Ã2±Ê,00005,00000,47920,01,0,4772041,∫¿»≠¿æ ≥ªº∫∏Æ,0181,0005,47920,25031,1,«—Ω≈∞°µÁ∏«º«,12,29,47920-10,84.82,,181-5,47920,1,,
0,"14,000",,2012,2015,øπ∫¿∑Œ,02124,00001,47920,01,0,3307049,∫¿»≠¿æ ≥ªº∫∏Æ,0466,0000,47920,25031,1,±€∑Œπ˙Ω√∆º3,1,6,47920-61,58.181,,466,47920,1,,
1,"5,750",,1994,2015,±≥√Ã2±Ê,00003,00000,47920,01,0,4772041,∫¿»≠¿æ ≥ªº∫∏Æ,0184,0005,47920,25031,1,∑Œæ‚3¬˜,1,10,47920-3,59.37,,184-5,47920,5,,
2,"7,300",,2001,2015,±≥√Ã±Ê,00062,00000,47920,01,0,4772042,∫¿»≠¿æ ≥ªº∫∏Æ,0186,0000,47920,25031,1,∏Ìº∫«—∫˚,1,13,47920-15,59.9642,,186,47920,1,,
3,"6,000",,1995,2015,∞≈√Ã∑Œ,00053,00000,47920,01,0,3324001,∫¿»≠¿æ ≥ªº∫∏Æ,0334,0000,47920,25031,1,∞°µÁ∏Ò»≠,1,22,47920-1,59.84,,334,47920,2,,
4,"5,900",,1992,2015,±≥√Ã2±Ê,00005,00000,47920,01,0,4772041,∫¿»≠¿æ ≥ªº∫∏Æ,0181,0005,47920,25031,1,«—Ω≈∞°µÁ∏«º«,1,29,47920-10,58.78,,181-5,47920,1,,
5,"16,900",,2011,2015,±≥√Ã±Ê,00027,00001,47920,01,0,4772042,∫¿»≠¿æ ≥ªº∫∏Æ,0466,0002,47920,25031,1,∏æ∆¿ŒæÿΩ√∆º,1,30,47920-55,84.8597,,466-2,47920,1,,
0,"14,600",,2012,2015,øπ∫¿∑Œ,02124,00002,47920,01,0,3307049,∫¿»≠¿æ ≥ªº∫∏Æ,0466,0006,47920,25031,1,±€∑Œπ˙Ω√∆º2,2,11,47920-62,58.181,,466-6,47920,1,,
1,"17,700",,2011,2015,±≥√Ã±Ê,00011,00000,47920,01,0,4772042,∫¿»≠¿æ ≥ªº∫∏Æ,0463,0001,47920,25031,1,∏Ìº∫ºæΩ√∫Ù,2,18,47920-57,74.21,,463-1,47920,10,,
2,"5,500",,2003,2015,±≥√Ã1±Ê,00002,00001,47920,01,0,4772040,∫¿»≠¿æ ≥ªº∫∏Æ,0490,0004,47920,25031,1,≈È≈ÿΩ√∆º∆ƒ≈©,2,23,47920-12,84.98,,490-4,47920,2,,
3,"4,000",,1993,2015,∞≈√Ã∑Œ,00047,00002,47920,01,0,3324001,∫¿»≠¿æ ≥ªº∫∏Æ,0332,0002,47920,25031,1,π›º€¡÷≈√,2,27,47920-7,49.05,,332-2,47920,1,,
4,"3,800",,1991,2015,√·æÁ∑Œ,00225,00011,47920,01,0,3324022,√·æÁ∏È ¿«æÁ∏Æ,0197,0012,47920,34021,1,∞≠∫Ø,2,3,47920-11,54.74,,197-12,47920,5,,
5,"4,500",,1991,2015,√·æÁ∑Œ,00225,00011,47920,01,0,3324022,√·æÁ∏È ¿«æÁ∏Æ,0197,0012,47920,34021,1,∞≠∫Ø,2,7,47920-11,60.32,,197-12,47920,5,,
0,"5,500",,1995,2015,∞≈√Ã∑Œ,00053,00000,47920,01,0,3324001,∫¿»≠¿æ ≥ªº∫∏Æ,0334,0000,47920,25031,1,∞°µÁ∏Ò»≠,3,5,47920-1,59.84,,334,47920,5,,
1,"6,500",,1992,2015,±≥√Ã2±Ê,00005,00000,47920,01,0,4772041,∫¿»≠¿æ ≥ªº∫∏Æ,0181,0005,47920,25031,1,«—Ω≈∞°µÁ∏«º«,3,5,47920-10,58.78,,181-5,47920,3,,
2,"10,500",,1997,2015,≥ªº∫∑Œ3±Ê,00018,00001,47920,01,0,4772069,∫¿»≠¿æ ≥ªº∫∏Æ,0192,0004,47920,25031,1,ºº«ˆ,3,5,47920-9,84.01,,192-4,47920,5,,
3,"7,800",,1997,2015,≤…µø≥◊±Ê,00023,00000,47920,00,0,4772060,∫¿»≠¿æ ≥ªº∫∏Æ,0419,0007,47920,25031,1,∏Ìº∫¿Âø¯,3,13,47920-6,59.73,,419-7,47920,1,,
0,"5,850",,1992,2015,±≥√Ã2±Ê,00005,00000,47920,01,0,4772041,∫¿»≠¿æ ≥ªº∫∏Æ,0181,0005,47920,25031,1,«—Ω≈∞°µÁ∏«º«,4,4,47920-10,58.78,,181-5,47920,3,,
1,"5,000",,1994,2015,±≥√Ã2±Ê,00003,00000,47920,01,0,4772041,∫¿»≠¿æ ≥ªº∫∏Æ,0184,0005,47920,25031,1,∑Œæ‚3¬˜,4,20,47920-3,59.37,,184-5,47920,6,,
2,"3,700",,1995,2015,øπ∫¿∑Œ,02124,00000,47920,01,0,3307049,∫¿»≠¿æ ≥ªº∫∏Æ,0468,0000,47920,25031,1,∏Ìº∫,4,23,47920-5,52.35,,468,47920,6,,
3,"10,400",,2011,2015,±≥√Ã±Ê,00027,00002,47920,01,0,4772042,∫¿»≠¿æ ≥ªº∫∏Æ,0466,0003,47920,25031,1,∏æ∆±€∑Œπ˙Ω√∆º,4,30,47920-56,84.8597,,466-3,47920,5,,
4,"4,500",,1991,2015,√·æÁ∑Œ,00225,00011,47920,01,0,3324022,√·æÁ∏È ¿«æÁ∏Æ,0197,0012,47920,34021,1,∞≠∫Ø,4,15,47920-11,54.74,,197-12,47920,5,,
0,"14,200",,2015,2015,≥ªº∫√µ2±Ê,00069,00010,47920,00,0,4772077,∫¿»≠¿æ ≥ªº∫∏Æ,0236,0059,47920,25031,1,ªÔ¡§æ∆∆Æ∫Ù,5,7,47920-72,59.8515,,236-59,47920,3,,
1,"17,500",,2013,2015,∫∏πÿ±Ê,00032,00000,47920,01,0,4772160,∫¿»≠¿æ ≥ªº∫∏Æ,0376,0001,47920,25031,1,∏Ìº∫ºæΩ√∫Ù2¬˜,5,17,47920-63,84.9829,,376-1,47920,4,,
2,"5,000",,1995,2015,∞≈√Ã∑Œ,00053,00000,47920,01,0,3324001,∫¿»≠¿æ ≥ªº∫∏Æ,0334,0000,47920,25031,1,∞°µÁ∏Ò»≠,5,27,47920-1,59.84,,334,47920,1,,
3,"5,700",,1992,2015,±≥√Ã2±Ê,00005,00000,47920,01,0,4772041,∫¿»≠¿æ ≥ªº∫∏Æ,0181,0005,47920,25031,1,«—Ω≈∞°µÁ∏«º«,5,29,47920-10,58.78,,181-5,47920,1,,
0,"9,800",,1997,2015,≤…µø≥◊±Ê,00025,00000,47920,01,0,4772060,∫¿»≠¿æ ≥ªº∫∏Æ,0419,0007,47920,25031,1,∏Ìº∫¿Âø¯,6,1,47920-6,75.76,,419-7,47920,6,,
1,"5,500",,1994,2015,±≥√Ã2±Ê,00003,00000,47920,01,0,4772041,∫¿»≠¿æ ≥ªº∫∏Æ,0184,0005,47920,25031,1,∑Œæ‚3¬˜,6,11,47920-3,84.54,,184-5,47920,2,,
2,"14,800",,2011,2015,±≥√Ã±Ê,00011,00000,47920,01,0,4772042,∫¿»≠¿æ ≥ªº∫∏Æ,0463,0001,47920,25031,1,∏Ìº∫ºæΩ√∫Ù,6,18,47920-57,74.3971,,463-1,47920,1,,
3,"6,800",,1992,2015,±≥√Ã±Ê,00041,00000,47920,01,0,4772042,∫¿»≠¿æ ≥ªº∫∏Æ,0448,0000,47920,25031,1,"ªÔøµ(C,Dµø)",6,19,47920-8,58.94,,448,47920,3,,
4,"6,700",,1992,2015,±≥√Ã2±Ê,00005,00000,47920,01,0,4772041,∫¿»≠¿æ ≥ªº∫∏Æ,0181,0005,47920,25031,1,«—Ω≈∞°µÁ∏«º«,6,25,47920-10,84.82,,181-5,47920,5,,
5,"20,900",,2015,2015,∫∏πÿ±Ê,00024,00005,47920,01,0,4772160,∫¿»≠¿æ ≥ªº∫∏Æ,0376,0006,47920,25031,1,∏Ì∞°(376-1),6,26,47920-74,84.499,,376-6,47920,4,,
6,"20,900",,2015,2015,∫∏πÿ±Ê,00024,00005,47920,01,0,4772160,∫¿»≠¿æ ≥ªº∫∏Æ,0376,0006,47920,25031,1,∏Ì∞°(376-1),6,26,47920-74,84.499,,376-6,47920,8,,
7,"5,500",,1995,2015,∞≈√Ã∑Œ,00053,00000,47920,01,0,3324001,∫¿»≠¿æ ≥ªº∫∏Æ,0334,0000,47920,25031,1,∞°µÁ∏Ò»≠,6,30,47920-1,59.84,,334,47920,1,,
0,"15,500",,2015,2015,º÷æ»2±Ê,00010,00012,47920,01,0,4772234,∫¿»≠¿æ «ÿ¿˙∏Æ,0076,0002,47920,25026,1,ºæ∆Æ∑π∫Ù,7,27,47920-73,76.66,,76-2,47920,3,,
1,"20,900",,2015,2015,∫∏πÿ±Ê,00024,00005,47920,01,0,4772160,∫¿»≠¿æ ≥ªº∫∏Æ,0376,0006,47920,25031,1,∏Ì∞°(376-1),7,4,47920-74,84.499,,376-6,47920,8,,
2,"18,600",,2011,2015,±≥√Ã±Ê,00027,00000,47920,01,0,4772042,∫¿»≠¿æ ≥ªº∫∏Æ,0466,0001,47920,25031,1,∏æ∆ºæ≈“Ω∫≈∏,7,24,47920-54,84.8597,,466-1,47920,4,,
0,"5,950",,1992,2015,±≥√Ã2±Ê,00005,00000,47920,01,0,4772041,∫¿»≠¿æ ≥ªº∫∏Æ,0181,0005,47920,25031,1,«—Ω≈∞°µÁ∏«º«,8,20,47920-10,58.78,,181-5,47920,4,,
1,"16,200",,2012,2015,øπ∫¿∑Œ,02124,00002,47920,01,0,3307049,∫¿»≠¿æ ≥ªº∫∏Æ,0466,0006,47920,25031,1,±€∑Œπ˙Ω√∆º2,8,20,47920-62,58.181,,466-6,47920,9,,
2,"15,200",,2012,2015,øπ∫¿∑Œ,02124,00001,47920,01,0,3307049,∫¿»≠¿æ ≥ªº∫∏Æ,0466,0000,47920,25031,1,±€∑Œπ˙Ω√∆º3,8,20,47920-61,58.181,,466,47920,1,,
3,"18,350",,2013,2015,∫∏πÿ±Ê,00032,00000,47920,01,0,4772160,∫¿»≠¿æ ≥ªº∫∏Æ,0376,0001,47920,25031,1,∏Ìº∫ºæΩ√∫Ù2¬˜,8,21,47920-63,84.9829,,376-1,47920,8,,
4,"6,150",,1995,2015,∞≈√Ã∑Œ,00053,00000,47920,01,0,3324001,∫¿»≠¿æ ≥ªº∫∏Æ,0334,0000,47920,25031,1,∞°µÁ∏Ò»≠,8,26,47920-1,59.84,,334,47920,1,,
5,"5,100",,1995,2015,∞≈√Ã∑Œ,00053,00000,47920,01,0,3324001,∫¿»≠¿æ ≥ªº∫∏Æ,0334,0000,47920,25031,1,∞°µÁ∏Ò»≠,8,27,47920-1,59.84,,334,47920,4,,
6,"8,700",,1992,2015,±≥√Ã2±Ê,00005,00000,47920,01,0,4772041,∫¿»≠¿æ ≥ªº∫∏Æ,0181,0005,47920,25031,1,«—Ω≈∞°µÁ∏«º«,8,28,47920-10,84.82,,181-5,47920,2,,
0,"8,500",,2003,2015,±≥√Ã1±Ê,00002,00001,47920,01,0,4772040,∫¿»≠¿æ ≥ªº∫∏Æ,0490,0004,47920,25031,1,≈È≈ÿΩ√∆º∆ƒ≈©,9,10,47920-12,59.97,,490-4,47920,1,,
1,"5,000",,1995,2015,øπ∫¿∑Œ,02124,00000,47920,01,0,3307049,∫¿»≠¿æ ≥ªº∫∏Æ,0468,0000,47920,25031,1,∏Ìº∫,9,12,47920-5,59.79,,468,47920,4,,
2,"20,900",,2015,2015,∫∏πÿ±Ê,00024,00005,47920,01,0,4772160,∫¿»≠¿æ ≥ªº∫∏Æ,0376,0006,47920,25031,1,∏Ì∞°(376-1),9,16,47920-74,84.499,,376-6,47920,2,,
3,"20,900",,2015,2015,∫∏πÿ±Ê,00024,00005,47920,01,0,4772160,∫¿»≠¿æ ≥ªº∫∏Æ,0376,0006,47920,25031,1,∏Ì∞°(376-1),9,16,47920-74,84.499,,376-6,47920,7,,
4,"20,900",,2015,2015,∫∏πÿ±Ê,00024,00005,47920,01,0,4772160,∫¿»≠¿æ ≥ªº∫∏Æ,0376,0025,47920,25031,1,∏Ì∞°(376-25),9,19,47920-76,84.499,,376-25,47920,2,,
5,"7,800",,1994,2015,±≥√Ã2±Ê,00003,00000,47920,01,0,4772041,∫¿»≠¿æ ≥ªº∫∏Æ,0184,0005,47920,25031,1,∑Œæ‚3¬˜,9,30,47920-3,84.54,,184-5,47920,5,,
0,"6,500",,1992,2015,±≥√Ã2±Ê,00005,00000,47920,01,0,4772041,∫¿»≠¿æ ≥ªº∫∏Æ,0181,0005,47920,25031,1,«—Ω≈∞°µÁ∏«º«,10,1,47920-10,84.82,,181-5,47920,5,,
1,"6,700",,1992,2015,±≥√Ã±Ê,00041,00000,47920,01,0,4772042,∫¿»≠¿æ ≥ªº∫∏Æ,0448,0000,47920,25031,1,"ªÔøµ(C,Dµø)",10,2,47920-8,58.94,,448,47920,3,,
2,"6,100",,1993,2015,≤…µø≥◊±Ê,00019,00014,47920,01,0,4772060,∫¿»≠¿æ ≥ªº∫∏Æ,0419,0033,47920,25031,1,µø∏Ì,10,14,47920-2,59.23,,419-33,47920,3,,
3,"17,000",,2015,2015,≥ªº∫√µ2±Ê,00069,00010,47920,00,0,4772077,∫¿»≠¿æ ≥ªº∫∏Æ,0236,0059,47920,25031,1,ªÔ¡§æ∆∆Æ∫Ù,10,27,47920-72,84.9068,,236-59,47920,10,,
0,"7,200",,1992,2015,±≥√Ã±Ê,00041,00000,47920,01,0,4772042,∫¿»≠¿æ ≥ªº∫∏Æ,0448,0000,47920,25031,1,"ªÔøµ(C,Dµø)",11,1,47920-8,58.94,,448,47920,4,,
1,"15,700",,2012,2015,øπ∫¿∑Œ,02124,00001,47920,01,0,3307049,∫¿»≠¿æ ≥ªº∫∏Æ,0466,0000,47920,25031,1,±€∑Œπ˙Ω√∆º3,11,1,47920-61,58.181,,466,47920,6,,
2,"15,300",,2003,2015,±≥√Ã1±Ê,00002,00001,47920,01,0,4772040,∫¿»≠¿æ ≥ªº∫∏Æ,0490,0004,47920,25031,1,≈È≈ÿΩ√∆º∆ƒ≈©,11,3,47920-12,84.98,,490-4,47920,10,,
3,"18,800",,2015,2015,≥ªº∫√µ2±Ê,00069,00010,47920,00,0,4772077,∫¿»≠¿æ ≥ªº∫∏Æ,0236,0059,47920,25031,1,ªÔ¡§æ∆∆Æ∫Ù,11,19,47920-72,84.9068,,236-59,47920,2,,
4,"14,000",,2003,2015,±≥√Ã1±Ê,00002,00001,47920,01,0,4772040,∫¿»≠¿æ ≥ªº∫∏Æ,0490,0004,47920,25031,1,≈È≈ÿΩ√∆º∆ƒ≈©,11,20,47920-12,84.98,,490-4,47920,3,,
5,"7,700",,1992,2015,±≥√Ã±Ê,00041,00000,47920,01,0,4772042,∫¿»≠¿æ ≥ªº∫∏Æ,0448,0000,47920,25031,1,"ªÔøµ(C,Dµø)",11,23,47920-8,58.94,,448,47920,2,,
0,"13,500",,2003,2015,±≥√Ã1±Ê,00002,00001,47920,01,0,4772040,∫¿»≠¿æ ≥ªº∫∏Æ,0490,0004,47920,25031,1,≈È≈ÿΩ√∆º∆ƒ≈©,12,18,47920-12,84.98,,490-4,47920,15,,
1,"4,000",,1992,2015,±≥√Ã2±Ê,00005,00000,47920,01,0,4772041,∫¿»≠¿æ ≥ªº∫∏Æ,0181,0005,47920,25031,1,«—Ω≈∞°µÁ∏«º«,12,23,47920-10,58.78,,181-5,47920,3,,
2,"16,930",,2013,2015,∫∏πÿ±Ê,00032,00000,47920,01,0,4772160,∫¿»≠¿æ ≥ªº∫∏Æ,0376,0001,47920,25031,1,∏Ìº∫ºæΩ√∫Ù2¬˜,12,24,47920-63,84.9829,,376-1,47920,5,,
3,"6,500",,1992,2015,±≥√Ã2±Ê,00005,00000,47920,01,0,4772041,∫¿»≠¿æ ≥ªº∫∏Æ,0181,0005,47920,25031,1,«—Ω≈∞°µÁ∏«º«,12,31,47920-10,58.78,,181-5,47920,4,,
0,"13,000",,1997,2016,≤…µø≥◊±Ê,00025,00000,47920,01,0,4772060,∫¿»≠¿æ ≥ªº∫∏Æ,0419,0007,47920,25031,1,∏Ìº∫¿Âø¯,1,13,47920-6,84.85,,419-7,47920,7,,
1,"19,000",,2015,2016,≥ªº∫√µ2±Ê,00069,00010,47920,00,0,4772077,∫¿»≠¿æ ≥ªº∫∏Æ,0236,0059,47920,25031,1,ªÔ¡§æ∆∆Æ∫Ù,1,20,47920-72,84.9068,,236-59,47920,4,,
2,"5,000",,1995,2016,øπ∫¿∑Œ,02124,00000,47920,01,0,3307049,∫¿»≠¿æ ≥ªº∫∏Æ,0468,0000,47920,25031,1,∏Ìº∫,1,28,47920-5,52.35,,468,47920,2,,
0,"3,500",,1993,2016,∞≈√Ã∑Œ,00047,00002,47920,01,0,3324001,∫¿»≠¿æ ≥ªº∫∏Æ,0332,0002,47920,25031,1,π›º€¡÷≈√,2,11,47920-7,49.05,,332-2,47920,2,,
1,"20,500",,2015,2016,∫∏πÿ±Ê,00024,00005,47920,01,0,4772160,∫¿»≠¿æ ≥ªº∫∏Æ,0376,0006,47920,25031,1,∏Ì∞°(376-1),2,27,47920-74,84.499,,376-6,47920,1,,
0,"19,600",,2015,2016,≥ªº∫√µ2±Ê,00069,00010,47920,00,0,4772077,∫¿»≠¿æ ≥ªº∫∏Æ,0236,0059,47920,25031,1,ªÔ¡§æ∆∆Æ∫Ù,3,2,47920-72,84.9068,,236-59,47920,5,,
1,"8,000",,2001,2016,±≥√Ã±Ê,00062,00000,47920,01,0,4772042,∫¿»≠¿æ ≥ªº∫∏Æ,0186,0000,47920,25031,1,∏Ìº∫«—∫˚,3,8,47920-15,59.9642,,186,47920,1,,
2,"16,000",,2016,2016,∫¿»≠∑Œ,01161,00017,47920,01,0,3309081,∫¿»≠¿æ ≥ªº∫∏Æ,0236,0028,47920,25031,1,ªÔ¡§∫‰,3,10,47920-79,59.9311,,236-28,47920,8,,
3,"10,000",,1997,2016,≤…µø≥◊±Ê,00025,00000,47920,01,0,4772060,∫¿»≠¿æ ≥ªº∫∏Æ,0419,0007,47920,25031,1,∏Ìº∫¿Âø¯,3,11,47920-6,75.76,,419-7,47920,3,,
4,"4,000",,1995,2016,∞≈√Ã∑Œ,00053,00000,47920,01,0,3324001,∫¿»≠¿æ ≥ªº∫∏Æ,0334,0000,47920,25031,1,∞°µÁ∏Ò»≠,3,12,47920-1,59.84,,334,47920,6,,
5,"18,500",,2011,2016,±≥√Ã±Ê,00011,00000,47920,01,0,4772042,∫¿»≠¿æ ≥ªº∫∏Æ,0463,0001,47920,25031,1,∏Ìº∫ºæΩ√∫Ù,3,25,47920-57,74.21,,463-1,47920,4,,
0,"7,000",,1993,2016,≤…µø≥◊±Ê,00019,00014,47920,01,0,4772060,∫¿»≠¿æ ≥ªº∫∏Æ,0419,0033,47920,25031,1,µø∏Ì,4,5,47920-2,84.22,,419-33,47920,2,,
1,"16,000",,2015,2016,≥ªº∫√µ2±Ê,00069,00010,47920,00,0,4772077,∫¿»≠¿æ ≥ªº∫∏Æ,0236,0059,47920,25031,1,ªÔ¡§æ∆∆Æ∫Ù,4,6,47920-72,84.9068,,236-59,47920,6,,
2,"6,000",,1994,2016,±≥√Ã2±Ê,00003,00000,47920,01,0,4772041,∫¿»≠¿æ ≥ªº∫∏Æ,0184,0005,47920,25031,1,∑Œæ‚3¬˜,4,18,47920-3,59.37,,184-5,47920,4,,
3,"16,240",,2016,2016,∫¿»≠∑Œ,01161,00017,47920,01,0,3309081,∫¿»≠¿æ ≥ªº∫∏Æ,0236,0028,47920,25031,1,ªÔ¡§∫‰,4,18,47920-79,59.9311,,236-28,47920,7,,
4,"3,900",,1992,2016,±≥√Ã±Ê,00041,00000,47920,01,0,4772042,∫¿»≠¿æ ≥ªº∫∏Æ,0448,0000,47920,25031,1,"ªÔøµ(C,Dµø)",4,18,47920-8,58.94,,448,47920,2,,
5,"16,000",,2011,2016,±≥√Ã±Ê,00011,00000,47920,01,0,4772042,∫¿»≠¿æ ≥ªº∫∏Æ,0463,0001,47920,25031,1,∏Ìº∫ºæΩ√∫Ù,4,19,47920-57,74.3971,,463-1,47920,9,,
6,"6,800",,1992,2016,±≥√Ã2±Ê,00005,00000,47920,01,0,4772041,∫¿»≠¿æ ≥ªº∫∏Æ,0181,0005,47920,25031,1,«—Ω≈∞°µÁ∏«º«,4,21,47920-10,74.07,,181-5,47920,5,,
7,"6,000",,1997,2016,≥ªº∫∑Œ3±Ê,00018,00001,47920,01,0,4772069,∫¿»≠¿æ ≥ªº∫∏Æ,0192,0004,47920,25031,1,ºº«ˆ,4,22,47920-9,59.02,,192-4,47920,5,,
8,"7,800",,1997,2016,≤…µø≥◊±Ê,00025,00000,47920,01,0,4772060,∫¿»≠¿æ ≥ªº∫∏Æ,0419,0007,47920,25031,1,∏Ìº∫¿Âø¯,4,25,47920-6,59.73,,419-7,47920,15,,
0,"3,700",,1995,2016,øπ∫¿∑Œ,02124,00000,47920,01,0,3307049,∫¿»≠¿æ ≥ªº∫∏Æ,0468,0000,47920,25031,1,∏Ìº∫,5,4,47920-5,59.79,,468,47920,6,,
1,"16,240",,2016,2016,∫¿»≠∑Œ,01161,00017,47920,01,0,3309081,∫¿»≠¿æ ≥ªº∫∏Æ,0236,0028,47920,25031,1,ªÔ¡§∫‰,5,9,47920-79,59.9311,,236-28,47920,6,,
2,"8,000",,1995,2016,∞≈√Ã∑Œ,00053,00000,47920,01,0,3324001,∫¿»≠¿æ ≥ªº∫∏Æ,0334,0000,47920,25031,1,∞°µÁ∏Ò»≠,5,10,47920-1,84.64,,334,47920,5,,
3,"4,000",,1989,2016,±≥√Ã±Ê,00051,00000,47920,01,0,4772042,∫¿»≠¿æ ≥ªº∫∏Æ,0449,0023,47920,25031,1,ªÔøµ(Aµø),5,17,47920-80,57.06,,449-23,47920,1,,
4,"5,500",,1995,2016,øπ∫¿∑Œ,02124,00000,47920,01,0,3307049,∫¿»≠¿æ ≥ªº∫∏Æ,0468,0000,47920,25031,1,∏Ìº∫,5,21,47920-5,52.35,,468,47920,3,,
5,"6,000",,1992,2016,±≥√Ã±Ê,00041,00000,47920,01,0,4772042,∫¿»≠¿æ ≥ªº∫∏Æ,0448,0000,47920,25031,1,"ªÔøµ(C,Dµø)",5,30,47920-8,58.94,,448,47920,1,,
0,"4,400",,1993,2016,∞≈√Ã∑Œ,00047,00002,47920,01,0,3324001,∫¿»≠¿æ ≥ªº∫∏Æ,0332,0002,47920,25031,1,π›º€¡÷≈√,6,1,47920-7,49.05,,332-2,47920,1,,
1,"9,500",,1992,2016,±≥√Ã±Ê,00041,00000,47920,01,0,4772042,∫¿»≠¿æ ≥ªº∫∏Æ,0448,0000,47920,25031,1,"ªÔøµ(C,Dµø)",6,13,47920-8,84.84,,448,47920,4,,
2,"3,300",,1995,2016,øπ∫¿∑Œ,02124,00000,47920,01,0,3307049,∫¿»≠¿æ ≥ªº∫∏Æ,0468,0000,47920,25031,1,∏Ìº∫,6,23,47920-5,52.35,,468,47920,6,,
3,"5,600",,1995,2016,∞≈√Ã∑Œ,00053,00000,47920,01,0,3324001,∫¿»≠¿æ ≥ªº∫∏Æ,0334,0000,47920,25031,1,∞°µÁ∏Ò»≠,6,24,47920-1,59.84,,334,47920,1,,
4,"18,600",,2013,2016,∫∏πÿ±Ê,00032,00000,47920,01,0,4772160,∫¿»≠¿æ ≥ªº∫∏Æ,0376,0001,47920,25031,1,∏Ìº∫ºæΩ√∫Ù2¬˜,6,24,47920-63,84.9829,,376-1,47920,8,,
5,"9,000",,2003,2016,±≥√Ã1±Ê,00002,00001,47920,01,0,4772040,∫¿»≠¿æ ≥ªº∫∏Æ,0490,0004,47920,25031,1,≈È≈ÿΩ√∆º∆ƒ≈©,6,28,47920-12,59.97,,490-4,47920,3,,
0,"16,500",,2015,2016,º÷æ»2±Ê,00010,00012,47920,01,0,4772234,∫¿»≠¿æ «ÿ¿˙∏Æ,0076,0002,47920,25026,1,ºæ∆Æ∑π∫Ù,7,10,47920-73,76.66,,76-2,47920,10,,
1,"7,300",,1992,2016,±≥√Ã±Ê,00041,00000,47920,01,0,4772042,∫¿»≠¿æ ≥ªº∫∏Æ,0448,0000,47920,25031,1,"ªÔøµ(C,Dµø)",7,7,47920-8,58.94,,448,47920,3,,
2,"3,000",,1995,2016,øπ∫¿∑Œ,02124,00000,47920,01,0,3307049,∫¿»≠¿æ ≥ªº∫∏Æ,0468,0000,47920,25031,1,∏Ìº∫,7,15,47920-5,52.35,,468,47920,6,,
3,"5,900",,1992,2016,±≥√Ã2±Ê,00005,00000,47920,01,0,4772041,∫¿»≠¿æ ≥ªº∫∏Æ,0181,0005,47920,25031,1,«—Ω≈∞°µÁ∏«º«,7,15,47920-10,58.78,,181-5,47920,2,,
4,"7,350",,1992,2016,±≥√Ã±Ê,00041,00000,47920,01,0,4772042,∫¿»≠¿æ ≥ªº∫∏Æ,0448,0000,47920,25031,1,"ªÔøµ(C,Dµø)",7,15,47920-8,58.94,,448,47920,4,,
5,"8,400",,1997,2016,≤…µø≥◊±Ê,00025,00000,47920,01,0,4772060,∫¿»≠¿æ ≥ªº∫∏Æ,0419,0007,47920,25031,1,∏Ìº∫¿Âø¯,7,20,47920-6,59.73,,419-7,47920,5,,
6,"8,900",,1992,2016,±≥√Ã2±Ê,00005,00000,47920,01,0,4772041,∫¿»≠¿æ ≥ªº∫∏Æ,0181,0005,47920,25031,1,«—Ω≈∞°µÁ∏«º«,7,25,47920-10,84.82,,181-5,47920,2,,
0,"6,000",,1989,2016,±≥√Ã±Ê,00051,00000,47920,01,0,4772042,∫¿»≠¿æ ≥ªº∫∏Æ,0449,0023,47920,25031,1,ªÔøµ(Aµø),8,8,47920-80,57.06,,449-23,47920,2,,
1,"12,000",,2003,2016,±≥√Ã1±Ê,00002,00001,47920,01,0,4772040,∫¿»≠¿æ ≥ªº∫∏Æ,0490,0004,47920,25031,1,≈È≈ÿΩ√∆º∆ƒ≈©,8,17,47920-12,84.98,,490-4,47920,7,,
2,"13,750",,2003,2016,±≥√Ã1±Ê,00002,00000,47920,00,0,4772040,∫¿»≠¿æ ≥ªº∫∏Æ,0490,0004,47920,25031,1,≈È≈ÿΩ√∆º∆ƒ≈©,8,25,47920-12,84.98,,490-4,47920,14,,
3,"20,500",,2011,2016,±≥√Ã±Ê,00027,00002,47920,01,0,4772042,∫¿»≠¿æ ≥ªº∫∏Æ,0466,0003,47920,25031,1,∏æ∆±€∑Œπ˙Ω√∆º,8,30,47920-56,84.8597,,466-3,47920,6,,
4,"8,800",,2003,2016,±≥√Ã1±Ê,00002,00000,47920,00,0,4772040,∫¿»≠¿æ ≥ªº∫∏Æ,0490,0004,47920,25031,1,≈È≈ÿΩ√∆º∆ƒ≈©,8,31,47920-12,59.97,,490-4,47920,14,,
0,"8,400",,1992,2016,±≥√Ã±Ê,00059,00000,47920,01,0,4772042,∫¿»≠¿æ ≥ªº∫∏Æ,0188,0009,47920,25031,1,∑Œæ‚∏«º«,9,6,47920-4,84.47,,188-9,47920,3,,
1,"16,500",,2012,2016,øπ∫¿∑Œ,02124,00002,47920,01,0,3307049,∫¿»≠¿æ ≥ªº∫∏Æ,0466,0006,47920,25031,1,±€∑Œπ˙Ω√∆º2,9,9,47920-62,58.181,,466-6,47920,4,,
2,"7,000",,1989,2016,±≥√Ã±Ê,00051,00000,47920,01,0,4772042,∫¿»≠¿æ ≥ªº∫∏Æ,0449,0007,47920,25031,1,ªÔøµ,9,10,47920-81,58.71,,449-7,47920,2,,
3,"4,500",,1993,2016,∞≈√Ã∑Œ,00047,00001,47920,00,0,3324001,∫¿»≠¿æ ≥ªº∫∏Æ,0332,0002,47920,25031,1,π›º€¡÷≈√,9,21,47920-7,49.05,,332-2,47920,4,,
4,"19,330",,2011,2016,±≥√Ã±Ê,00027,00002,47920,01,0,4772042,∫¿»≠¿æ ≥ªº∫∏Æ,0466,0003,47920,25031,1,∏æ∆±€∑Œπ˙Ω√∆º,9,21,47920-56,84.8597,,466-3,47920,4,,
5,"14,500",,2012,2016,øπ∫¿∑Œ,02124,00001,47920,01,0,3307049,∫¿»≠¿æ ≥ªº∫∏Æ,0466,0000,47920,25031,1,±€∑Œπ˙Ω√∆º3,9,22,47920-61,58.181,,466,47920,2,,
6,"13,500",,2003,2016,±≥√Ã1±Ê,00002,00000,47920,00,0,4772040,∫¿»≠¿æ ≥ªº∫∏Æ,0490,0004,47920,25031,1,≈È≈ÿΩ√∆º∆ƒ≈©,9,27,47920-12,84.98,,490-4,47920,9,,
0,"9,000",,2001,2016,±≥√Ã±Ê,00064,00000,47920,00,0,4772042,∫¿»≠¿æ ≥ªº∫∏Æ,0186,0000,47920,25031,1,∏Ìº∫«—∫˚,10,4,47920-15,59.9642,,186,47920,4,,
1,"7,000",,2001,2016,±≥√Ã±Ê,00064,00000,47920,00,0,4772042,∫¿»≠¿æ ≥ªº∫∏Æ,0186,0000,47920,25031,1,∏Ìº∫«—∫˚,10,5,47920-15,59.9642,,186,47920,1,,
2,"8,400",,1997,2016,≤…µø≥◊±Ê,00023,00000,47920,00,0,4772060,∫¿»≠¿æ ≥ªº∫∏Æ,0419,0007,47920,25031,1,∏Ìº∫¿Âø¯,10,12,47920-6,59.73,,419-7,47920,3,,
3,"8,300",,2001,2016,±≥√Ã±Ê,00064,00000,47920,00,0,4772042,∫¿»≠¿æ ≥ªº∫∏Æ,0186,0000,47920,25031,1,∏Ìº∫«—∫˚,10,13,47920-15,59.9642,,186,47920,5,,
0,"5,900",,1994,2016,±≥√Ã2±Ê,00003,00000,47920,01,0,4772041,∫¿»≠¿æ ≥ªº∫∏Æ,0184,0005,47920,25031,1,∑Œæ‚3¬˜,11,4,47920-3,59.37,,184-5,47920,2,,
1,"7,900",,1995,2016,∞≈√Ã∑Œ,00055,00000,47920,00,0,3324001,∫¿»≠¿æ ≥ªº∫∏Æ,0334,0000,47920,25031,1,∞°µÁ∏Ò»≠,11,11,47920-1,84.64,,334,47920,5,,
2,"16,000",,2016,2016,∫¿»≠∑Œ,01161,00017,47920,01,0,3309081,∫¿»≠¿æ ≥ªº∫∏Æ,0236,0028,47920,25031,1,ªÔ¡§∫‰,11,11,47920-79,59.9311,,236-28,47920,9,,
3,"9,450",,2003,2016,±≥√Ã1±Ê,00002,00000,47920,00,0,4772040,∫¿»≠¿æ ≥ªº∫∏Æ,0490,0004,47920,25031,1,≈È≈ÿΩ√∆º∆ƒ≈©,11,15,47920-12,59.97,,490-4,47920,7,,
4,"6,500",,1993,2016,≤…µø≥◊±Ê,00019,00014,47920,01,0,4772060,∫¿»≠¿æ ≥ªº∫∏Æ,0419,0033,47920,25031,1,µø∏Ì,11,25,47920-2,84.22,,419-33,47920,1,,
5,"16,500",,2016,2016,∫¿»≠∑Œ,01161,00015,47920,01,0,3309081,∫¿»≠¿æ ≥ªº∫∏Æ,0236,0065,47920,25031,1,ªÔ¡§≈∏øÓ,11,25,47920-84,59.7586,,236-65,47920,6,,
0,"6,900",,2001,2016,±≥√Ã±Ê,00064,00000,47920,00,0,4772042,∫¿»≠¿æ ≥ªº∫∏Æ,0186,0000,47920,25031,1,∏Ìº∫«—∫˚,12,5,47920-15,59.9642,,186,47920,6,,
1,"20,900",,2016,2016,∫∏πÿ±Ê,00024,00008,47920,00,0,4772160,∫¿»≠¿æ ≥ªº∫∏Æ,0426,0033,47920,25031,1,∏Ì∞°≈∏øÓ,12,5,47920-86,80.31,,426-33,47920,7,,
2,"16,000",,2016,2016,∫¿»≠∑Œ,01161,00015,47920,01,0,3309081,∫¿»≠¿æ ≥ªº∫∏Æ,0236,0065,47920,25031,1,ªÔ¡§≈∏øÓ,12,5,47920-84,59.7586,,236-65,47920,9,,
3,"17,000",,2016,2016,∫¿»≠∑Œ,01161,00015,47920,01,0,3309081,∫¿»≠¿æ ≥ªº∫∏Æ,0236,0065,47920,25031,1,ªÔ¡§≈∏øÓ,12,5,47920-84,59.7586,,236-65,47920,3,,
4,"15,300",,2016,2016,∫¿»≠∑Œ,01161,00017,47920,00,0,3309081,∫¿»≠¿æ ≥ªº∫∏Æ,0236,0028,47920,25031,1,ªÔ¡§∫‰,12,5,47920-79,59.9311,,236-28,47920,3,,
5,"29,000",,2015,2016,∫∏πÿ±Ê,00024,00005,47920,01,0,4772160,∫¿»≠¿æ ≥ªº∫∏Æ,0376,0025,47920,25031,1,∏Ì∞°(376-25),12,7,47920-76,107.3177,,376-25,47920,7,,
6,"8,200",,2001,2016,±≥√Ã±Ê,00064,00000,47920,00,0,4772042,∫¿»≠¿æ ≥ªº∫∏Æ,0186,0000,47920,25031,1,∏Ìº∫«—∫˚,12,8,47920-15,59.9642,,186,47920,1,,
7,"3,000",,1993,2016,∞≈√Ã∑Œ,00047,00001,47920,00,0,3324001,∫¿»≠¿æ ≥ªº∫∏Æ,0332,0002,47920,25031,1,π›º€¡÷≈√,12,12,47920-7,49.05,,332-2,47920,3,,
8,"17,000",,2016,2016,∫¿»≠∑Œ,01161,00015,47920,01,0,3309081,∫¿»≠¿æ ≥ªº∫∏Æ,0236,0065,47920,25031,1,ªÔ¡§≈∏øÓ,12,13,47920-84,59.7586,,236-65,47920,7,,
9,"20,500",,2015,2016,∫∏πÿ±Ê,00024,00005,47920,01,0,4772160,∫¿»≠¿æ ≥ªº∫∏Æ,0376,0025,47920,25031,1,∏Ì∞°(376-25),12,15,47920-76,84.499,,376-25,47920,1,,
10,"5,800",,1995,2016,øπ∫¿∑Œ,02124,00000,47920,01,0,3307049,∫¿»≠¿æ ≥ªº∫∏Æ,0468,0000,47920,25031,1,∏Ìº∫,12,19,47920-5,52.35,,468,47920,1,,
11,"17,200",,2016,2016,∫∏πÿ±Ê,00024,00008,47920,00,0,4772160,∫¿»≠¿æ ≥ªº∫∏Æ,0426,0033,47920,25031,1,∏Ì∞°≈∏øÓ,12,20,47920-86,58.27,,426-33,47920,4,,
12,"7,900",,2016,2016,∫∏πÿ±Ê,00248,00008,47920,00,0,4772160,∫¿»≠¿æ ≥ªº∫∏Æ,0426,0033,47920,25031,1,∏Ì∞°≈∏øÓ,12,20,47920-86,19.68,,426-33,47920,9,,
13,"14,900",,2016,2016,∫∏πÿ±Ê,00024,00008,47920,00,0,4772160,∫¿»≠¿æ ≥ªº∫∏Æ,0426,0033,47920,25031,1,∏Ì∞°≈∏øÓ,12,20,47920-86,63.53,,426-33,47920,9,,
14,"17,200",,2016,2016,∫∏πÿ±Ê,00024,00008,47920,00,0,4772160,∫¿»≠¿æ ≥ªº∫∏Æ,0426,0033,47920,25031,1,∏Ì∞°≈∏øÓ,12,24,47920-86,58.27,,426-33,47920,3,,
15,"17,200",,2016,2016,∫∏πÿ±Ê,00024,00008,47920,00,0,4772160,∫¿»≠¿æ ≥ªº∫∏Æ,0426,0033,47920,25031,1,∏Ì∞°≈∏øÓ,12,24,47920-86,58.27,,426-33,47920,9,,
16,"14,900",,2016,2016,∫∏πÿ±Ê,00024,00008,47920,00,0,4772160,∫¿»≠¿æ ≥ªº∫∏Æ,0426,0033,47920,25031,1,∏Ì∞°≈∏øÓ,12,24,47920-86,63.53,,426-33,47920,9,,
17,"17,200",,2016,2016,∫∏πÿ±Ê,00024,00008,47920,00,0,4772160,∫¿»≠¿æ ≥ªº∫∏Æ,0426,0033,47920,25031,1,∏Ì∞°≈∏øÓ,12,24,47920-86,58.27,,426-33,47920,7,,
18,"20,900",,2016,2016,∫∏πÿ±Ê,00248,00008,47920,00,0,4772160,∫¿»≠¿æ ≥ªº∫∏Æ,0426,0033,47920,25031,1,∏Ì∞°≈∏øÓ,12,27,47920-86,80.31,,426-33,47920,3,,
19,"7,900",,2016,2016,∫∏πÿ±Ê,00248,00008,47920,00,0,4772160,∫¿»≠¿æ ≥ªº∫∏Æ,0426,0033,47920,25031,1,∏Ì∞°≈∏øÓ,12,27,47920-86,19.68,,426-33,47920,8,,
20,"7,900",,2016,2016,∫∏πÿ±Ê,00024,00008,47920,00,0,4772160,∫¿»≠¿æ ≥ªº∫∏Æ,0426,0033,47920,25031,1,∏Ì∞°≈∏øÓ,12,28,47920-86,19.68,,426-33,47920,8,,
0,"17,000",,2016,2017,∫¿»≠∑Œ,01161,00015,47920,00,0,3309081,∫¿»≠¿æ ≥ªº∫∏Æ,0236,0065,47920,25031,1,ªÔ¡§≈∏øÓ,1,3,47920-84,59.7586,,236-65,47920,10,,
1,"8,050",,2001,2017,±≥√Ã±Ê,00064,00000,47920,00,0,4772042,∫¿»≠¿æ ≥ªº∫∏Æ,0186,0000,47920,25031,1,∏Ìº∫«—∫˚,1,9,47920-15,59.9642,,186,47920,5,,
2,"11,900",,2016,2017,∫∏πÿ±Ê,00024,00008,47920,00,0,4772160,∫¿»≠¿æ ≥ªº∫∏Æ,0426,0033,47920,25031,1,∏Ì∞°≈∏øÓ,1,13,47920-86,39.95,,426-33,47920,7,,
3,"11,900",,2016,2017,∫∏πÿ±Ê,00024,00008,47920,00,0,4772160,∫¿»≠¿æ ≥ªº∫∏Æ,0426,0033,47920,25031,1,∏Ì∞°≈∏øÓ,1,13,47920-86,39.95,,426-33,47920,8,,
4,"11,900",,2016,2017,∫∏πÿ±Ê,00024,00008,47920,00,0,4772160,∫¿»≠¿æ ≥ªº∫∏Æ,0426,0033,47920,25031,1,∏Ì∞°≈∏øÓ,1,13,47920-86,39.95,,426-33,47920,7,,
5,"23,500",,2015,2017,∫∏πÿ±Ê,00024,00005,47920,01,0,4772160,∫¿»≠¿æ ≥ªº∫∏Æ,0376,0006,47920,25031,1,∏Ì∞°(376-1),1,15,47920-74,84.499,,376-6,47920,6,,
6,"6,500",,1995,2017,øπ∫¿∑Œ,02124,00000,47920,01,0,3307049,∫¿»≠¿æ ≥ªº∫∏Æ,0468,0000,47920,25031,1,∏Ìº∫,1,17,47920-5,52.35,,468,47920,1,,
7,"20,900",,2016,2017,∫∏πÿ±Ê,00024,00008,47920,00,0,4772160,∫¿»≠¿æ ≥ªº∫∏Æ,0426,0033,47920,25031,1,∏Ì∞°≈∏øÓ,1,17,47920-86,80.31,,426-33,47920,7,,
8,"20,900",,2016,2017,∫∏πÿ±Ê,00024,00008,47920,00,0,4772160,∫¿»≠¿æ ≥ªº∫∏Æ,0426,0033,47920,25031,1,∏Ì∞°≈∏øÓ,1,17,47920-86,80.31,,426-33,47920,6,,
9,"20,900",,2016,2017,∫∏πÿ±Ê,00024,00008,47920,00,0,4772160,∫¿»≠¿æ ≥ªº∫∏Æ,0426,0033,47920,25031,1,∏Ì∞°≈∏øÓ,1,17,47920-86,80.31,,426-33,47920,5,,
10,"20,900",,2016,2017,∫∏πÿ±Ê,00024,00008,47920,00,0,4772160,∫¿»≠¿æ ≥ªº∫∏Æ,0426,0033,47920,25031,1,∏Ì∞°≈∏øÓ,1,17,47920-86,80.31,,426-33,47920,5,,
11,"17,200",,2016,2017,∫∏πÿ±Ê,00024,00008,47920,00,0,4772160,∫¿»≠¿æ ≥ªº∫∏Æ,0426,0033,47920,25031,1,∏Ì∞°≈∏øÓ,1,18,47920-86,58.27,,426-33,47920,10,,
12,"16,200",,2016,2017,∫¿»≠∑Œ,01161,00015,47920,00,0,3309081,∫¿»≠¿æ ≥ªº∫∏Æ,0236,0065,47920,25031,1,ªÔ¡§≈∏øÓ,1,30,47920-84,59.7586,,236-65,47920,10,,
0,"16,800",,2016,2017,∫¿»≠∑Œ,01161,00015,47920,00,0,3309081,∫¿»≠¿æ ≥ªº∫∏Æ,0236,0065,47920,25031,1,ªÔ¡§≈∏øÓ,2,1,47920-84,59.7586,,236-65,47920,3,,
1,"14,900",,2016,2017,∫∏πÿ±Ê,00024,00008,47920,00,0,4772160,∫¿»≠¿æ ≥ªº∫∏Æ,0426,0033,47920,25031,1,∏Ì∞°≈∏øÓ,2,1,47920-86,63.53,,426-33,47920,8,,
2,"17,000",,2016,2017,∫¿»≠∑Œ,01161,00015,47920,00,0,3309081,∫¿»≠¿æ ≥ªº∫∏Æ,0236,0065,47920,25031,1,ªÔ¡§≈∏øÓ,2,1,47920-84,59.7586,,236-65,47920,8,,
3,"5,200",,1989,2017,±≥√Ã±Ê,00051,00000,47920,01,0,4772042,∫¿»≠¿æ ≥ªº∫∏Æ,0449,0023,47920,25031,1,ªÔøµ(Aµø),2,3,47920-80,57.06,,449-23,47920,4,,
4,"16,500",,2016,2017,∫¿»≠∑Œ,01161,00017,47920,00,0,3309081,∫¿»≠¿æ ≥ªº∫∏Æ,0236,0028,47920,25031,1,ªÔ¡§∫‰,2,6,47920-79,59.9311,,236-28,47920,5,,
5,"7,900",,2016,2017,∫∏πÿ±Ê,00024,00008,47920,00,0,4772160,∫¿»≠¿æ ≥ªº∫∏Æ,0426,0033,47920,25031,1,∏Ì∞°≈∏øÓ,2,16,47920-86,19.68,,426-33,47920,8,,
6,"16,000",,2012,2017,øπ∫¿∑Œ,02124,00002,47920,01,0,3307049,∫¿»≠¿æ ≥ªº∫∏Æ,0466,0006,47920,25031,1,±€∑Œπ˙Ω√∆º2,2,23,47920-62,58.1812,,466-6,47920,9,,
7,"15,800",,2012,2017,øπ∫¿∑Œ,02124,00002,47920,01,0,3307049,∫¿»≠¿æ ≥ªº∫∏Æ,0466,0006,47920,25031,1,±€∑Œπ˙Ω√∆º2,2,24,47920-62,58.1812,,466-6,47920,5,,
8,"4,800",,1991,2017,√·æÁ∑Œ,00225,00011,47920,01,0,3324022,√·æÁ∏È ¿«æÁ∏Æ,0197,0012,47920,34021,1,∞≠∫Ø,2,27,47920-11,54.74,,197-12,47920,5,,
0,"11,900",,2016,2017,∫∏πÿ±Ê,00024,00008,47920,00,0,4772160,∫¿»≠¿æ ≥ªº∫∏Æ,0426,0033,47920,25031,1,∏Ì∞°≈∏øÓ,3,8,47920-86,39.95,,426-33,47920,7,,
1,"7,900",,2016,2017,∫∏πÿ±Ê,00024,00008,47920,00,0,4772160,∫¿»≠¿æ ≥ªº∫∏Æ,0426,0033,47920,25031,1,∏Ì∞°≈∏øÓ,3,15,47920-86,19.68,,426-33,47920,10,,
2,"7,900",,2016,2017,∫∏πÿ±Ê,00024,00008,47920,00,0,4772160,∫¿»≠¿æ ≥ªº∫∏Æ,0426,0033,47920,25031,1,∏Ì∞°≈∏øÓ,3,15,47920-86,19.68,,426-33,47920,10,,
3,"8,000",,1997,2017,≤…µø≥◊±Ê,00023,00000,47920,00,0,4772060,∫¿»≠¿æ ≥ªº∫∏Æ,0419,0007,47920,25031,1,∏Ìº∫¿Âø¯,3,18,47920-6,59.73,,419-7,47920,9,,
4,"14,900",,2016,2017,∫∏πÿ±Ê,00248,00008,47920,00,0,4772160,∫¿»≠¿æ ≥ªº∫∏Æ,0426,0033,47920,25031,1,∏Ì∞°≈∏øÓ,3,20,47920-86,63.53,,426-33,47920,10,,
5,"6,700",,1994,2017,±≥√Ã2±Ê,00003,00000,47920,01,0,4772041,∫¿»≠¿æ ≥ªº∫∏Æ,0184,0005,47920,25031,1,∑Œæ‚3¬˜,3,24,47920-3,59.37,,184-5,47920,2,,
6,"8,200",,2001,2017,±≥√Ã±Ê,00064,00000,47920,00,0,4772042,∫¿»≠¿æ ≥ªº∫∏Æ,0186,0000,47920,25031,1,∏Ìº∫«—∫˚,3,29,47920-15,59.9642,,186,47920,4,,
0,"5,000",,1993,2017,∞≈√Ã∑Œ,00047,00001,47920,00,0,3324001,∫¿»≠¿æ ≥ªº∫∏Æ,0332,0002,47920,25031,1,π›º€¡÷≈√,4,3,47920-7,58.84,,332-2,47920,5,,
1,"20,000",,2011,2017,±≥√Ã±Ê,00027,00002,47920,01,0,4772042,∫¿»≠¿æ ≥ªº∫∏Æ,0466,0003,47920,25031,1,∏æ∆±€∑Œπ˙Ω√∆º,4,5,47920-56,84.8597,,466-3,47920,4,,
2,"14,900",,2016,2017,∫∏πÿ±Ê,00024,00008,47920,00,0,4772160,∫¿»≠¿æ ≥ªº∫∏Æ,0426,0033,47920,25031,1,∏Ì∞°≈∏øÓ,4,24,47920-86,63.74,,426-33,47920,10,,
0,"17,200",,2016,2017,∫∏πÿ±Ê,00024,00008,47920,00,0,4772160,∫¿»≠¿æ ≥ªº∫∏Æ,0426,0033,47920,25031,1,∏Ì∞°≈∏øÓ,5,19,47920-86,58.27,,426-33,47920,5,,
1,"5,700",,1995,2017,øπ∫¿∑Œ,02124,00000,47920,01,0,3307049,∫¿»≠¿æ ≥ªº∫∏Æ,0468,0000,47920,25031,1,∏Ìº∫,5,22,47920-5,52.35,,468,47920,3,,
2,"7,900",,2016,2017,∫∏πÿ±Ê,00024,00008,47920,00,0,4772160,∫¿»≠¿æ ≥ªº∫∏Æ,0426,0033,47920,25031,1,∏Ì∞°≈∏øÓ,5,29,47920-86,19.68,,426-33,47920,9,,
0,"6,650",,1989,2017,±≥√Ã±Ê,00051,00000,47920,01,0,4772042,∫¿»≠¿æ ≥ªº∫∏Æ,0449,0007,47920,25031,1,ªÔøµ,6,14,47920-81,58.71,,449-7,47920,4,,
1,"4,500",,1993,2017,∞≈√Ã∑Œ,00047,00001,47920,00,0,3324001,∫¿»≠¿æ ≥ªº∫∏Æ,0332,0002,47920,25031,1,π›º€¡÷≈√,6,26,47920-7,58.84,,332-2,47920,2,,
2,"4,750",,1994,2017,±≥√Ã2±Ê,00003,00000,47920,01,0,4772041,∫¿»≠¿æ ≥ªº∫∏Æ,0184,0005,47920,25031,1,∑Œæ‚3¬˜,6,28,47920-3,59.37,,184-5,47920,6,,
3,"6,500",,1994,2017,±≥√Ã2±Ê,00003,00000,47920,01,0,4772041,∫¿»≠¿æ ≥ªº∫∏Æ,0184,0005,47920,25031,1,∑Œæ‚3¬˜,6,30,47920-3,59.37,,184-5,47920,3,,
0,"8,400",,1997,2017,≤…µø≥◊±Ê,00023,00000,47920,00,0,4772060,∫¿»≠¿æ ≥ªº∫∏Æ,0419,0007,47920,25031,1,∏Ìº∫¿Âø¯,7,3,47920-6,59.73,,419-7,47920,8,,
1,"15,400",,2016,2017,∫¿»≠∑Œ,01161,00015,47920,00,0,3309081,∫¿»≠¿æ ≥ªº∫∏Æ,0236,0065,47920,25031,1,ªÔ¡§≈∏øÓ,7,18,47920-84,59.7586,,236-65,47920,4,,
2,"3,700",,1993,2017,∞≈√Ã∑Œ,00047,00001,47920,00,0,3324001,∫¿»≠¿æ ≥ªº∫∏Æ,0332,0002,47920,25031,1,π›º€¡÷≈√,7,20,47920-7,49.05,,332-2,47920,2,,
3,"20,900",,2016,2017,∫∏πÿ±Ê,00248,00008,47920,00,0,4772160,∫¿»≠¿æ ≥ªº∫∏Æ,0426,0033,47920,25031,1,∏Ì∞°≈∏øÓ,7,24,47920-86,80.31,,426-33,47920,3,,
0,"8,160",,1997,2017,≤…µø≥◊±Ê,00023,00000,47920,00,0,4772060,∫¿»≠¿æ ≥ªº∫∏Æ,0419,0007,47920,25031,1,∏Ìº∫¿Âø¯,8,9,47920-6,59.73,,419-7,47920,9,,
1,"6,800",,1992,2017,±≥√Ã±Ê,00041,00000,47920,01,0,4772042,∫¿»≠¿æ ≥ªº∫∏Æ,0448,0000,47920,25031,1,"ªÔøµ(C,Dµø)",8,9,47920-8,58.94,,448,47920,2,,
2,"4,000",,1995,2017,∞≈√Ã∑Œ,00055,00000,47920,00,0,3324001,∫¿»≠¿æ ≥ªº∫∏Æ,0334,0000,47920,25031,1,∞°µÁ∏Ò»≠,8,21,47920-1,59.84,,334,47920,1,,
3,"16,000",,2012,2017,øπ∫¿∑Œ,02124,00002,47920,01,0,3307049,∫¿»≠¿æ ≥ªº∫∏Æ,0466,0006,47920,25031,1,±€∑Œπ˙Ω√∆º2,8,21,47920-62,58.1812,,466-6,47920,7,,
4,"6,300",,1995,2017,øπ∫¿∑Œ,02124,00000,47920,01,0,3307049,∫¿»≠¿æ ≥ªº∫∏Æ,0468,0000,47920,25031,1,∏Ìº∫,8,29,47920-5,59.79,,468,47920,5,,
0,"4,600",,1993,2017,∞≈√Ã∑Œ,00047,00001,47920,00,0,3324001,∫¿»≠¿æ ≥ªº∫∏Æ,0332,0002,47920,25031,1,π›º€¡÷≈√,9,8,47920-7,49.05,,332-2,47920,2,,
1,"14,500",,2016,2017,∫¿»≠∑Œ,01161,00017,47920,00,0,3309081,∫¿»≠¿æ ≥ªº∫∏Æ,0236,0028,47920,25031,1,ªÔ¡§∫‰,9,25,47920-79,59.9311,,236-28,47920,5,,
2,"16,300",,2012,2017,øπ∫¿∑Œ,02124,00002,47920,01,0,3307049,∫¿»≠¿æ ≥ªº∫∏Æ,0466,0006,47920,25031,1,±€∑Œπ˙Ω√∆º2,9,27,47920-62,58.1812,,466-6,47920,3,,
0,"17,300",,2011,2017,±≥√Ã±Ê,00027,00000,47920,01,0,4772042,∫¿»≠¿æ ≥ªº∫∏Æ,0466,0001,47920,25031,1,∏æ∆ºæ≈“Ω∫≈∏,10,16,47920-54,84.8597,,466-1,47920,2,,
1,"5,000",,1995,2017,∞≈√Ã∑Œ,00055,00000,47920,00,0,3324001,∫¿»≠¿æ ≥ªº∫∏Æ,0334,0000,47920,25031,1,∞°µÁ∏Ò»≠,10,17,47920-1,59.84,,334,47920,4,,
2,"6,700",,1989,2017,±≥√Ã±Ê,00051,00000,47920,01,0,4772042,∫¿»≠¿æ ≥ªº∫∏Æ,0449,0007,47920,25031,1,ªÔøµ,10,24,47920-81,58.71,,449-7,47920,4,,
0,"16,200",,2012,2017,øπ∫¿∑Œ,02124,00002,47920,01,0,3307049,∫¿»≠¿æ ≥ªº∫∏Æ,0466,0006,47920,25031,1,±€∑Œπ˙Ω√∆º2,11,17,47920-62,58.1812,,466-6,47920,6,,
0,"21,200",,2015,2017,∫∏πÿ±Ê,00024,00005,47920,01,0,4772160,∫¿»≠¿æ ≥ªº∫∏Æ,0376,0006,47920,25031,1,∏Ì∞°(376-1),12,4,47920-74,84.499,,376-6,47920,1,,
1,"19,200",,2011,2017,±≥√Ã±Ê,00027,00000,47920,01,0,4772042,∫¿»≠¿æ ≥ªº∫∏Æ,0466,0001,47920,25031,1,∏æ∆ºæ≈“Ω∫≈∏,12,11,47920-54,84.8597,,466-1,47920,4,,
2,"8,400",,2001,2017,±≥√Ã±Ê,00064,00000,47920,00,0,4772042,∫¿»≠¿æ ≥ªº∫∏Æ,0186,0000,47920,25031,1,∏Ìº∫«—∫˚,12,15,47920-15,59.9642,,186,47920,1,,
3,"18,800",,2011,2017,±≥√Ã±Ê,00027,00001,47920,01,0,4772042,∫¿»≠¿æ ≥ªº∫∏Æ,0466,0002,47920,25031,1,∏æ∆¿ŒæÿΩ√∆º,12,26,47920-55,84.8597,,466-2,47920,5,,
0,"3,000",,1989,2018,±≥√Ã±Ê,00051,00000,47920,01,0,4772042,∫¿»≠¿æ ≥ªº∫∏Æ,0449,0023,47920,25031,1,ªÔøµ(Aµø),1,4,47920-80,48.42,,449-23,47920,4,,
1,"8,700",,2001,2018,±≥√Ã±Ê,00064,00000,47920,00,0,4772042,∫¿»≠¿æ ≥ªº∫∏Æ,0186,0000,47920,25031,1,∏Ìº∫«—∫˚,1,17,47920-15,59.9642,,186,47920,2,,
2,"6,400",,1994,2018,±≥√Ã2±Ê,00003,00000,47920,01,0,4772041,∫¿»≠¿æ ≥ªº∫∏Æ,0184,0005,47920,25031,1,∑Œæ‚3¬˜,1,22,47920-3,59.37,,184-5,47920,4,,
0,"2,100",,1993,2018,∞≈√Ã∑Œ,00047,00001,47920,00,0,3324001,∫¿»≠¿æ ≥ªº∫∏Æ,0332,0002,47920,25031,1,π›º€¡÷≈√,2,9,47920-7,49.05,,332-2,47920,5,,
0,"16,500",,2015,2018,º÷æ»2±Ê,00001,00012,47920,00,0,4772234,∫¿»≠¿æ «ÿ¿˙∏Æ,0076,0002,47920,25026,1,ºæ∆Æ∑π∫Ù,3,14,47920-73,76.66,,76-2,47920,5,,
1,"7,000",,1992,2018,±≥√Ã±Ê,00059,00000,47920,01,0,4772042,∫¿»≠¿æ ≥ªº∫∏Æ,0188,0009,47920,25031,1,∑Œæ‚∏«º«,3,2,47920-4,84.47,,188-9,47920,5,,
2,"5,700",,2001,2018,±≥√Ã±Ê,00064,00000,47920,00,0,4772042,∫¿»≠¿æ ≥ªº∫∏Æ,0186,0000,47920,25031,1,∏Ìº∫«—∫˚,3,8,47920-15,59.9642,,186,47920,6,,
3,"4,950",,1992,2018,±≥√Ã2±Ê,00005,00000,47920,01,0,4772041,∫¿»≠¿æ ≥ªº∫∏Æ,0181,0005,47920,25031,1,«—Ω≈∞°µÁ∏«º«,3,20,47920-10,58.78,,181-5,47920,3,,
4,"4,500",,1991,2018,√·æÁ∑Œ,00225,00011,47920,01,0,3324022,√·æÁ∏È ¿«æÁ∏Æ,0197,0012,47920,34021,1,∞≠∫Ø,3,23,47920-11,65.9,,197-12,47920,5,,
0,"17,200",,2011,2018,±≥√Ã±Ê,00011,00000,47920,01,0,4772042,∫¿»≠¿æ ≥ªº∫∏Æ,0463,0001,47920,25031,1,∏Ìº∫ºæΩ√∫Ù,4,3,47920-57,74.3971,,463-1,47920,1,,
1,"6,200",,1993,2018,≤…µø≥◊±Ê,00019,00014,47920,01,0,4772060,∫¿»≠¿æ ≥ªº∫∏Æ,0419,0033,47920,25031,1,µø∏Ì,4,5,47920-2,59.23,,419-33,47920,4,,
2,"7,000",,1989,2018,±≥√Ã±Ê,00051,00000,47920,01,0,4772042,∫¿»≠¿æ ≥ªº∫∏Æ,0449,0023,47920,25031,1,ªÔøµ(Aµø),4,10,47920-80,57.06,,449-23,47920,3,,
3,"16,000",,2012,2018,øπ∫¿∑Œ,02124,00001,47920,01,0,3307049,∫¿»≠¿æ ≥ªº∫∏Æ,0466,0000,47920,25031,1,±€∑Œπ˙Ω√∆º3,4,11,47920-61,58.181,,466,47920,3,,
4,"15,000",,2015,2018,≥ªº∫√µ2±Ê,00069,00010,47920,00,0,4772077,∫¿»≠¿æ ≥ªº∫∏Æ,0236,0059,47920,25031,1,ªÔ¡§æ∆∆Æ∫Ù,4,19,47920-72,59.8515,,236-59,47920,8,,
0,"4,250",,1993,2018,∞≈√Ã∑Œ,00047,00001,47920,00,0,3324001,∫¿»≠¿æ ≥ªº∫∏Æ,0332,0002,47920,25031,1,π›º€¡÷≈√,5,1,47920-7,49.05,,332-2,47920,2,,
1,"9,300",,1997,2018,≤…µø≥◊±Ê,00023,00000,47920,00,0,4772060,∫¿»≠¿æ ≥ªº∫∏Æ,0419,0007,47920,25031,1,∏Ìº∫¿Âø¯,5,8,47920-6,59.73,,419-7,47920,12,,
2,"15,900",,2012,2018,øπ∫¿∑Œ,02124,00001,47920,01,0,3307049,∫¿»≠¿æ ≥ªº∫∏Æ,0466,0000,47920,25031,1,±€∑Œπ˙Ω√∆º3,5,8,47920-61,58.181,,466,47920,7,,
3,"14,300",,2003,2018,±≥√Ã1±Ê,00002,00000,47920,00,0,4772040,∫¿»≠¿æ ≥ªº∫∏Æ,0490,0004,47920,25031,1,≈È≈ÿΩ√∆º∆ƒ≈©,5,9,47920-12,84.98,,490-4,47920,6,,
4,"21,000",,2016,2018,∫∏πÿ±Ê,00024,00008,47920,00,0,4772160,∫¿»≠¿æ ≥ªº∫∏Æ,0426,0033,47920,25031,1,∏Ì∞°≈∏øÓ,5,11,47920-86,80.31,,426-33,47920,3,,
5,"4,000",,1995,2018,øπ∫¿∑Œ,02124,00000,47920,01,0,3307049,∫¿»≠¿æ ≥ªº∫∏Æ,0468,0000,47920,25031,1,∏Ìº∫,5,21,47920-5,52.35,,468,47920,2,,
6,"7,500",,1995,2018,øπ∫¿∑Œ,02124,00000,47920,01,0,3307049,∫¿»≠¿æ ≥ªº∫∏Æ,0468,0000,47920,25031,1,∏Ìº∫,5,23,47920-5,59.79,,468,47920,1,,
7,"5,600",,1991,2018,√·æÁ∑Œ,00225,00011,47920,01,0,3324022,√·æÁ∏È ¿«æÁ∏Æ,0197,0012,47920,34021,1,∞≠∫Ø,5,9,47920-11,65.9,,197-12,47920,4,,
8,"4,500",,1991,2018,√·æÁ∑Œ,00225,00011,47920,01,0,3324022,√·æÁ∏È ¿«æÁ∏Æ,0197,0012,47920,34021,1,∞≠∫Ø,5,15,47920-11,60.32,,197-12,47920,5,,
0,"14,800",,2016,2018,∫¿»≠∑Œ,01161,00017,47920,00,0,3309081,∫¿»≠¿æ ≥ªº∫∏Æ,0236,0028,47920,25031,1,ªÔ¡§∫‰,6,22,47920-79,59.9311,,236-28,47920,4,,
0,"6,100",,1993,2018,∞≈√Ã∑Œ,00047,00001,47920,00,0,3324001,∫¿»≠¿æ ≥ªº∫∏Æ,0332,0002,47920,25031,1,π›º€¡÷≈√,7,5,47920-7,58.84,,332-2,47920,2,,
1,"7,500",,2001,2018,±≥√Ã±Ê,00064,00000,47920,00,0,4772042,∫¿»≠¿æ ≥ªº∫∏Æ,0186,0000,47920,25031,1,∏Ìº∫«—∫˚,7,17,47920-15,59.9642,,186,47920,5,,
2,"7,500",,1993,2018,≤…µø≥◊±Ê,00019,00014,47920,01,0,4772060,∫¿»≠¿æ ≥ªº∫∏Æ,0419,0033,47920,25031,1,µø∏Ì,7,30,47920-2,84.22,,419-33,47920,1,,
0,"15,500",,2003,2018,±≥√Ã1±Ê,00002,00000,47920,00,0,4772040,∫¿»≠¿æ ≥ªº∫∏Æ,0490,0004,47920,25031,1,≈È≈ÿΩ√∆º∆ƒ≈©,8,2,47920-12,84.98,,490-4,47920,12,,
1,"14,800",,2011,2018,±≥√Ã±Ê,00011,00000,47920,01,0,4772042,∫¿»≠¿æ ≥ªº∫∏Æ,0463,0001,47920,25031,1,∏Ìº∫ºæΩ√∫Ù,8,2,47920-57,59.9917,,463-1,47920,9,,
2,"5,900",,1989,2018,±≥√Ã±Ê,00051,00000,47920,01,0,4772042,∫¿»≠¿æ ≥ªº∫∏Æ,0449,0023,47920,25031,1,ªÔøµ(Aµø),8,11,47920-80,57.06,,449-23,47920,1,,
3,"7,000",,1994,2018,±≥√Ã2±Ê,00003,00000,47920,01,0,4772041,∫¿»≠¿æ ≥ªº∫∏Æ,0184,0005,47920,25031,1,∑Œæ‚3¬˜,8,21,47920-3,59.37,,184-5,47920,4,,
4,"11,700",,2015,2018,≥ªº∫√µ2±Ê,00069,00010,47920,00,0,4772077,∫¿»≠¿æ ≥ªº∫∏Æ,0236,0059,47920,25031,1,ªÔ¡§æ∆∆Æ∫Ù,8,28,47920-72,59.8515,,236-59,47920,4,,
5,"5,900",,1991,2018,√·æÁ∑Œ,00225,00011,47920,01,0,3324022,√·æÁ∏È ¿«æÁ∏Æ,0197,0012,47920,34021,1,∞≠∫Ø,8,30,47920-11,65.9,,197-12,47920,4,,
0,"20,900",,2016,2018,∫∏πÿ±Ê,00024,00008,47920,00,0,4772160,∫¿»≠¿æ ≥ªº∫∏Æ,0426,0033,47920,25031,1,∏Ì∞°≈∏øÓ,9,8,47920-86,80.31,,426-33,47920,5,,
1,"20,900",,2016,2018,∫∏πÿ±Ê,00024,00008,47920,00,0,4772160,∫¿»≠¿æ ≥ªº∫∏Æ,0426,0033,47920,25031,1,∏Ì∞°≈∏øÓ,9,8,47920-86,80.31,,426-33,47920,7,,
2,"7,800",,1993,2018,≤…µø≥◊±Ê,00019,00014,47920,01,0,4772060,∫¿»≠¿æ ≥ªº∫∏Æ,0419,0033,47920,25031,1,µø∏Ì,9,12,47920-2,84.22,,419-33,47920,3,,
3,"7,500",,1995,2018,øπ∫¿∑Œ,02124,00000,47920,01,0,3307049,∫¿»≠¿æ ≥ªº∫∏Æ,0468,0000,47920,25031,1,∏Ìº∫,9,16,47920-5,59.79,,468,47920,1,,
0,"8,700",,2003,2018,±≥√Ã1±Ê,00002,00000,47920,00,0,4772040,∫¿»≠¿æ ≥ªº∫∏Æ,0490,0004,47920,25031,1,≈È≈ÿΩ√∆º∆ƒ≈©,10,1,47920-12,59.97,,490-4,47920,2,,
1,"14,100",,2016,2018,∫¿»≠∑Œ,01161,00015,47920,00,0,3309081,∫¿»≠¿æ ≥ªº∫∏Æ,0236,0065,47920,25031,1,ªÔ¡§≈∏øÓ,10,6,47920-84,59.7586,,236-65,47920,9,,
2,"9,950",,1994,2018,±≥√Ã2±Ê,00003,00000,47920,01,0,4772041,∫¿»≠¿æ ≥ªº∫∏Æ,0184,0005,47920,25031,1,∑Œæ‚3¬˜,10,8,47920-3,84.9,,184-5,47920,2,,
3,"23,000",,2015,2018,∫∏πÿ±Ê,00024,00005,47920,01,0,4772160,∫¿»≠¿æ ≥ªº∫∏Æ,0376,0006,47920,25031,1,∏Ì∞°(376-1),10,20,47920-74,84.499,,376-6,47920,3,,
4,"8,700",,2003,2018,±≥√Ã1±Ê,00002,00000,47920,00,0,4772040,∫¿»≠¿æ ≥ªº∫∏Æ,0490,0004,47920,25031,1,≈È≈ÿΩ√∆º∆ƒ≈©,10,22,47920-12,59.97,,490-4,47920,14,,
5,"8,500",,1994,2018,±≥√Ã2±Ê,00003,00000,47920,01,0,4772041,∫¿»≠¿æ ≥ªº∫∏Æ,0184,0005,47920,25031,1,∑Œæ‚3¬˜,10,31,47920-3,84.54,,184-5,47920,5,,
0,"5,800",,1989,2018,±≥√Ã±Ê,00051,00000,47920,01,0,4772042,∫¿»≠¿æ ≥ªº∫∏Æ,0449,0023,47920,25031,1,ªÔøµ(Aµø),11,5,47920-80,57.06,,449-23,47920,1,,
1,"12,000",,2003,2018,±≥√Ã1±Ê,00002,00000,47920,00,0,4772040,∫¿»≠¿æ ≥ªº∫∏Æ,0490,0004,47920,25031,1,≈È≈ÿΩ√∆º∆ƒ≈©,11,11,47920-12,84.98,,490-4,47920,1,,
2,"16,300",,2016,2018,∫¿»≠∑Œ,01161,00015,47920,00,0,3309081,∫¿»≠¿æ ≥ªº∫∏Æ,0236,0065,47920,25031,1,ªÔ¡§≈∏øÓ,11,21,47920-84,59.7586,,236-65,47920,6,,
0,"8,500",,2003,2018,±≥√Ã1±Ê,00002,00000,47920,00,0,4772040,∫¿»≠¿æ ≥ªº∫∏Æ,0490,0004,47920,25031,1,≈È≈ÿΩ√∆º∆ƒ≈©,12,14,47920-12,59.97,,490-4,47920,6,,
1,"9,400",,1997,2018,≥ªº∫∑Œ3±Ê,00018,00001,47920,01,0,4772069,∫¿»≠¿æ ≥ªº∫∏Æ,0192,0004,47920,25031,1,ºº«ˆ,12,21,47920-9,84.01,,192-4,47920,4,,
2,"16,000",,2016,2018,∫¿»≠∑Œ,01161,00017,47920,00,0,3309081,∫¿»≠¿æ ≥ªº∫∏Æ,0236,0028,47920,25031,1,ªÔ¡§∫‰,12,27,47920-79,59.9311,,236-28,47920,3,,
3,"7,300",,1994,2018,±≥√Ã2±Ê,00003,00000,47920,01,0,4772041,∫¿»≠¿æ ≥ªº∫∏Æ,0184,0005,47920,25031,1,∑Œæ‚3¬˜,12,31,47920-3,59.37,,184-5,47920,4,,
4,"10,000",,1992,2018,±≥√Ã2±Ê,00005,00000,47920,01,0,4772041,∫¿»≠¿æ ≥ªº∫∏Æ,0181,0005,47920,25031,1,«—Ω≈∞°µÁ∏«º«,12,31,47920-10,84.82,,181-5,47920,2,,
5,"14,800",,2012,2018,øπ∫¿∑Œ,02124,00001,47920,01,0,3307049,∫¿»≠¿æ ≥ªº∫∏Æ,0466,0000,47920,25031,1,±€∑Œπ˙Ω√∆º3,12,31,47920-61,58.181,,466,47920,1,,
0,"16,300",,2015,2019,º÷æ»2±Ê,00001,00012,47920,00,0,4772234,∫¿»≠¿æ «ÿ¿˙∏Æ,0076,0002,47920,25026,1,ºæ∆Æ∑π∫Ù,1,18,47920-73,76.66,,76-2,47920,4,,
1,"15,500",,2016,2019,∫¿»≠∑Œ,01161,00015,47920,00,0,3309081,∫¿»≠¿æ ≥ªº∫∏Æ,0236,0065,47920,25031,1,ªÔ¡§≈∏øÓ,1,7,47920-84,59.7586,,236-65,47920,5,,
2,"5,300",,1995,2019,øπ∫¿∑Œ,02124,00000,47920,01,0,3307049,∫¿»≠¿æ ≥ªº∫∏Æ,0468,0000,47920,25031,1,∏Ìº∫,1,16,47920-5,52.35,,468,47920,4,,
3,"4,000",,1989,2019,±≥√Ã±Ê,00051,00000,47920,01,0,4772042,∫¿»≠¿æ ≥ªº∫∏Æ,0449,0023,47920,25031,1,ªÔøµ(Aµø),1,21,47920-80,76.8,,449-23,47920,4,,
4,"14,500",,2016,2019,∫¿»≠∑Œ,01161,00015,47920,00,0,3309081,∫¿»≠¿æ ≥ªº∫∏Æ,0236,0065,47920,25031,1,ªÔ¡§≈∏øÓ,1,21,47920-84,59.7586,,236-65,47920,4,,
5,"13,500",,2016,2019,∫¿»≠∑Œ,01161,00015,47920,00,0,3309081,∫¿»≠¿æ ≥ªº∫∏Æ,0236,0065,47920,25031,1,ªÔ¡§≈∏øÓ,1,21,47920-84,59.7586,,236-65,47920,2,,
6,"12,000",,1992,2019,±≥√Ã2±Ê,00005,00000,47920,01,0,4772041,∫¿»≠¿æ ≥ªº∫∏Æ,0181,0005,47920,25031,1,«—Ω≈∞°µÁ∏«º«,1,26,47920-10,84.82,,181-5,47920,2,,
7,"7,500",,1992,2019,±≥√Ã±Ê,00041,00000,47920,01,0,4772042,∫¿»≠¿æ ≥ªº∫∏Æ,0448,0000,47920,25031,1,"ªÔøµ(C,Dµø)",1,30,47920-8,58.94,,448,47920,2,,
0,"7,300",,1994,2019,±≥√Ã2±Ê,00003,00000,47920,01,0,4772041,∫¿»≠¿æ ≥ªº∫∏Æ,0184,0005,47920,25031,1,∑Œæ‚3¬˜,2,1,47920-3,59.37,,184-5,47920,4,,
1,"8,100",,1997,2019,≤…µø≥◊±Ê,00023,00000,47920,00,0,4772060,∫¿»≠¿æ ≥ªº∫∏Æ,0419,0007,47920,25031,1,∏Ìº∫¿Âø¯,2,11,47920-6,59.73,,419-7,47920,2,,
2,"8,300",,1993,2019,≤…µø≥◊±Ê,00019,00014,47920,01,0,4772060,∫¿»≠¿æ ≥ªº∫∏Æ,0419,0033,47920,25031,1,µø∏Ì,2,13,47920-2,84.22,,419-33,47920,3,,
3,"7,000",,2001,2019,±≥√Ã±Ê,00064,00000,47920,00,0,4772042,∫¿»≠¿æ ≥ªº∫∏Æ,0186,0000,47920,25031,1,∏Ìº∫«—∫˚,2,14,47920-15,59.9642,,186,47920,5,,
4,"15,700",,2016,2019,∫¿»≠∑Œ,01161,00015,47920,00,0,3309081,∫¿»≠¿æ ≥ªº∫∏Æ,0236,0065,47920,25031,1,ªÔ¡§≈∏øÓ,2,22,47920-84,59.7586,,236-65,47920,7,,
0,"20,900",,2016,2019,∫∏πÿ±Ê,00024,00008,47920,00,0,4772160,∫¿»≠¿æ ≥ªº∫∏Æ,0426,0033,47920,25031,1,∏Ì∞°≈∏øÓ,3,11,47920-86,80.31,,426-33,47920,5,,
1,"20,900",,2016,2019,∫∏πÿ±Ê,00024,00008,47920,00,0,4772160,∫¿»≠¿æ ≥ªº∫∏Æ,0426,0033,47920,25031,1,∏Ì∞°≈∏øÓ,3,11,47920-86,80.31,,426-33,47920,6,,
2,"6,000",,1992,2019,±≥√Ã±Ê,00041,00000,47920,01,0,4772042,∫¿»≠¿æ ≥ªº∫∏Æ,0448,0000,47920,25031,1,"ªÔøµ(C,Dµø)",3,12,47920-8,58.94,,448,47920,2,,
3,"2,900",,1993,2019,∞≈√Ã∑Œ,00047,00001,47920,00,0,3324001,∫¿»≠¿æ ≥ªº∫∏Æ,0332,0002,47920,25031,1,π›º€¡÷≈√,3,15,47920-7,49.05,,332-2,47920,2,,
4,"3,900",,1993,2019,∞≈√Ã∑Œ,00047,00001,47920,00,0,3324001,∫¿»≠¿æ ≥ªº∫∏Æ,0332,0002,47920,25031,1,π›º€¡÷≈√,3,15,47920-7,49.05,,332-2,47920,3,,
0,"5,300",,1995,2019,∞≈√Ã∑Œ,00055,00000,47920,00,0,3324001,∫¿»≠¿æ ≥ªº∫∏Æ,0334,0000,47920,25031,1,∞°µÁ∏Ò»≠,4,12,47920-1,84.64,,334,47920,6,,
1,"16,000",,2016,2019,∫¿»≠∑Œ,01161,00015,47920,00,0,3309081,∫¿»≠¿æ ≥ªº∫∏Æ,0236,0065,47920,25031,1,ªÔ¡§≈∏øÓ,4,18,47920-84,59.7586,,236-65,47920,8,,
2,"9,500",,1997,2019,≤…µø≥◊±Ê,00023,00000,47920,00,0,4772060,∫¿»≠¿æ ≥ªº∫∏Æ,0419,0007,47920,25031,1,∏Ìº∫¿Âø¯,4,25,47920-6,59.73,,419-7,47920,10,,
3,"5,650",,1995,2019,øπ∫¿∑Œ,02124,00000,47920,01,0,3307049,∫¿»≠¿æ ≥ªº∫∏Æ,0468,0000,47920,25031,1,∏Ìº∫,4,30,47920-5,52.35,,468,47920,3,,
0,"4,150",,1995,2019,∞≈√Ã∑Œ,00055,00000,47920,00,0,3324001,∫¿»≠¿æ ≥ªº∫∏Æ,0334,0000,47920,25031,1,∞°µÁ∏Ò»≠,5,2,47920-1,59.84,,334,47920,5,,
1,"7,700",,1994,2019,±≥√Ã2±Ê,00003,00000,47920,01,0,4772041,∫¿»≠¿æ ≥ªº∫∏Æ,0184,0005,47920,25031,1,∑Œæ‚3¬˜,5,15,47920-3,65.82,,184-5,47920,1,,
2,"4,900",,1993,2019,∞≈√Ã∑Œ,00047,00001,47920,00,0,3324001,∫¿»≠¿æ ≥ªº∫∏Æ,0332,0002,47920,25031,1,π›º€¡÷≈√,5,29,47920-7,58.84,,332-2,47920,3,,
0,"4,600",,1993,2019,∞≈√Ã∑Œ,00047,00001,47920,00,0,3324001,∫¿»≠¿æ ≥ªº∫∏Æ,0332,0002,47920,25031,1,π›º€¡÷≈√,6,7,47920-7,58.84,,332-2,47920,1,,
1,"21,000",,2003,2019,±≥√Ã1±Ê,00002,00000,47920,00,0,4772040,∫¿»≠¿æ ≥ªº∫∏Æ,0490,0004,47920,25031,1,≈È≈ÿΩ√∆º∆ƒ≈©,6,17,47920-12,112.97,,490-4,47920,5,,
0,"14,800",,2016,2019,∫¿»≠∑Œ,01161,00015,47920,00,0,3309081,∫¿»≠¿æ ≥ªº∫∏Æ,0236,0065,47920,25031,1,ªÔ¡§≈∏øÓ,7,15,47920-84,59.7586,,236-65,47920,3,,
0,"21,070",,2016,2019,∫∏πÿ±Ê,00024,00008,47920,00,0,4772160,∫¿»≠¿æ ≥ªº∫∏Æ,0426,0033,47920,25031,1,∏Ì∞°≈∏øÓ,8,5,47920-86,80.31,,426-33,47920,4,,
1,"10,000",,2001,2019,±≥√Ã±Ê,00064,00000,47920,00,0,4772042,∫¿»≠¿æ ≥ªº∫∏Æ,0186,0000,47920,25031,1,∏Ìº∫«—∫˚,8,8,47920-15,59.9642,,186,47920,5,,
2,"6,500",,1992,2019,±≥√Ã2±Ê,00005,00000,47920,01,0,4772041,∫¿»≠¿æ ≥ªº∫∏Æ,0181,0005,47920,25031,1,«—Ω≈∞°µÁ∏«º«,8,9,47920-10,58.78,,181-5,47920,1,,
3,"9,828",,2013,2019,∫∏πÿ±Ê,00032,00000,47920,01,0,4772160,∫¿»≠¿æ ≥ªº∫∏Æ,0376,0001,47920,25031,1,∏Ìº∫ºæΩ√∫Ù2¬˜,8,19,47920-63,59.9944,,376-1,47920,11,,
0,"15,500",,2016,2019,∫¿»≠∑Œ,01161,00017,47920,00,0,3309081,∫¿»≠¿æ ≥ªº∫∏Æ,0236,0028,47920,25031,1,ªÔ¡§∫‰,9,2,47920-79,59.9311,,236-28,47920,5,,
1,"12,500",,2013,2019,∫∏πÿ±Ê,00032,00000,47920,01,0,4772160,∫¿»≠¿æ ≥ªº∫∏Æ,0376,0001,47920,25031,1,∏Ìº∫ºæΩ√∫Ù2¬˜,9,3,47920-63,59.9916,,376-1,47920,5,,
2,"13,000",,2013,2019,∫∏πÿ±Ê,00032,00000,47920,01,0,4772160,∫¿»≠¿æ ≥ªº∫∏Æ,0376,0001,47920,25031,1,∏Ìº∫ºæΩ√∫Ù2¬˜,9,17,47920-63,59.9916,,376-1,47920,12,,
3,"5,300",,1992,2019,±≥√Ã2±Ê,00005,00000,47920,01,0,4772041,∫¿»≠¿æ ≥ªº∫∏Æ,0181,0005,47920,25031,1,«—Ω≈∞°µÁ∏«º«,9,23,47920-10,58.78,,181-5,47920,4,,
4,"23,800",,2015,2019,∫∏πÿ±Ê,00024,00005,47920,01,0,4772160,∫¿»≠¿æ ≥ªº∫∏Æ,0376,0006,47920,25031,1,∏Ì∞°(376-1),9,30,47920-74,84.499,,376-6,47920,8,,
0,"16,200",,2015,2019,º÷æ»2±Ê,00001,00012,47920,00,0,4772234,∫¿»≠¿æ «ÿ¿˙∏Æ,0076,0002,47920,25026,1,ºæ∆Æ∑π∫Ù,10,21,47920-73,76.66,,76-2,47920,4,,
1,"19,500",,2013,2019,∫∏πÿ±Ê,00032,00000,47920,01,0,4772160,∫¿»≠¿æ ≥ªº∫∏Æ,0376,0001,47920,25031,1,∏Ìº∫ºæΩ√∫Ù2¬˜,10,6,47920-63,84.9829,,376-1,47920,14,,
2,"6,500",,1993,2019,≤…µø≥◊±Ê,00019,00014,47920,01,0,4772060,∫¿»≠¿æ ≥ªº∫∏Æ,0419,0033,47920,25031,1,µø∏Ì,10,7,47920-2,59.23,,419-33,47920,2,,
3,"4,000",,1994,2019,±≥√Ã2±Ê,00003,00000,47920,01,0,4772041,∫¿»≠¿æ ≥ªº∫∏Æ,0184,0005,47920,25031,1,∑Œæ‚3¬˜,10,10,47920-3,59.37,,184-5,47920,6,,
4,"6,300",,1992,2019,±≥√Ã2±Ê,00005,00000,47920,01,0,4772041,∫¿»≠¿æ ≥ªº∫∏Æ,0181,0005,47920,25031,1,«—Ω≈∞°µÁ∏«º«,10,12,47920-10,58.78,,181-5,47920,3,,
5,"9,800",,1995,2019,øπ∫¿∑Œ,02124,00000,47920,01,0,3307049,∫¿»≠¿æ ≥ªº∫∏Æ,0468,0000,47920,25031,1,∏Ìº∫,10,17,47920-5,52.35,,468,47920,2,,
6,"11,000",,2013,2019,∫∏πÿ±Ê,00032,00000,47920,01,0,4772160,∫¿»≠¿æ ≥ªº∫∏Æ,0376,0001,47920,25031,1,∏Ìº∫ºæΩ√∫Ù2¬˜,10,18,47920-63,59.9916,,376-1,47920,8,,
7,"14,000",,2015,2019,≥ªº∫√µ2±Ê,00069,00010,47920,00,0,4772077,∫¿»≠¿æ ≥ªº∫∏Æ,0236,0059,47920,25031,1,ªÔ¡§æ∆∆Æ∫Ù,10,19,47920-72,59.8515,,236-59,47920,3,,
8,"7,800",,2001,2019,±≥√Ã±Ê,00064,00000,47920,00,0,4772042,∫¿»≠¿æ ≥ªº∫∏Æ,0186,0000,47920,25031,1,∏Ìº∫«—∫˚,10,26,47920-15,59.9642,,186,47920,6,,
0,"20,500",,2003,2019,±≥√Ã1±Ê,00002,00000,47920,00,0,4772040,∫¿»≠¿æ ≥ªº∫∏Æ,0490,0004,47920,25031,1,≈È≈ÿΩ√∆º∆ƒ≈©,11,14,47920-12,112.97,,490-4,47920,4,,
1,"15,000",,2003,2019,±≥√Ã1±Ê,00002,00000,47920,00,0,4772040,∫¿»≠¿æ ≥ªº∫∏Æ,0490,0004,47920,25031,1,≈È≈ÿΩ√∆º∆ƒ≈©,11,14,47920-12,84.98,,490-4,47920,7,,
2,"21,500",,2011,2019,±≥√Ã±Ê,00027,00001,47920,01,0,4772042,∫¿»≠¿æ ≥ªº∫∏Æ,0466,0002,47920,25031,1,∏æ∆¿ŒæÿΩ√∆º,11,22,47920-55,84.8597,,466-2,47920,7,,
0,"14,400",,2013,2019,∫∏πÿ±Ê,00032,00000,47920,01,0,4772160,∫¿»≠¿æ ≥ªº∫∏Æ,0376,0001,47920,25031,1,∏Ìº∫ºæΩ√∫Ù2¬˜,12,14,47920-63,59.9916,,376-1,47920,8,,
1,"19,500",,2011,2019,±≥√Ã±Ê,00011,00000,47920,01,0,4772042,∫¿»≠¿æ ≥ªº∫∏Æ,0463,0001,47920,25031,1,∏Ìº∫ºæΩ√∫Ù,12,30,47920-57,74.21,,463-1,47920,9,,
0,"16,000",,2012,2020,øπ∫¿∑Œ,02124,00002,47920,01,0,3307049,∫¿»≠¿æ ≥ªº∫∏Æ,0466,0006,47920,25031,1,±€∑Œπ˙Ω√∆º2,1,4,47920-62,58.181,,466-6,47920,2,,
1,"9,500",,1992,2020,±≥√Ã±Ê,00041,00000,47920,01,0,4772042,∫¿»≠¿æ ≥ªº∫∏Æ,0448,0000,47920,25031,1,"ªÔøµ(C,Dµø)",1,13,47920-8,84.84,,448,47920,5,,
2,"20,400",,2013,2020,∫∏πÿ±Ê,00032,00000,47920,01,0,4772160,∫¿»≠¿æ ≥ªº∫∏Æ,0376,0001,47920,25031,1,∏Ìº∫ºæΩ√∫Ù2¬˜,1,28,47920-63,84.9829,,376-1,47920,3,,
3,"16,200",,2016,2020,∫¿»≠∑Œ,01161,00017,47920,00,0,3309081,∫¿»≠¿æ ≥ªº∫∏Æ,0236,0028,47920,25031,1,ªÔ¡§∫‰,1,29,47920-79,59.9311,,236-28,47920,10,,
4,"5,200",,1991,2020,√·æÁ∑Œ,00225,00011,47920,01,0,3324022,√·æÁ∏È ¿«æÁ∏Æ,0197,0012,47920,34021,1,∞≠∫Ø,1,5,47920-11,54.74,,197-12,47920,2,,
0,"6,400",,1993,2020,≤…µø≥◊±Ê,00019,00014,47920,01,0,4772060,∫¿»≠¿æ ≥ªº∫∏Æ,0419,0033,47920,25031,1,µø∏Ì,2,5,47920-2,59.23,,419-33,47920,2,,
1,"8,400",,1992,2020,±≥√Ã±Ê,00041,00000,47920,01,0,4772042,∫¿»≠¿æ ≥ªº∫∏Æ,0448,0000,47920,25031,1,"ªÔøµ(C,Dµø)",2,11,47920-8,58.94,,448,47920,2,,
2,"16,800",,2012,2020,øπ∫¿∑Œ,02124,00002,47920,01,0,3307049,∫¿»≠¿æ ≥ªº∫∏Æ,0466,0006,47920,25031,1,±€∑Œπ˙Ω√∆º2,2,13,47920-62,58.181,,466-6,47920,4,,
3,"15,500",,2016,2020,∫∏πÿ±Ê,00024,00008,47920,00,0,4772160,∫¿»≠¿æ ≥ªº∫∏Æ,0426,0033,47920,25031,1,∏Ì∞°≈∏øÓ,2,21,47920-86,63.74,,426-33,47920,10,,
4,"9,500",,2003,2020,±≥√Ã1±Ê,00002,00000,47920,00,0,4772040,∫¿»≠¿æ ≥ªº∫∏Æ,0490,0004,47920,25031,1,≈È≈ÿΩ√∆º∆ƒ≈©,2,23,47920-12,59.97,,490-4,47920,14,,
0,"5,000",,1992,2020,±≥√Ã±Ê,00041,00000,47920,01,0,4772042,∫¿»≠¿æ ≥ªº∫∏Æ,0448,0000,47920,25031,1,"ªÔøµ(C,Dµø)",3,16,47920-8,58.94,,448,47920,5,,
1,"12,000",,1997,2020,≤…µø≥◊±Ê,00023,00000,47920,00,0,4772060,∫¿»≠¿æ ≥ªº∫∏Æ,0419,0007,47920,25031,1,∏Ìº∫¿Âø¯,3,26,47920-6,59.73,,419-7,47920,10,,
2,"8,350",,2001,2020,±≥√Ã±Ê,00064,00000,47920,00,0,4772042,∫¿»≠¿æ ≥ªº∫∏Æ,0186,0000,47920,25031,1,∏Ìº∫«—∫˚,3,26,47920-15,59.9642,,186,47920,4,,
3,"7,000",,1992,2020,±≥√Ã±Ê,00041,00000,47920,01,0,4772042,∫¿»≠¿æ ≥ªº∫∏Æ,0448,0000,47920,25031,1,"ªÔøµ(C,Dµø)",3,30,47920-8,58.94,,448,47920,2,,
0,"17,800",,2015,2020,º÷æ»2±Ê,00001,00012,47920,00,0,4772234,∫¿»≠¿æ «ÿ¿˙∏Æ,0076,0002,47920,25026,1,ºæ∆Æ∑π∫Ù,4,2,47920-73,76.66,,76-2,47920,7,,
1,"5,300",,1995,2020,∞≈√Ã∑Œ,00055,00000,47920,00,0,3324001,∫¿»≠¿æ ≥ªº∫∏Æ,0334,0000,47920,25031,1,∞°µÁ∏Ò»≠,4,7,47920-1,59.84,,334,47920,3,,
2,"5,650",,1995,2020,øπ∫¿∑Œ,02124,00000,47920,01,0,3307049,∫¿»≠¿æ ≥ªº∫∏Æ,0468,0000,47920,25031,1,∏Ìº∫,4,28,47920-5,59.79,,468,47920,4,,
3,"15,900",,2016,2020,∫¿»≠∑Œ,01161,00017,47920,00,0,3309081,∫¿»≠¿æ ≥ªº∫∏Æ,0236,0028,47920,25031,1,ªÔ¡§∫‰,4,29,47920-79,59.9311,,236-28,47920,7,,
0,"18,500",,2013,2020,∫∏πÿ±Ê,00032,00000,47920,01,0,4772160,∫¿»≠¿æ ≥ªº∫∏Æ,0376,0001,47920,25031,1,∏Ìº∫ºæΩ√∫Ù2¬˜,5,6,47920-63,84.9829,,376-1,47920,5,,
1,"24,500",,2015,2020,∫∏πÿ±Ê,00024,00005,47920,01,0,4772160,∫¿»≠¿æ ≥ªº∫∏Æ,0376,0025,47920,25031,1,∏Ì∞°(376-25),5,7,47920-76,84.499,,376-25,47920,4,,
2,"15,000",,2011,2020,±≥√Ã±Ê,00011,00000,47920,01,0,4772042,∫¿»≠¿æ ≥ªº∫∏Æ,0463,0001,47920,25031,1,∏Ìº∫ºæΩ√∫Ù,5,14,47920-57,59.9917,,463-1,47920,7,,
3,"16,600",,2016,2020,∫¿»≠∑Œ,01161,00015,47920,00,0,3309081,∫¿»≠¿æ ≥ªº∫∏Æ,0236,0065,47920,25031,1,ªÔ¡§≈∏øÓ,5,17,47920-84,59.7586,,236-65,47920,2,,
4,"7,100",,1995,2020,∞≈√Ã∑Œ,00055,00000,47920,00,0,3324001,∫¿»≠¿æ ≥ªº∫∏Æ,0334,0000,47920,25031,1,∞°µÁ∏Ò»≠,5,29,47920-1,84.64,,334,47920,4,,
5,"20,400",,2016,2020,∫∏πÿ±Ê,00024,00008,47920,00,0,4772160,∫¿»≠¿æ ≥ªº∫∏Æ,0426,0033,47920,25031,1,∏Ì∞°≈∏øÓ,5,29,47920-86,80.31,,426-33,47920,4,,
0,"7,405",,1992,2020,±≥√Ã±Ê,00041,00000,47920,01,0,4772042,∫¿»≠¿æ ≥ªº∫∏Æ,0448,0000,47920,25031,1,"ªÔøµ(C,Dµø)",6,5,47920-8,58.94,,448,47920,3,,
1,"11,000",,2016,2020,∫∏πÿ±Ê,00024,00008,47920,00,0,4772160,∫¿»≠¿æ ≥ªº∫∏Æ,0426,0033,47920,25031,1,∏Ì∞°≈∏øÓ,6,19,47920-86,39.95,,426-33,47920,10,,
2,"14,100",,2013,2020,∫∏πÿ±Ê,00032,00000,47920,01,0,4772160,∫¿»≠¿æ ≥ªº∫∏Æ,0376,0001,47920,25031,1,∏Ìº∫ºæΩ√∫Ù2¬˜,6,22,47920-63,59.9916,,376-1,47920,5,,
3,"8,600",,2001,2020,±≥√Ã±Ê,00064,00000,47920,00,0,4772042,∫¿»≠¿æ ≥ªº∫∏Æ,0186,0000,47920,25031,1,∏Ìº∫«—∫˚,6,29,47920-15,59.9642,,186,47920,1,,
4,"7,300",,1994,2020,±≥√Ã2±Ê,00003,00000,47920,01,0,4772041,∫¿»≠¿æ ≥ªº∫∏Æ,0184,0005,47920,25031,1,∑Œæ‚3¬˜,6,30,47920-3,59.37,,184-5,47920,4,,
5,"5,100",,1991,2020,√·æÁ∑Œ,00225,00011,47920,01,0,3324022,√·æÁ∏È ¿«æÁ∏Æ,0197,0012,47920,34021,1,∞≠∫Ø,6,4,47920-11,54.74,,197-12,47920,1,,
6,"5,000",,1991,2020,√·æÁ∑Œ,00225,00011,47920,01,0,3324022,√·æÁ∏È ¿«æÁ∏Æ,0197,0012,47920,34021,1,∞≠∫Ø,6,10,47920-11,54.74,,197-12,47920,3,,
7,"5,300",,1991,2020,√·æÁ∑Œ,00225,00011,47920,01,0,3324022,√·æÁ∏È ¿«æÁ∏Æ,0197,0012,47920,34021,1,∞≠∫Ø,6,26,47920-11,54.74,,197-12,47920,5,,
0,"4,300",,1995,2020,∞≈√Ã∑Œ,00055,00000,47920,00,0,3324001,∫¿»≠¿æ ≥ªº∫∏Æ,0334,0000,47920,25031,1,∞°µÁ∏Ò»≠,7,6,47920-1,59.84,,334,47920,5,,
1,"13,000",,2013,2020,∫∏πÿ±Ê,00032,00000,47920,01,0,4772160,∫¿»≠¿æ ≥ªº∫∏Æ,0376,0001,47920,25031,1,∏Ìº∫ºæΩ√∫Ù2¬˜,7,30,47920-63,59.9916,,376-1,47920,2,,
2,"5,200",,1991,2020,√·æÁ∑Œ,00225,00011,47920,01,0,3324022,√·æÁ∏È ¿«æÁ∏Æ,0197,0012,47920,34021,1,∞≠∫Ø,7,6,47920-11,54.74,,197-12,47920,1,,
0,"10,700",,1992,2020,±≥√Ã±Ê,00041,00000,47920,01,0,4772042,∫¿»≠¿æ ≥ªº∫∏Æ,0448,0000,47920,25031,1,"ªÔøµ(C,Dµø)",8,10,47920-8,84.84,,448,47920,4,,
1,"14,000",,2013,2020,∫∏πÿ±Ê,00032,00000,47920,01,0,4772160,∫¿»≠¿æ ≥ªº∫∏Æ,0376,0001,47920,25031,1,∏Ìº∫ºæΩ√∫Ù2¬˜,8,14,47920-63,59.9916,,376-1,47920,12,,
0,"11,000",,1997,2020,≤…µø≥◊±Ê,00023,00000,47920,00,0,4772060,∫¿»≠¿æ ≥ªº∫∏Æ,0419,0007,47920,25031,1,∏Ìº∫¿Âø¯,9,10,47920-6,59.73,,419-7,47920,7,,
1,"6,900",,1989,2020,±≥√Ã±Ê,00051,00000,47920,01,0,4772042,∫¿»≠¿æ ≥ªº∫∏Æ,0449,0007,47920,25031,1,ªÔøµ,9,15,47920-81,58.71,,449-7,47920,4,,
2,"19,200",,2016,2020,∫∏πÿ±Ê,00024,00008,47920,00,0,4772160,∫¿»≠¿æ ≥ªº∫∏Æ,0426,0033,47920,25031,1,∏Ì∞°≈∏øÓ,9,15,47920-86,58.27,,426-33,47920,10,,
3,"17,000",,2011,2020,±≥√Ã±Ê,00011,00000,47920,01,0,4772042,∫¿»≠¿æ ≥ªº∫∏Æ,0463,0001,47920,25031,1,∏Ìº∫ºæΩ√∫Ù,9,21,47920-57,59.9917,,463-1,47920,6,,
4,"15,000",,1997,2020,≤…µø≥◊±Ê,00023,00000,47920,00,0,4772060,∫¿»≠¿æ ≥ªº∫∏Æ,0419,0007,47920,25031,1,∏Ìº∫¿Âø¯,9,29,47920-6,84.85,,419-7,47920,7,,
0,"23,000",,2016,2020,∫∏πÿ±Ê,00024,00008,47920,00,0,4772160,∫¿»≠¿æ ≥ªº∫∏Æ,0426,0033,47920,25031,1,∏Ì∞°≈∏øÓ,10,7,47920-86,80.31,,426-33,47920,7,,
1,"4,500",,1989,2020,±≥√Ã±Ê,00051,00000,47920,01,0,4772042,∫¿»≠¿æ ≥ªº∫∏Æ,0449,0007,47920,25031,1,ªÔøµ,10,26,47920-81,58.71,,449-7,47920,3,,
2,"5,000",,1991,2020,√·æÁ∑Œ,00225,00011,47920,01,0,3324022,√·æÁ∏È ¿«æÁ∏Æ,0197,0012,47920,34021,1,∞≠∫Ø,10,5,47920-11,60.32,,197-12,47920,1,,
0,"16,400",,2016,2020,∫¿»≠∑Œ,01161,00017,47920,00,0,3309081,∫¿»≠¿æ ≥ªº∫∏Æ,0236,0028,47920,25031,1,ªÔ¡§∫‰,11,5,47920-79,59.9311,,236-28,47920,8,,
1,"18,300",,2016,2020,∫∏πÿ±Ê,00024,00008,47920,00,0,4772160,∫¿»≠¿æ ≥ªº∫∏Æ,0426,0033,47920,25031,1,∏Ì∞°≈∏øÓ,11,5,47920-86,58.27,,426-33,47920,3,,
2,"6,600",,1993,2020,≤…µø≥◊±Ê,00019,00014,47920,01,0,4772060,∫¿»≠¿æ ≥ªº∫∏Æ,0419,0033,47920,25031,1,µø∏Ì,11,20,47920-2,59.23,,419-33,47920,4,,
3,"14,800",,2013,2020,∫∏πÿ±Ê,00032,00000,47920,01,0,4772160,∫¿»≠¿æ ≥ªº∫∏Æ,0376,0001,47920,25031,1,∏Ìº∫ºæΩ√∫Ù2¬˜,11,23,47920-63,59.9944,,376-1,47920,6,,
0,"15,200",,2016,2020,∫¿»≠∑Œ,01161,00017,47920,00,0,3309081,∫¿»≠¿æ ≥ªº∫∏Æ,0236,0028,47920,25031,1,ªÔ¡§∫‰,12,5,47920-79,59.9311,,236-28,47920,10,,
1,"9,500",,2003,2020,±≥√Ã1±Ê,00002,00000,47920,00,0,4772040,∫¿»≠¿æ ≥ªº∫∏Æ,0490,0004,47920,25031,1,≈È≈ÿΩ√∆º∆ƒ≈©,12,7,47920-12,59.97,,490-4,47920,7,,
2,"16,800",,2016,2020,∫∏πÿ±Ê,00024,00008,47920,00,0,4772160,∫¿»≠¿æ ≥ªº∫∏Æ,0426,0033,47920,25031,1,∏Ì∞°≈∏øÓ,12,10,47920-86,63.53,,426-33,47920,8,,
3,"6,200",,1992,2020,±≥√Ã±Ê,00041,00000,47920,01,0,4772042,∫¿»≠¿æ ≥ªº∫∏Æ,0448,0000,47920,25031,1,"ªÔøµ(C,Dµø)",12,14,47920-8,58.94,,448,47920,2,,
4,"4,900",,1995,2020,∞≈√Ã∑Œ,00055,00000,47920,00,0,3324001,∫¿»≠¿æ ≥ªº∫∏Æ,0334,0000,47920,25031,1,∞°µÁ∏Ò»≠,12,15,47920-1,59.84,,334,47920,5,,
5,"20,000",,2011,2020,±≥√Ã±Ê,00011,00000,47920,01,0,4772042,∫¿»≠¿æ ≥ªº∫∏Æ,0463,0001,47920,25031,1,∏Ìº∫ºæΩ√∫Ù,12,25,47920-57,74.3971,,463-1,47920,9,,
0,"9,650",,1997,2021,≤…µø≥◊±Ê,00023,00000,47920,00,0,4772060,∫¿»≠¿æ ≥ªº∫∏Æ,0419,0007,47920,25031,1,∏Ìº∫¿Âø¯,1,6,47920-6,59.73,,419-7,47920,5,,
1,"7,400",,1992,2021,±≥√Ã±Ê,00041,00000,47920,01,0,4772042,∫¿»≠¿æ ≥ªº∫∏Æ,0448,0000,47920,25031,1,"ªÔøµ(C,Dµø)",1,15,47920-8,58.94,,448,47920,3,,
2,"6,900",,1995,2021,∞≈√Ã∑Œ,00055,00000,47920,00,0,3324001,∫¿»≠¿æ ≥ªº∫∏Æ,0334,0000,47920,25031,1,∞°µÁ∏Ò»≠,1,20,47920-1,59.84,,334,47920,4,,
3,"7,000",,1992,2021,±≥√Ã2±Ê,00005,00000,47920,01,0,4772041,∫¿»≠¿æ ≥ªº∫∏Æ,0181,0005,47920,25031,1,«—Ω≈∞°µÁ∏«º«,1,20,47920-10,58.78,,181-5,47920,2,,
4,"14,800",,2013,2021,∫∏πÿ±Ê,00032,00000,47920,01,0,4772160,∫¿»≠¿æ ≥ªº∫∏Æ,0376,0001,47920,25031,1,∏Ìº∫ºæΩ√∫Ù2¬˜,1,25,47920-63,59.9916,,376-1,47920,11,,
5,"15,300",,2016,2021,∫¿»≠∑Œ,01161,00017,47920,00,0,3309081,∫¿»≠¿æ ≥ªº∫∏Æ,0236,0028,47920,25031,1,ªÔ¡§∫‰,1,26,47920-79,59.9311,,236-28,47920,10,,
6,"4,600",,1991,2021,√·æÁ∑Œ,00225,00011,47920,01,0,3324022,√·æÁ∏È ¿«æÁ∏Æ,0197,0012,47920,34021,1,∞≠∫Ø,1,11,47920-11,60.32,,197-12,47920,5,,
0,"7,450",,1992,2021,±≥√Ã±Ê,00041,00000,47920,01,0,4772042,∫¿»≠¿æ ≥ªº∫∏Æ,0448,0000,47920,25031,1,"ªÔøµ(C,Dµø)",2,1,47920-8,58.94,,448,47920,1,,
1,"21,850",,2011,2021,±≥√Ã±Ê,00027,00001,47920,01,0,4772042,∫¿»≠¿æ ≥ªº∫∏Æ,0466,0002,47920,25031,1,∏æ∆¿ŒæÿΩ√∆º,2,1,47920-55,84.8597,,466-2,47920,4,,
2,"4,200",,1993,2021,∞≈√Ã∑Œ,00047,00001,47920,00,0,3324001,∫¿»≠¿æ ≥ªº∫∏Æ,0332,0002,47920,25031,1,π›º€¡÷≈√,2,5,47920-7,58.84,,332-2,47920,3,,
3,"9,200",,2001,2021,±≥√Ã±Ê,00064,00000,47920,00,0,4772042,∫¿»≠¿æ ≥ªº∫∏Æ,0186,0000,47920,25031,1,∏Ìº∫«—∫˚,2,9,47920-15,59.9642,,186,47920,4,,
4,"14,000",,2013,2021,∫∏πÿ±Ê,00032,00000,47920,01,0,4772160,∫¿»≠¿æ ≥ªº∫∏Æ,0376,0001,47920,25031,1,∏Ìº∫ºæΩ√∫Ù2¬˜,2,18,47920-63,59.9916,,376-1,47920,2,,
5,"17,200",,2011,2021,±≥√Ã±Ê,00011,00000,47920,01,0,4772042,∫¿»≠¿æ ≥ªº∫∏Æ,0463,0001,47920,25031,1,∏Ìº∫ºæΩ√∫Ù,2,22,47920-57,59.9917,,463-1,47920,6,,
0,"21,000",,2016,2021,∫∏πÿ±Ê,00024,00008,47920,00,0,4772160,∫¿»≠¿æ ≥ªº∫∏Æ,0426,0033,47920,25031,1,∏Ì∞°≈∏øÓ,3,1,47920-86,80.31,,426-33,47920,6,,
1,"4,000",,1995,2021,øπ∫¿∑Œ,02124,00000,47920,01,0,3307049,∫¿»≠¿æ ≥ªº∫∏Æ,0468,0000,47920,25031,1,∏Ìº∫,3,4,47920-5,52.35,,468,47920,2,,
2,"4,500",,1995,2021,øπ∫¿∑Œ,02124,00000,47920,01,0,3307049,∫¿»≠¿æ ≥ªº∫∏Æ,0468,0000,47920,25031,1,∏Ìº∫,3,4,47920-5,52.35,,468,47920,5,,
3,"16,200",,2016,2021,∫¿»≠∑Œ,01161,00017,47920,00,0,3309081,∫¿»≠¿æ ≥ªº∫∏Æ,0236,0028,47920,25031,1,ªÔ¡§∫‰,3,10,47920-79,59.9311,,236-28,47920,4,,
4,"4,000",,1993,2021,∞≈√Ã∑Œ,00047,00001,47920,00,0,3324001,∫¿»≠¿æ ≥ªº∫∏Æ,0332,0002,47920,25031,1,π›º€¡÷≈√,3,12,47920-7,58.84,,332-2,47920,2,,
5,"4,000",,1995,2021,∞≈√Ã∑Œ,00055,00000,47920,00,0,3324001,∫¿»≠¿æ ≥ªº∫∏Æ,0334,0000,47920,25031,1,∞°µÁ∏Ò»≠,3,13,47920-1,59.84,,334,47920,6,,
6,"14,000",,2016,2021,∫¿»≠∑Œ,01161,00017,47920,00,0,3309081,∫¿»≠¿æ ≥ªº∫∏Æ,0236,0028,47920,25031,1,ªÔ¡§∫‰,3,17,47920-79,59.9311,,236-28,47920,5,,
7,"14,000",,2003,2021,±≥√Ã1±Ê,00002,00000,47920,00,0,4772040,∫¿»≠¿æ ≥ªº∫∏Æ,0490,0004,47920,25031,1,≈È≈ÿΩ√∆º∆ƒ≈©,3,19,47920-12,84.98,,490-4,47920,6,,
8,"5,500",,1995,2021,∞≈√Ã∑Œ,00055,00000,47920,00,0,3324001,∫¿»≠¿æ ≥ªº∫∏Æ,0334,0000,47920,25031,1,∞°µÁ∏Ò»≠,3,31,47920-1,59.84,,334,47920,5,,
9,"10,000",,2001,2021,±≥√Ã±Ê,00064,00000,47920,00,0,4772042,∫¿»≠¿æ ≥ªº∫∏Æ,0186,0000,47920,25031,1,∏Ìº∫«—∫˚,3,31,47920-15,59.9642,,186,47920,5,,
0,"16,000",,2016,2021,∫¿»≠∑Œ,01161,00017,47920,00,0,3309081,∫¿»≠¿æ ≥ªº∫∏Æ,0236,0028,47920,25031,1,ªÔ¡§∫‰,4,1,47920-79,59.9311,,236-28,47920,3,,
1,"4,000",,1995,2021,øπ∫¿∑Œ,02124,00000,47920,01,0,3307049,∫¿»≠¿æ ≥ªº∫∏Æ,0468,0000,47920,25031,1,∏Ìº∫,4,5,47920-5,52.35,,468,47920,5,,
2,"6,000",,1992,2021,±≥√Ã±Ê,00041,00000,47920,01,0,4772042,∫¿»≠¿æ ≥ªº∫∏Æ,0448,0000,47920,25031,1,"ªÔøµ(C,Dµø)",4,9,47920-8,58.94,,448,47920,5,,
3,"6,500",,1992,2021,±≥√Ã2±Ê,00005,00000,47920,01,0,4772041,∫¿»≠¿æ ≥ªº∫∏Æ,0181,0005,47920,25031,1,«—Ω≈∞°µÁ∏«º«,4,9,47920-10,58.78,,181-5,47920,3,,
4,"5,500",,1993,2021,∞≈√Ã∑Œ,00047,00001,47920,00,0,3324001,∫¿»≠¿æ ≥ªº∫∏Æ,0332,0002,47920,25031,1,π›º€¡÷≈√,4,15,47920-7,58.84,,332-2,47920,1,,
5,"5,800",,1989,2021,±≥√Ã±Ê,00051,00000,47920,01,0,4772042,∫¿»≠¿æ ≥ªº∫∏Æ,0449,0007,47920,25031,1,ªÔøµ,4,21,47920-81,84.39,,449-7,47920,5,,
6,"6,000",,1995,2021,∞≈√Ã∑Œ,00055,00000,47920,00,0,3324001,∫¿»≠¿æ ≥ªº∫∏Æ,0334,0000,47920,25031,1,∞°µÁ∏Ò»≠,4,22,47920-1,59.84,,334,47920,2,,
7,"8,700",,2001,2021,±≥√Ã±Ê,00064,00000,47920,00,0,4772042,∫¿»≠¿æ ≥ªº∫∏Æ,0186,0000,47920,25031,1,∏Ìº∫«—∫˚,4,23,47920-15,59.9642,,186,47920,4,,
0,"21,500",,2016,2021,∫∏πÿ±Ê,00024,00008,47920,00,0,4772160,∫¿»≠¿æ ≥ªº∫∏Æ,0426,0033,47920,25031,1,∏Ì∞°≈∏øÓ,5,7,47920-86,80.31,,426-33,47920,5,,
1,"6,000",,1989,2021,±≥√Ã±Ê,00051,00000,47920,01,0,4772042,∫¿»≠¿æ ≥ªº∫∏Æ,0449,0023,47920,25031,1,ªÔøµ(Aµø),5,18,47920-80,48.42,,449-23,47920,2,,
2,"12,000",,1997,2021,≤…µø≥◊±Ê,00023,00000,47920,00,0,4772060,∫¿»≠¿æ ≥ªº∫∏Æ,0419,0007,47920,25031,1,∏Ìº∫¿Âø¯,5,20,47920-6,75.76,,419-7,47920,6,,
0,"11,900",,2016,2021,∫∏πÿ±Ê,00024,00008,47920,00,0,4772160,∫¿»≠¿æ ≥ªº∫∏Æ,0426,0033,47920,25031,1,∏Ì∞°≈∏øÓ,6,3,47920-86,39.95,,426-33,47920,6,,
1,"7,000",,1992,2021,±≥√Ã±Ê,00059,00000,47920,01,0,4772042,∫¿»≠¿æ ≥ªº∫∏Æ,0188,0009,47920,25031,1,∑Œæ‚∏«º«,6,4,47920-4,84.47,,188-9,47920,5,,
2,"5,000",,1989,2021,±≥√Ã±Ê,00051,00000,47920,01,0,4772042,∫¿»≠¿æ ≥ªº∫∏Æ,0449,0023,47920,25031,1,ªÔøµ(Aµø),6,7,47920-80,57.06,,449-23,47920,5,,
3,"3,500",,1993,2021,∞≈√Ã∑Œ,00047,00001,47920,00,0,3324001,∫¿»≠¿æ ≥ªº∫∏Æ,0332,0002,47920,25031,1,π›º€¡÷≈√,6,10,47920-7,49.05,,332-2,47920,2,,
4,"6,500",,1994,2021,±≥√Ã2±Ê,00003,00000,47920,01,0,4772041,∫¿»≠¿æ ≥ªº∫∏Æ,0184,0005,47920,25031,1,∑Œæ‚3¬˜,6,16,47920-3,59.37,,184-5,47920,4,,
0,"7,900",,1993,2021,≤…µø≥◊±Ê,00019,00014,47920,01,0,4772060,∫¿»≠¿æ ≥ªº∫∏Æ,0419,0033,47920,25031,1,µø∏Ì,7,9,47920-2,84.22,,419-33,47920,2,,
1,"21,500",,2016,2021,∫∏πÿ±Ê,00024,00008,47920,00,0,4772160,∫¿»≠¿æ ≥ªº∫∏Æ,0426,0033,47920,25031,1,∏Ì∞°≈∏øÓ,7,9,47920-86,80.31,,426-33,47920,6,,
2,"6,800",,1992,2021,±≥√Ã±Ê,00059,00000,47920,01,0,4772042,∫¿»≠¿æ ≥ªº∫∏Æ,0188,0009,47920,25031,1,∑Œæ‚∏«º«,7,12,47920-4,84.47,,188-9,47920,4,,
3,"15,500",,2016,2021,∫¿»≠∑Œ,01161,00017,47920,00,0,3309081,∫¿»≠¿æ ≥ªº∫∏Æ,0236,0028,47920,25031,1,ªÔ¡§∫‰,7,30,47920-79,59.9311,,236-28,47920,10,,
0,"15,500",,2013,2021,∫∏πÿ±Ê,00032,00000,47920,01,0,4772160,∫¿»≠¿æ ≥ªº∫∏Æ,0376,0001,47920,25031,1,∏Ìº∫ºæΩ√∫Ù2¬˜,8,16,47920-63,59.9916,,376-1,47920,6,,
1,"16,000",,2011,2021,±≥√Ã±Ê,00011,00000,47920,01,0,4772042,∫¿»≠¿æ ≥ªº∫∏Æ,0463,0001,47920,25031,1,∏Ìº∫ºæΩ√∫Ù,8,30,47920-57,59.9917,,463-1,47920,9,,
2,"5,400",,1991,2021,√·æÁ∑Œ,00225,00011,47920,01,0,3324022,√·æÁ∏È ¿«æÁ∏Æ,0197,0012,47920,34021,1,∞≠∫Ø,8,16,47920-11,60.32,,197-12,47920,5,,
3,"5,130",,1991,2021,√·æÁ∑Œ,00225,00011,47920,01,0,3324022,√·æÁ∏È ¿«æÁ∏Æ,0197,0012,47920,34021,1,∞≠∫Ø,8,18,47920-11,60.32,,197-12,47920,1,,
4,"6,800",,1991,2021,√·æÁ∑Œ,00225,00011,47920,01,0,3324022,√·æÁ∏È ¿«æÁ∏Æ,0197,0012,47920,34021,1,∞≠∫Ø,8,29,47920-11,54.74,,197-12,47920,4,,
0,"5,500",,1995,2021,∞≈√Ã∑Œ,00055,00000,47920,00,0,3324001,∫¿»≠¿æ ≥ªº∫∏Æ,0334,0000,47920,25031,1,∞°µÁ∏Ò»≠,9,3,47920-1,59.84,,334,47920,6,,
1,"26,500",,2015,2021,∫∏πÿ±Ê,00024,00005,47920,01,0,4772160,∫¿»≠¿æ ≥ªº∫∏Æ,0376,0006,47920,25031,1,∏Ì∞°(376-1),9,3,47920-74,84.499,,376-6,47920,1,,
2,"9,950",,2003,2021,±≥√Ã1±Ê,00002,00000,47920,00,0,4772040,∫¿»≠¿æ ≥ªº∫∏Æ,0490,0004,47920,25031,1,≈È≈ÿΩ√∆º∆ƒ≈©,9,4,47920-12,59.97,,490-4,47920,3,,
3,"6,400",,1995,2021,øπ∫¿∑Œ,02124,00000,47920,01,0,3307049,∫¿»≠¿æ ≥ªº∫∏Æ,0468,0000,47920,25031,1,∏Ìº∫,9,29,47920-5,52.35,,468,47920,2,,
0,"28,000",,2015,2021,∫∏πÿ±Ê,00024,00005,47920,01,0,4772160,∫¿»≠¿æ ≥ªº∫∏Æ,0376,0006,47920,25031,1,∏Ì∞°(376-1),10,1,47920-74,84.499,,376-6,47920,8,,
1,"27,000",,2015,2021,∫∏πÿ±Ê,00024,00005,47920,01,0,4772160,∫¿»≠¿æ ≥ªº∫∏Æ,0376,0006,47920,25031,1,∏Ì∞°(376-1),10,19,47920-74,84.499,,376-6,47920,2,,
2,"7,150",,2001,2021,±≥√Ã±Ê,00064,00000,47920,00,0,4772042,∫¿»≠¿æ ≥ªº∫∏Æ,0186,0000,47920,25031,1,∏Ìº∫«—∫˚,10,22,47920-15,59.9642,,186,47920,6,,
3,"16,000",,2013,2021,∫∏πÿ±Ê,00032,00000,47920,01,0,4772160,∫¿»≠¿æ ≥ªº∫∏Æ,0376,0001,47920,25031,1,∏Ìº∫ºæΩ√∫Ù2¬˜,10,28,47920-63,59.9916,,376-1,47920,11,,
0,"17,200",¡˜∞≈∑°,2011,2021,±≥√Ã±Ê,00011,00000,47920,01,0,4772042,∫¿»≠¿æ ≥ªº∫∏Æ,0463,0001,47920,25031,1,∏Ìº∫ºæΩ√∫Ù,11,1,47920-57,59.9917,,463-1,47920,8,,
1,"23,800",¡˜∞≈∑°,2013,2021,∫∏πÿ±Ê,00032,00000,47920,01,0,4772160,∫¿»≠¿æ ≥ªº∫∏Æ,0376,0001,47920,25031,1,∏Ìº∫ºæΩ√∫Ù2¬˜,11,1,47920-63,84.9829,,376-1,47920,15,,
2,"14,000",¡˜∞≈∑°,2013,2021,∫∏πÿ±Ê,00032,00000,47920,01,0,4772160,∫¿»≠¿æ ≥ªº∫∏Æ,0376,0001,47920,25031,1,∏Ìº∫ºæΩ√∫Ù2¬˜,11,1,47920-63,59.9916,,376-1,47920,2,,
3,"17,200",¡˜∞≈∑°,2011,2021,±≥√Ã±Ê,00011,00000,47920,01,0,4772042,∫¿»≠¿æ ≥ªº∫∏Æ,0463,0001,47920,25031,1,∏Ìº∫ºæΩ√∫Ù,11,5,47920-57,59.9917,,463-1,47920,7,,
0,"18,850",¡ﬂ∞≥∞≈∑°,2015,2021,º÷æ»2±Ê,00001,00012,47920,00,0,4772234,∫¿»≠¿æ «ÿ¿˙∏Æ,0076,0002,47920,25026,1,ºæ∆Æ∑π∫Ù,12,14,47920-73,76.66,∞Ê∫œ øµ¡÷Ω√,76-2,47920,10,,
1,"16,500",¡˜∞≈∑°,2012,2021,øπ∫¿∑Œ,02124,00002,47920,01,0,3307049,∫¿»≠¿æ ≥ªº∫∏Æ,0466,0006,47920,25031,1,±€∑Œπ˙Ω√∆º2,12,1,47920-62,58.181,,466-6,47920,1,,
2,"6,200",¡˜∞≈∑°,1997,2021,≥ªº∫∑Œ3±Ê,00018,00001,47920,01,0,4772069,∫¿»≠¿æ ≥ªº∫∏Æ,0192,0004,47920,25031,1,ºº«ˆ,12,3,47920-9,59.02,,192-4,47920,3,,
3,"15,800",¡˜∞≈∑°,2016,2021,∫¿»≠∑Œ,01161,00017,47920,00,0,3309081,∫¿»≠¿æ ≥ªº∫∏Æ,0236,0028,47920,25031,1,ªÔ¡§∫‰,12,3,47920-79,59.9311,,236-28,47920,2,,
4,"15,000",¡˜∞≈∑°,2015,2021,≥ªº∫√µ2±Ê,00069,00010,47920,00,0,4772077,∫¿»≠¿æ ≥ªº∫∏Æ,0236,0059,47920,25031,1,ªÔ¡§æ∆∆Æ∫Ù,12,14,47920-72,59.8515,,236-59,47920,4,,
5,"16,300",¡˜∞≈∑°,2011,2021,±≥√Ã±Ê,00011,00000,47920,01,0,4772042,∫¿»≠¿æ ≥ªº∫∏Æ,0463,0001,47920,25031,1,∏Ìº∫ºæΩ√∫Ù,12,20,47920-57,59.9917,,463-1,47920,1,,
6,"15,900",¡˜∞≈∑°,2013,2021,∫∏πÿ±Ê,00032,00000,47920,01,0,4772160,∫¿»≠¿æ ≥ªº∫∏Æ,0376,0001,47920,25031,1,∏Ìº∫ºæΩ√∫Ù2¬˜,12,28,47920-63,59.9916,,376-1,47920,7,,
0,"6,800",¡˜∞≈∑°,1992,2022,±≥√Ã±Ê,00041,00000,47920,01,0,4772042,∫¿»≠¿æ ≥ªº∫∏Æ,0448,0000,47920,25031,1,"ªÔøµ(C,Dµø)",1,4,47920-8,58.94,,448,47920,4,,
0,"17,700",¡˜∞≈∑°,2012,2022,øπ∫¿∑Œ,02124,00002,47920,01,0,3307049,∫¿»≠¿æ ≥ªº∫∏Æ,0466,0006,47920,25031,1,±€∑Œπ˙Ω√∆º2,2,3,47920-62,58.1812,,466-6,47920,5,,
1,"16,500",¡ﬂ∞≥∞≈∑°,2013,2022,∫∏πÿ±Ê,00032,00000,47920,01,0,4772160,∫¿»≠¿æ ≥ªº∫∏Æ,0376,0001,47920,25031,1,∏Ìº∫ºæΩ√∫Ù2¬˜,2,4,47920-63,59.9944,∞Ê∫œ ∫¿»≠±∫,376-1,47920,13,,
2,"3,000",¡˜∞≈∑°,1995,2022,øπ∫¿∑Œ,02124,00000,47920,01,0,3307049,∫¿»≠¿æ ≥ªº∫∏Æ,0468,0000,47920,25031,1,∏Ìº∫,2,7,47920-5,52.35,,468,47920,6,,
3,"6,000",¡˜∞≈∑°,1994,2022,±≥√Ã2±Ê,00003,00000,47920,01,0,4772041,∫¿»≠¿æ ≥ªº∫∏Æ,0184,0005,47920,25031,1,∑Œæ‚3¬˜,2,14,47920-3,59.37,,184-5,47920,1,,
4,"4,700",¡˜∞≈∑°,1995,2022,∞≈√Ã∑Œ,00055,00000,47920,00,0,3324001,∫¿»≠¿æ ≥ªº∫∏Æ,0334,0000,47920,25031,1,∞°µÁ∏Ò»≠,2,22,47920-1,59.84,,334,47920,5,,
5,"8,000",¡˜∞≈∑°,1993,2022,≤…µø≥◊±Ê,00019,00014,47920,01,0,4772060,∫¿»≠¿æ ≥ªº∫∏Æ,0419,0033,47920,25031,1,µø∏Ì,2,24,47920-2,84.22,,419-33,47920,5,,
0,"5,500",¡˜∞≈∑°,1997,2022,≥ªº∫∑Œ3±Ê,00018,00001,47920,01,0,4772069,∫¿»≠¿æ ≥ªº∫∏Æ,0192,0004,47920,25031,1,ºº«ˆ,3,4,47920-9,59.02,,192-4,47920,5,,
1,"6,450",¡˜∞≈∑°,1989,2022,±≥√Ã±Ê,00051,00000,47920,01,0,4772042,∫¿»≠¿æ ≥ªº∫∏Æ,0449,0007,47920,25031,1,ªÔøµ,3,9,47920-81,58.71,,449-7,47920,3,,
2,"6,700",¡˜∞≈∑°,1994,2022,±≥√Ã2±Ê,00003,00000,47920,01,0,4772041,∫¿»≠¿æ ≥ªº∫∏Æ,0184,0005,47920,25031,1,∑Œæ‚3¬˜,3,17,47920-3,59.37,,184-5,47920,2,,
3,"9,300",¡˜∞≈∑°,1992,2022,±≥√Ã±Ê,00041,00000,47920,01,0,4772042,∫¿»≠¿æ ≥ªº∫∏Æ,0448,0000,47920,25031,1,"ªÔøµ(C,Dµø)",3,17,47920-8,84.84,,448,47920,3,,
4,"9,350",¡ﬂ∞≥∞≈∑°,1992,2022,±≥√Ã2±Ê,00005,00000,47920,01,0,4772041,∫¿»≠¿æ ≥ªº∫∏Æ,0181,0005,47920,25031,1,«—Ω≈∞°µÁ∏«º«,3,21,47920-10,84.82,∞Ê∫œ øµ¡÷Ω√,181-5,47920,5,,
5,"5,250",¡˜∞≈∑°,1989,2022,±≥√Ã±Ê,00051,00000,47920,01,0,4772042,∫¿»≠¿æ ≥ªº∫∏Æ,0449,0023,47920,25031,1,ªÔøµ(Aµø),3,21,47920-80,57.06,,449-23,47920,5,,
6,"18,400",¡˜∞≈∑°,2012,2022,øπ∫¿∑Œ,02124,00002,47920,01,0,3307049,∫¿»≠¿æ ≥ªº∫∏Æ,0466,0006,47920,25031,1,±€∑Œπ˙Ω√∆º2,3,24,47920-62,58.1812,,466-6,47920,7,,
7,"18,000",¡˜∞≈∑°,2012,2022,øπ∫¿∑Œ,02124,00002,47920,01,0,3307049,∫¿»≠¿æ ≥ªº∫∏Æ,0466,0006,47920,25031,1,±€∑Œπ˙Ω√∆º2,3,24,47920-62,58.1812,,466-6,47920,8,,
8,"9,500",¡˜∞≈∑°,1992,2022,±≥√Ã2±Ê,00005,00000,47920,01,0,4772041,∫¿»≠¿æ ≥ªº∫∏Æ,0181,0005,47920,25031,1,«—Ω≈∞°µÁ∏«º«,3,29,47920-10,84.82,,181-5,47920,5,,
0,"10,000",¡˜∞≈∑°,1992,2022,±≥√Ã±Ê,00041,00000,47920,01,0,4772042,∫¿»≠¿æ ≥ªº∫∏Æ,0448,0000,47920,25031,1,"ªÔøµ(C,Dµø)",4,1,47920-8,84.84,,448,47920,5,,
1,"16,300",¡˜∞≈∑°,2011,2022,±≥√Ã±Ê,00011,00000,47920,01,0,4772042,∫¿»≠¿æ ≥ªº∫∏Æ,0463,0001,47920,25031,1,∏Ìº∫ºæΩ√∫Ù,4,3,47920-57,59.9917,,463-1,47920,2,,
2,"22,500",¡˜∞≈∑°,2011,2022,±≥√Ã±Ê,00027,00001,47920,01,0,4772042,∫¿»≠¿æ ≥ªº∫∏Æ,0466,0002,47920,25031,1,∏æ∆¿ŒæÿΩ√∆º,4,6,47920-55,84.8597,,466-2,47920,2,,
0,"5,200",¡˜∞≈∑°,1993,2022,∞≈√Ã∑Œ,00047,00001,47920,00,0,3324001,∫¿»≠¿æ ≥ªº∫∏Æ,0332,0002,47920,25031,1,π›º€¡÷≈√,5,6,47920-7,58.84,,332-2,47920,3,,
1,"6,600",¡˜∞≈∑°,1992,2022,±≥√Ã2±Ê,00005,00000,47920,01,0,4772041,∫¿»≠¿æ ≥ªº∫∏Æ,0181,0005,47920,25031,1,«—Ω≈∞°µÁ∏«º«,5,17,47920-10,58.78,,181-5,47920,3,,
2,"4,000",¡ﬂ∞≥∞≈∑°,1991,2022,√·æÁ∑Œ,00225,00011,47920,01,0,3324022,√·æÁ∏È ¿«æÁ∏Æ,0197,0012,47920,34021,1,∞≠∫Ø,5,23,47920-11,54.74,∞Ê∫œ ∫¿»≠±∫,197-12,47920,5,,
0,"21,000",¡˜∞≈∑°,2016,2022,∫∏πÿ±Ê,00024,00008,47920,00,0,4772160,∫¿»≠¿æ ≥ªº∫∏Æ,0426,0033,47920,25031,1,∏Ì∞°≈∏øÓ,6,8,47920-86,58.27,,426-33,47920,4,,
1,"7,800",¡˜∞≈∑°,1992,2022,±≥√Ã±Ê,00041,00000,47920,01,0,4772042,∫¿»≠¿æ ≥ªº∫∏Æ,0448,0000,47920,25031,1,"ªÔøµ(C,Dµø)",6,10,47920-8,58.94,,448,47920,1,,
2,"16,700",¡˜∞≈∑°,2013,2022,∫∏πÿ±Ê,00032,00000,47920,01,0,4772160,∫¿»≠¿æ ≥ªº∫∏Æ,0376,0001,47920,25031,1,∏Ìº∫ºæΩ√∫Ù2¬˜,6,14,47920-63,59.9916,,376-1,47920,10,,
3,"5,000",¡˜∞≈∑°,1993,2022,≤…µø≥◊±Ê,00019,00014,47920,01,0,4772060,∫¿»≠¿æ ≥ªº∫∏Æ,0419,0033,47920,25031,1,µø∏Ì,6,29,47920-2,59.23,,419-33,47920,4,,
0,"20,000",¡˜∞≈∑°,2011,2022,±≥√Ã±Ê,00011,00000,47920,01,0,4772042,∫¿»≠¿æ ≥ªº∫∏Æ,0463,0001,47920,25031,1,∏Ìº∫ºæΩ√∫Ù,7,1,47920-57,74.3971,,463-1,47920,10,,
1,"4,900",¡ﬂ∞≥∞≈∑°,1993,2022,∞≈√Ã∑Œ,00047,00001,47920,00,0,3324001,∫¿»≠¿æ ≥ªº∫∏Æ,0332,0002,47920,25031,1,π›º€¡÷≈√,7,3,47920-7,58.84,∞Ê∫œ øµ¡÷Ω√,332-2,47920,5,,
2,"17,500",¡˜∞≈∑°,2016,2022,∫¿»≠∑Œ,01161,00015,47920,00,0,3309081,∫¿»≠¿æ ≥ªº∫∏Æ,0236,0065,47920,25031,1,ªÔ¡§≈∏øÓ,7,4,47920-84,59.7586,,236-65,47920,10,,
3,"5,200",¡˜∞≈∑°,1989,2022,±≥√Ã±Ê,00051,00000,47920,01,0,4772042,∫¿»≠¿æ ≥ªº∫∏Æ,0449,0007,47920,25031,1,ªÔøµ,7,5,47920-81,52.32,,449-7,47920,1,,
4,"5,500",¡˜∞≈∑°,1989,2022,±≥√Ã±Ê,00051,00000,47920,01,0,4772042,∫¿»≠¿æ ≥ªº∫∏Æ,0449,0007,47920,25031,1,ªÔøµ,7,11,47920-81,58.71,,449-7,47920,5,,
0,"3,000",¡˜∞≈∑°,1989,2022,±≥√Ã±Ê,00051,00000,47920,01,0,4772042,∫¿»≠¿æ ≥ªº∫∏Æ,0449,0023,47920,25031,1,ªÔøµ(Aµø),8,9,47920-80,48.42,,449-23,47920,5,,
1,"7,200",¡˜∞≈∑°,1995,2022,øπ∫¿∑Œ,02124,00000,47920,01,0,3307049,∫¿»≠¿æ ≥ªº∫∏Æ,0468,0000,47920,25031,1,∏Ìº∫,8,11,47920-5,59.79,,468,47920,1,,
0,"20,000",¡˜∞≈∑°,2013,2022,∫∏πÿ±Ê,00032,00000,47920,01,0,4772160,∫¿»≠¿æ ≥ªº∫∏Æ,0376,0001,47920,25031,1,∏Ìº∫ºæΩ√∫Ù2¬˜,9,19,47920-63,84.9829,,376-1,47920,5,,
0,"16,500",¡˜∞≈∑°,2013,2022,∫∏πÿ±Ê,00032,00000,47920,01,0,4772160,∫¿»≠¿æ ≥ªº∫∏Æ,0376,0001,47920,25031,1,∏Ìº∫ºæΩ√∫Ù2¬˜,10,1,47920-63,59.9944,,376-1,47920,12,,
1,"7,250",¡˜∞≈∑°,1992,2022,±≥√Ã±Ê,00041,00000,47920,01,0,4772042,∫¿»≠¿æ ≥ªº∫∏Æ,0448,0000,47920,25031,1,"ªÔøµ(C,Dµø)",10,6,47920-8,58.94,,448,47920,3,,
2,"6,000",¡˜∞≈∑°,1993,2022,∞≈√Ã∑Œ,00047,00001,47920,00,0,3324001,∫¿»≠¿æ ≥ªº∫∏Æ,0332,0002,47920,25031,1,π›º€¡÷≈√,10,19,47920-7,58.84,,332-2,47920,1,,
0,"4,700",¡˜∞≈∑°,1993,2022,∞≈√Ã∑Œ,00047,00001,47920,00,0,3324001,∫¿»≠¿æ ≥ªº∫∏Æ,0332,0002,47920,25031,1,π›º€¡÷≈√,11,2,47920-7,49.05,,332-2,47920,4,,
0,"5,000",¡˜∞≈∑°,1995,2022,øπ∫¿∑Œ,02124,00000,47920,01,0,3307049,∫¿»≠¿æ ≥ªº∫∏Æ,0468,0000,47920,25031,1,∏Ìº∫,12,2,47920-5,52.35,,468,47920,5,,
1,"4,950",¡ﬂ∞≥∞≈∑°,1991,2022,√·æÁ∑Œ,00225,00011,47920,01,0,3324022,√·æÁ∏È ¿«æÁ∏Æ,0197,0012,47920,34021,1,∞≠∫Ø,12,16,47920-11,54.74,∞Ê∫œ ∫¿»≠±∫,197-12,47920,5,,
0,"8,200",¡˜∞≈∑°,1992,2023,±≥√Ã2±Ê,00005,00000,47920,01,0,4772041,∫¿»≠¿æ ≥ªº∫∏Æ,0181,0005,47920,25031,1,«—Ω≈∞°µÁ∏«º«,1,4,47920-10,74.07,,181-5,47920,4,,
1,"11,500",¡˜∞≈∑°,2013,2023,∫∏πÿ±Ê,00032,00000,47920,01,0,4772160,∫¿»≠¿æ ≥ªº∫∏Æ,0376,0001,47920,25031,1,∏Ìº∫ºæΩ√∫Ù2¬˜,1,9,47920-63,59.9916,,376-1,47920,6,,
2,"11,900",¡ﬂ∞≥∞≈∑°,2016,2023,∫∏πÿ±Ê,00024,00008,47920,00,0,4772160,∫¿»≠¿æ ≥ªº∫∏Æ,0426,0033,47920,25031,1,∏Ì∞°≈∏øÓ,1,9,47920-86,39.95,∞Ê∫œ ∫¿»≠±∫,426-33,47920,10,,
0,"10,700",¡˜∞≈∑°,1992,2023,±≥√Ã±Ê,00041,00000,47920,01,0,4772042,∫¿»≠¿æ ≥ªº∫∏Æ,0448,0000,47920,25031,1,"ªÔøµ(C,Dµø)",2,7,47920-8,84.84,,448,47920,2,,
1,"22,300",¡ﬂ∞≥∞≈∑°,2016,2023,∫∏πÿ±Ê,00024,00008,47920,00,0,4772160,∫¿»≠¿æ ≥ªº∫∏Æ,0426,0033,47920,25031,1,∏Ì∞°≈∏øÓ,2,7,47920-86,80.31,∞Ê∫œ ∫¿»≠±∫,426-33,47920,5,,
2,"7,300",¡˜∞≈∑°,1992,2023,±≥√Ã2±Ê,00005,00000,47920,01,0,4772041,∫¿»≠¿æ ≥ªº∫∏Æ,0181,0005,47920,25031,1,«—Ω≈∞°µÁ∏«º«,2,8,47920-10,58.78,,181-5,47920,2,,
3,"17,200",¡ﬂ∞≥∞≈∑°,2013,2023,∫∏πÿ±Ê,00032,00000,47920,01,0,4772160,∫¿»≠¿æ ≥ªº∫∏Æ,0376,0001,47920,25031,1,∏Ìº∫ºæΩ√∫Ù2¬˜,2,9,47920-63,59.9916,∞Ê∫œ ∫¿»≠±∫,376-1,47920,7,,
4,"11,000",¡˜∞≈∑°,1997,2023,≤…µø≥◊±Ê,00023,00000,47920,00,0,4772060,∫¿»≠¿æ ≥ªº∫∏Æ,0419,0007,47920,25031,1,∏Ìº∫¿Âø¯,2,27,47920-6,59.73,,419-7,47920,15,,
0,"30,000",¡˜∞≈∑°,2015,2023,∫∏πÿ±Ê,00024,00005,47920,01,0,4772160,∫¿»≠¿æ ≥ªº∫∏Æ,0376,0006,47920,25031,1,∏Ì∞°(376-1),3,17,47920-74,84.499,,376-6,47920,10,,
1,"3,000",¡˜∞≈∑°,1993,2023,∞≈√Ã∑Œ,00047,00001,47920,00,0,3324001,∫¿»≠¿æ ≥ªº∫∏Æ,0332,0002,47920,25031,1,π›º€¡÷≈√,3,24,47920-7,49.05,,332-2,47920,3,,
